T  (s),CL1cBAK2,CL2polyAC,CL3cBAK2,CL4polyAC,CL5cBAK2,CL6polyAC,CL7cBAK2,CL8polyAC,Inj.,Val.
8.379999,4386.914551,4601.634766,4184.875488,345.173035,-762.483154,-647.033264,-413.037933,-2225.150146,1.0,3.0
11.82,4393.239258,4601.821777,4183.955078,343.401398,-763.94751,-647.290405,-412.299713,-2224.224121,1.0,3.0
15.78,4395.126465,4602.858887,4183.729492,343.831451,-764.167542,-647.771118,-412.933594,-2225.789551,1.0,3.0
19.279999,4392.913574,4601.254395,4182.666016,343.852783,-764.231812,-645.782043,-411.866364,-2225.22998,1.0,3.0
22.779999,4393.102539,4601.171387,4183.799316,343.49826,-764.728455,-642.232422,-409.667633,-2214.053467,1.0,3.0
26.719999,4394.185547,4601.463867,4183.500977,342.033691,-764.753479,-642.623047,-397.146606,-2199.440186,1.0,3.0
30.279999,4392.342285,4600.710449,4183.426758,342.305756,-759.812622,-623.30658,-377.205292,-2183.599365,1.0,3.0
33.779999,4392.015625,4600.649902,4183.916016,353.221008,-737.967712,-606.340271,-370.140381,-2191.234375,1.0,3.0
37.32,4392.044922,4601.992187,4186.748047,379.897125,-732.769653,-612.087952,-381.622803,-2217.742187,1.0,3.0
40.779999,4399.463867,4615.972656,4192.835449,374.237976,-744.539185,-644.328918,-412.539398,-2241.017334,1.0,3.0
44.970001,4406.107422,4614.119629,4191.6875,339.592163,-780.191711,-669.469238,-425.422485,-2234.719238,1.0,3.0
48.470001,4406.640137,4599.819336,4180.720703,324.354706,-781.491394,-664.41687,-419.446564,-2220.265381,1.0,3.0
51.919998,4385.856934,4593.960449,4178.655762,327.889709,-772.793213,-661.951172,-418.10611,-2234.633545,1.0,3.0
55.419998,4387.252441,4596.099609,4181.021973,332.167297,-775.596802,-661.182983,-416.764404,-2235.162354,1.0,3.0
58.919998,4396.498535,4596.442871,4180.888672,332.193329,-775.702942,-661.550232,-417.690155,-2235.10791,1.0,3.0
62.419998,4389.516602,4596.321289,4180.773437,331.795441,-775.068787,-660.819458,-415.661926,-2234.932373,1.0,3.0
65.919998,4389.658203,4595.743164,4180.407227,332.092682,-774.97113,-659.802612,-415.007233,-2233.905762,1.0,3.0
69.419998,4389.118164,4594.439941,4179.286133,332.439392,-774.003296,-658.661499,-413.245422,-2231.656494,1.0,3.0
72.879997,4388.049805,4593.181641,4180.097168,334.055054,-771.634644,-656.446228,-410.736359,-2230.150635,1.0,3.0
76.379997,4388.691895,4591.866699,4180.384766,335.410858,-769.542114,-654.289734,-408.869049,-2229.886963,1.0,3.0
79.879997,4388.474609,4591.578125,4180.266602,336.62796,-768.132996,-652.652466,-409.65979,-2228.981934,1.0,3.0
83.379997,4395.194824,4591.291992,4181.134766,337.188782,-766.454834,-651.318237,-407.709625,-2228.475098,1.0,3.0
86.879997,4395.276367,4590.585937,4180.624512,338.799591,-765.899902,-650.670471,-410.635223,-2227.11792,1.0,3.0
90.379997,4389.209473,4589.668945,4181.30127,338.41275,-762.609741,-649.362183,-406.809875,-2225.770264,1.0,3.0
93.919998,4393.727051,4590.69043,4181.04834,339.105377,-764.492187,-649.227478,-405.966003,-2226.420898,1.0,3.0
97.470001,4392.730469,4587.738281,4178.687012,341.196625,-762.963074,-646.361633,-404.381409,-2226.762939,1.0,3.0
100.970001,4387.473145,4587.530762,4177.989258,341.672272,-760.907654,-644.921997,-404.199066,-2224.421387,1.0,3.0
104.470001,4390.0625,4584.722656,4175.861328,343.662384,-759.55658,-639.81073,-399.316376,-2220.277832,1.0,3.0
107.970001,4386.867187,4586.825195,4176.651855,351.617798,-747.879089,-630.374634,-382.52124,-2199.056396,1.0,3.0
111.470001,4391.603516,4593.925293,4186.576172,376.506622,-716.427673,-589.651978,-328.185669,-2148.863037,1.0,3.0
115.029999,4406.362305,4615.658203,4202.757324,453.242828,-632.355652,-499.543152,-237.903717,-2061.382812,1.0,3.0
118.919998,4473.352051,4686.248047,4241.557617,631.36438,-458.707336,-351.97168,-132.959793,-1991.070557,1.0,3.0
122.470001,4503.125977,4724.412109,4228.686035,611.014038,-528.252808,-419.960449,-196.257919,-2011.42981,1.0,3.0
125.970001,4360.76709,4587.671387,4156.296875,488.405365,-696.191223,-605.969666,-293.715271,-2021.503418,1.0,3.0
129.570007,4410.803223,4613.693848,4263.546387,186.28952,-861.793213,-666.553345,-319.445557,-2331.746338,1.0,3.0
133.470001,4308.329102,4391.133301,4122.918945,24.946985,-897.968506,-1138.789429,-616.475952,-3178.259277,1.0,3.0
136.970001,4609.285156,4099.199707,4035.701904,-348.754333,-1271.204834,-979.748352,-665.361023,-3907.708984,1.0,3.0
140.919998,4055.46167,4129.990234,3884.935059,-104.764755,-1060.380615,-923.349915,-1951.252808,-5110.714844,1.0,3.0
144.470001,3180.955811,3885.72583,3413.276855,864.825317,-973.66925,-1461.451782,-1754.441406,-5235.123047,1.0,3.0
148.070007,3245.990479,4604.049316,4358.052246,749.092468,-493.501892,-526.453247,-251.047256,-2690.637207,1.0,3.0
151.570007,4068.666504,4639.118164,4206.079102,841.51593,-182.702713,-119.33316,-122.50489,-2306.44751,1.0,3.0
155.130005,2612.459473,4549.678711,4106.978027,833.766418,-300.830383,-125.679222,33.583714,-2823.971924,1.0,3.0
158.630005,3309.371582,4285.951172,4589.560547,-21.083492,-687.11676,-595.826355,-2328.19751,-4690.434082,1.0,3.0
162.169998,4255.518555,4320.88916,635.857178,-2480.699219,-2039.183594,-836.269043,-1284.783691,-7433.156738,1.0,3.0
165.720001,3383.637695,4282.348633,4209.201172,949.469666,-399.910583,-430.106018,-1164.552856,-6381.306152,1.0,3.0
169.279999,3723.951172,4070.824707,3828.434082,752.800049,-200.647797,-680.46875,-1599.079834,-6168.336914,1.0,3.0
172.779999,3739.744385,4686.415039,4262.829102,923.297913,-415.247894,-430.292664,-937.662048,-6691.71582,1.0,3.0
176.320007,4056.604492,4238.986328,3954.166016,955.445312,-60.889885,-215.953751,-727.605225,-7170.415527,1.0,3.0
179.880005,3843.669434,4387.995117,4121.603027,685.989502,-320.700409,-392.376587,-813.996826,-7134.57373,1.0,3.0
183.419998,4200.217773,4438.673828,4061.178467,461.030609,-565.592957,-561.770447,-988.681702,-6990.738281,1.0,3.0
186.970001,4140.342773,4238.856934,3891.024902,322.33194,-719.707458,-722.303833,-1192.94104,-6829.184082,1.0,3.0
190.470001,3872.618652,4196.387695,3746.73999,273.701782,-835.671082,-810.029724,-1205.840942,-6745.157227,1.0,3.0
193.970001,3785.40918,4181.836426,3652.577881,224.53302,-888.249268,-812.797791,-1097.718872,-6672.147949,1.0,3.0
197.470001,3708.179199,4159.441895,3663.413574,184.800842,-888.047241,-783.719604,-954.71405,-6585.609375,1.0,3.0
200.970001,3570.404541,4173.50293,3724.377441,186.474762,-886.689636,-755.033691,-901.269348,-6501.850098,1.0,3.0
204.529999,3429.923584,4180.293457,3799.234863,150.087173,-903.914612,-758.620117,-867.049622,-6399.781738,1.0,3.0
207.970001,3387.71875,4225.585449,3867.824951,117.124054,-968.307678,-796.749756,-868.25,-6299.416504,1.0,3.0
211.529999,3369.936523,4237.736328,3930.249268,102.980904,-987.395874,-819.961487,-839.692566,-6231.304199,1.0,3.0
215.029999,3421.783447,4267.646484,3966.836426,110.280998,-996.298584,-858.797546,-797.933655,-6162.136719,1.0,3.0
218.529999,3490.065674,4282.02832,3973.292236,119.182526,-998.320435,-898.649292,-793.227173,-6100.01123,1.0,3.0
222.029999,3574.230713,4291.666504,3980.848389,104.087006,-1017.759399,-948.665771,-808.136292,-6027.697266,1.0,3.0
225.529999,3639.57251,4281.419922,3949.286865,106.725105,-1063.372681,-1011.595825,-818.412537,-5944.035645,1.0,3.0
229.029999,3636.137207,4272.329102,3942.847168,68.170631,-1100.782593,-1075.453857,-851.050781,-5862.032715,1.0,3.0
232.470001,3732.881348,4265.630859,3940.794678,14.181868,-1166.644043,-1159.155273,-882.20929,-5745.311035,1.0,3.0
235.970001,3710.545898,4273.625488,3970.311523,-17.778713,-1236.821167,-1218.617798,-914.972351,-5608.277832,1.0,3.0
239.470001,3703.57373,4285.222656,3956.905762,-40.59491,-1267.104248,-1245.008667,-935.189941,-5499.760254,1.0,3.0
242.919998,3715.158203,4287.169434,3979.054687,-58.413128,-1281.721924,-1275.944458,-956.49353,-5406.056152,1.0,3.0
246.419998,3689.919678,4281.960937,4005.298584,-72.834038,-1307.419556,-1296.721558,-964.564636,-5294.668457,1.0,3.0
249.880005,3709.797119,4276.18457,3991.189697,-102.36203,-1330.810791,-1321.838379,-996.615784,-5156.331543,1.0,3.0
253.380005,3754.642334,4274.464355,4005.922607,-134.468246,-1365.269287,-1345.959595,-1019.71936,-4985.286621,1.0,3.0
256.880005,3761.108643,4274.110352,4019.175293,-163.162903,-1413.68689,-1386.508301,-1032.597412,-4780.680664,1.0,3.0
260.380005,3804.428711,4278.930176,3950.414795,-191.161163,-1445.845459,-1409.028564,-1067.629395,-4656.098145,1.0,3.0
263.880005,3871.886719,4280.348633,4016.542969,-205.401505,-1465.57666,-1440.629272,-1092.455444,-4518.117187,1.0,3.0
267.380005,3907.685303,4288.745605,4004.291504,-224.640366,-1486.620239,-1450.623901,-1088.786499,-4452.185059,1.0,3.0
270.820007,3933.581299,4290.949707,4004.309814,-246.051392,-1501.977539,-1482.457275,-1126.066284,-4340.609375,1.0,3.0
274.320007,3960.13623,4292.85498,4002.913574,-263.477753,-1536.363892,-1491.295288,-1156.494263,-4256.817871,1.0,3.0
277.820007,3972.768066,4310.395508,4000.680908,-300.030792,-1571.233276,-1483.494019,-1085.574951,-4765.599609,1.0,3.0
281.279999,3942.338623,4290.489258,3985.850098,-250.551895,-1476.807861,-1356.946777,-1254.529175,-4600.73584,1.0,3.0
284.779999,3875.420654,4274.205566,3991.327637,-260.346283,-1432.7323,-1350.74646,-1126.608643,-4780.023926,1.0,3.0
288.279999,4016.247559,4324.130371,3971.812256,-271.324127,-1417.919678,-1271.019409,-2309.74585,-4681.298828,1.0,3.0
291.779999,3892.042236,4192.147949,3968.945068,-273.967194,-1389.949097,-1367.762085,-3266.952148,-4225.733398,1.0,3.0
295.279999,3857.968994,4114.114746,3818.136475,-285.49469,-1589.001099,-1795.00061,-3270.007324,-4170.642578,1.0,3.0
298.779999,3836.623291,4017.575684,3751.317627,-422.131012,-1525.056274,-1846.233521,-3664.013672,-4034.776611,1.0,3.0
302.220001,3753.174072,4017.332764,3715.93457,-472.576813,-1579.814941,-1794.617187,-3577.947998,-4075.650146,1.0,3.0
305.720001,3729.211426,4009.80542,3684.646484,-479.752655,-1624.769897,-1870.453979,-3703.318848,-4038.059082,1.0,3.0
309.220001,3737.718506,3985.40625,3654.525146,-541.456055,-1714.826294,-2085.92627,-3913.971924,-3962.173584,1.0,3.0
312.720001,3745.245117,3935.209961,3594.375,-674.227844,-1873.990967,-2215.888428,-3966.691895,-3946.603271,1.0,3.0
316.170013,3790.512939,3949.969727,3586.180176,-682.289795,-1848.428589,-2275.95752,-4038.713623,-3921.32666,1.0,3.0
319.670013,3770.211914,3947.982422,3588.945312,-733.030029,-1932.558472,-2323.122314,-3894.888184,-3879.937012,1.0,3.0
323.130005,3791.838867,3936.990967,3586.868896,-715.603271,-1876.817261,-2185.361572,-3953.930176,-3954.923584,1.0,3.0
326.630005,3818.950439,3960.483887,3600.658936,-634.872681,-1764.557007,-1975.51709,-3875.631592,-3973.004639,1.0,3.0
330.130005,3817.232666,3975.300781,3648.494141,-586.841003,-1722.237915,-1994.071167,-3937.386475,-3885.691406,1.0,3.0
333.630005,3791.634033,3945.653076,3634.659668,-606.714661,-1765.172974,-2022.35437,-3900.0979,-3943.136719,1.0,3.0
337.130005,3794.766113,3973.965088,3658.472656,-609.770386,-1704.952026,-1892.876709,-3794.823486,-3962.107422,1.0,3.0
340.630005,3809.005615,4007.964844,3660.935547,-598.119629,-1686.068359,-1856.007812,-3841.194092,-3935.753906,1.0,3.0
344.130005,3806.246094,3976.69873,3645.387207,-582.310181,-1677.231201,-1820.385864,-3735.099365,-3955.837158,1.0,3.0
347.670013,3816.266113,3987.896973,3674.577881,-576.722229,-1616.478027,-1644.641235,-3550.720215,-4001.990967,1.0,3.0
351.130005,3837.510498,4004.696289,3725.499756,-550.577515,-1576.253662,-1613.060181,-3485.881348,-3993.77417,1.0,3.0
354.630005,3836.321045,4000.568359,3747.024902,-533.308533,-1570.71936,-1562.685547,-3413.015381,-3998.59082,1.0,3.0
358.130005,3850.708496,4017.7146,3744.593262,-532.378784,-1562.100464,-1489.323486,-3253.362793,-4044.129395,1.0,3.0
361.670013,3826.610107,4019.894043,3775.23877,-507.256683,-1544.181641,-1430.908813,-3094.026367,-4069.69165,1.0,3.0
365.170013,3843.943115,4031.908691,3760.230225,-524.105164,-1562.056396,-1407.415405,-2999.128418,-4069.154541,1.0,3.0
368.630005,3858.572998,4039.279297,3793.540527,-517.940002,-1558.934937,-1383.009155,-2854.373779,-4089.215088,1.0,3.0
372.170013,3858.381836,4040.841797,3814.152832,-551.800903,-1552.059692,-1363.279663,-2621.277832,-4131.444336,1.0,3.0
375.630005,3879.767334,4044.125488,3823.278564,-549.736206,-1576.693359,-1372.44751,-2472.595215,-4146.790527,1.0,3.0
379.130005,3872.851074,4055.648193,3840.318359,-549.577148,-1596.361938,-1388.833252,-2486.256348,-4115.237305,1.0,3.0
382.630005,3867.814941,4069.077148,3847.077148,-558.736694,-1608.775146,-1411.220337,-2361.37085,-4146.407227,1.0,3.0
386.130005,3884.420898,4065.7771,3849.820557,-567.827026,-1639.583496,-1420.739502,-2186.386719,-4174.351562,1.0,3.0
389.670013,3881.633789,4053.883789,3864.53833,-578.235718,-1686.530029,-1445.283936,-2158.506104,-4152.984375,1.0,3.0
393.170013,3875.242187,4058.758789,3876.399414,-597.125488,-1687.815552,-1481.200684,-2114.098877,-4162.668945,1.0,3.0
396.630005,3877.283691,4073.199951,3876.560547,-560.708801,-1701.219238,-1462.198364,-2065.2229,-4145.650391,1.0,3.0
400.130005,3877.675049,4058.593506,3878.365234,-601.711731,-1716.667969,-1480.737427,-2051.314697,-4131.140137,1.0,3.0
403.630005,3885.822266,4073.227783,3838.703857,-633.403137,-1736.261597,-1523.619751,-2028.688354,-4136.252441,1.0,3.0
407.130005,3891.226074,4072.533936,3830.08374,-643.269165,-1751.527344,-1519.780273,-2058.7771,-4129.125488,1.0,3.0
410.630005,3904.83252,4074.931396,3873.200439,-648.299683,-1771.196899,-1528.722412,-2020.039307,-4117.349121,1.0,3.0
414.130005,3901.687256,4067.696533,3876.911621,-649.989075,-1782.996216,-1564.866089,-2039.859375,-4096.46582,1.0,3.0
417.630005,3916.070801,4069.334961,3887.492432,-715.730225,-1793.240967,-1575.006104,-2023.987915,-4088.548828,1.0,3.0
421.130005,3914.216309,4070.993408,3874.962158,-685.874207,-1814.629761,-1564.307495,-1998.921997,-4089.691895,1.0,3.0
424.630005,3898.101562,4069.610596,3906.64209,-701.859558,-1819.311279,-1602.018921,-2012.290405,-4069.096924,1.0,3.0
428.130005,3918.002686,4038.85083,3888.056885,-709.217712,-1829.743042,-1592.087769,-2002.65332,-4064.001709,1.0,3.0
432.220001,3926.498291,4076.928711,3880.635742,-719.295166,-1852.093994,-1611.181641,-2017.337036,-3945.306641,1.0,3.0
435.670013,3936.523437,4063.554687,3873.769531,-725.007263,-1861.722534,-1619.54126,-2072.656738,-4010.351562,1.0,3.0
439.130005,3925.958252,4060.405762,3899.177002,-707.388733,-1879.9104,-1626.643921,-2008.417236,-4015.127197,1.0,3.0
442.570007,3937.732666,4068.082031,3863.741699,-756.577759,-1887.900269,-1638.117065,-2075.025635,-3998.792969,1.0,3.0
446.029999,3935.693359,4067.660645,3881.846436,-763.58728,-1896.685303,-1649.073853,-2059.241455,-3975.633301,1.0,3.0
449.470001,3938.540527,4056.137939,3885.414062,-760.17157,-1884.488525,-1681.99292,-2048.32959,-3974.008057,1.0,3.0
452.920013,3941.241943,4061.166016,3886.267578,-805.412659,-1904.730103,-1657.559692,-2108.279785,-3937.793213,1.0,3.0
456.380005,3949.89624,4060.969482,3883.109375,-766.162598,-1926.111938,-1661.469971,-2144.743652,-3972.278076,1.0,3.0
459.880005,3966.713135,4037.838867,3864.866455,-809.409424,-1920.95752,-1649.122803,-2117.833496,-3908.069824,1.0,3.0
463.380005,3933.858643,4058.126953,3873.960449,-811.444458,-1925.282959,-1664.256592,-2137.86792,-3904.246094,1.0,3.0
466.880005,3866.552979,4034.699463,3874.266357,-823.127136,-1934.856323,-1686.850464,-2147.244141,-3882.219727,1.0,3.0
470.380005,3956.168945,4041.890625,3877.222412,-818.934692,-1966.03772,-1697.63208,-2182.861816,-3880.343018,1.0,3.0
473.880005,3973.155762,4048.479004,3896.595947,-845.906189,-1945.151978,-1707.753052,-2213.167725,-3837.57959,1.0,3.0
477.380005,3958.374756,4042.519043,3858.275879,-845.839417,-1986.650757,-1709.39502,-2261.786621,-3827.758057,1.0,3.0
480.880005,3944.397705,4024.329346,3870.859863,-850.6474,-1960.576294,-1713.105835,-2282.486084,-3835.075928,1.0,3.0
484.380005,3939.040039,4046.85791,3877.532471,-844.632263,-1977.979126,-1714.069214,-2214.529541,-3845.83374,1.0,3.0
487.970001,3978.185059,4061.867676,3895.635254,-909.408813,-2067.767334,-1738.671143,-2373.520752,-3714.082275,2.0,1.0
491.470001,3939.774414,4068.159424,3876.768066,-845.873596,-2020.248657,-1765.787231,-2280.718018,-3680.958008,2.0,1.0
494.970001,3978.686279,4032.124512,3869.447021,-901.225098,-1987.175537,-1743.390015,-2203.421143,-3840.556152,2.0,1.0
498.470001,3985.929687,4040.000732,3882.471191,-882.527832,-2009.037476,-1760.229126,-2286.854492,-3810.923828,2.0,1.0
501.970001,3979.051758,4064.296387,3869.171387,-883.219788,-2008.304687,-1786.13562,-2340.294678,-3783.36084,2.0,1.0
505.529999,3978.945068,4045.901611,3870.351074,-888.829651,-2018.000488,-1757.408569,-2382.44873,-3769.836182,2.0,1.0
509.029999,3993.079346,4046.279541,3870.501709,-880.90741,-2021.467896,-1751.641113,-2357.138184,-3769.402588,2.0,1.0
512.530029,3961.706543,4046.69165,3868.388672,-904.936218,-2007.476929,-1761.23291,-2398.962891,-3754.303223,2.0,1.0
516.030029,3963.037109,4030.908691,3889.013672,-912.029724,-2031.626709,-1771.427246,-2438.997559,-3712.211914,2.0,1.0
519.530029,3980.841064,4057.148926,3874.624512,-937.889893,-2024.363037,-1788.344971,-2478.374023,-3661.960693,2.0,1.0
523.070007,3976.885498,4054.32373,3872.738037,-920.200012,-2020.213013,-1944.7229,-2287.722656,-3611.047607,2.0,1.0
526.530029,3945.232422,4063.674316,3867.941895,-873.104492,-2020.542236,-2304.126465,-1830.198608,-3545.600342,2.0,1.0
529.969971,3949.844727,4168.827637,3846.755859,-937.764465,-2193.55127,-1979.096558,-1676.05957,-3096.054199,2.0,1.0
533.469971,4021.55835,4214.271484,3917.299805,-855.92395,-2080.37207,-1751.271851,-1512.984131,-3115.258057,2.0,1.0
537.030029,4040.756836,4224.880371,3932.56665,-770.339844,-1959.827271,-1677.859619,-1252.938354,-2890.842773,2.0,1.0
540.469971,4049.625732,4249.993652,3849.044434,-720.253784,-1762.077148,-1475.676147,-1057.177856,-2736.861328,2.0,1.0
543.969971,4060.965088,4243.028809,3803.39209,-513.082703,-1514.204346,-1276.847046,-875.439087,-2708.602539,2.0,1.0
547.419983,4110.946777,4329.209961,3735.14209,-284.975739,-1312.4375,-1155.809692,-789.949707,-2748.567383,2.0,1.0
550.919983,4070.39502,4404.257324,3741.876709,-140.968765,-1203.80896,-1088.527222,-823.497864,-2755.046143,2.0,1.0
554.380005,4108.993164,4467.192871,3853.81958,-89.065613,-1147.685913,-1081.197144,-830.517578,-2755.631104,2.0,1.0
557.880005,4138.07959,4502.148437,3963.758789,-66.676605,-1122.084473,-1054.231689,-793.437866,-2666.467285,2.0,1.0
561.380005,4271.733398,4533.217773,4032.580322,-18.988472,-1087.774048,-1046.234985,-780.802002,-2655.573486,2.0,1.0
564.880005,4272.652832,4580.628418,4094.833984,18.631577,-1092.651245,-1060.621826,-741.56543,-2628.197754,2.0,1.0
568.320007,4295.774414,4620.727539,4119.842285,4.05819,-1102.623169,-1035.011963,-718.81488,-2606.111328,2.0,1.0
571.820007,4329.552734,4631.794434,4121.097168,14.426078,-1069.53772,-1005.162292,-685.184448,-2572.563232,2.0,1.0
575.280029,4336.209961,4633.435547,4123.703125,48.466694,-1045.351318,-985.910156,-669.593872,-2541.042725,2.0,1.0
578.780029,4337.629395,4641.80127,4131.70459,66.271606,-1029.956787,-970.853027,-657.807251,-2531.362305,2.0,1.0
582.280029,4340.986816,4647.448242,4133.263672,79.722748,-1017.232056,-956.101929,-649.164612,-2513.683105,2.0,1.0
585.780029,4341.826172,4649.263672,4137.391113,91.498283,-1005.333679,-942.384949,-640.190857,-2499.412842,2.0,1.0
589.280029,4342.147949,4649.830078,4139.362793,102.275665,-994.423279,-929.240356,-631.1297,-2489.438477,2.0,1.0
592.820007,4344.908203,4651.22998,4141.566406,112.602715,-983.588623,-916.18512,-621.340332,-2476.372314,2.0,1.0
596.380005,4346.094727,4651.416504,4145.803711,124.571846,-972.155823,-903.380188,-611.253174,-2467.766113,2.0,1.0
599.919983,4346.88916,4652.105469,4146.480469,134.618256,-962.302795,-890.629883,-601.568848,-2455.924072,2.0,1.0
603.419983,4347.836914,4652.82373,4147.808105,144.571121,-952.75824,-879.727112,-592.577087,-2446.177979,2.0,1.0
606.969971,4349.279785,4653.638672,4148.508301,153.911285,-943.15802,-867.568359,-584.75769,-2435.945801,2.0,1.0
610.469971,4350.975586,4653.870117,4151.353516,164.057083,-934.996826,-858.03064,-576.866272,-2426.915283,2.0,1.0
613.969971,4351.351074,4654.266602,4151.682129,172.972855,-926.647827,-848.183777,-569.909973,-2417.505859,2.0,1.0
617.530029,4352.905273,4655.094238,4152.448242,181.021759,-919.782776,-838.891785,-562.943176,-2408.760986,2.0,1.0
621.070007,4353.558594,4655.291992,4154.039062,187.50444,-912.896545,-831.298279,-557.056335,-2400.460449,2.0,1.0
624.530029,4354.71875,4655.929687,4155.311523,195.324936,-906.529663,-824.211609,-550.965332,-2393.109131,2.0,1.0
627.969971,4355.54541,4656.299316,4156.1875,202.29155,-900.289246,-816.744263,-546.354126,-2388.734375,2.0,1.0
631.469971,4356.678223,4656.200195,4157.825684,205.653427,-895.444397,-810.919678,-540.984131,-2383.151123,2.0,1.0
634.969971,4357.928223,4657.227051,4157.455078,211.296524,-891.13324,-805.650208,-537.65387,-2378.59375,2.0,1.0
638.530029,4359.050293,4657.628418,4157.438965,217.316269,-887.009094,-801.1474,-534.031921,-2373.557373,2.0,1.0
642.030029,4359.490723,4657.710449,4157.334473,221.372696,-884.038391,-797.060791,-530.816406,-2371.255127,2.0,1.0
645.530029,4360.01123,4658.354492,4157.802734,225.242645,-882.043823,-794.332275,-529.692871,-2368.472168,2.0,1.0
649.070007,4361.195801,4658.640625,4159.180664,226.280273,-879.617737,-791.292969,-527.308594,-2367.127686,2.0,1.0
652.570007,4362.046875,4658.606934,4158.23877,229.007141,-877.078918,-789.157593,-526.186707,-2364.053223,2.0,1.0
656.130005,4362.459473,4658.599609,4159.249512,231.818466,-875.160095,-787.276978,-524.162354,-2362.217285,2.0,1.0
659.630005,4362.967773,4658.385254,4159.73291,232.585129,-874.99115,-786.428955,-524.836487,-2362.80542,2.0,1.0
663.130005,4362.683105,4657.896484,4159.234375,233.008545,-873.69696,-785.126343,-523.425964,-2361.596191,2.0,1.0
666.630005,4363.028809,4657.46875,4159.52002,234.215485,-873.667786,-785.07074,-524.249084,-2361.977051,2.0,1.0
670.130005,4363.023437,4657.004395,4159.291016,234.922241,-873.369873,-784.539062,-524.659058,-2360.567383,2.0,1.0
673.630005,4362.684082,4656.662109,4159.71582,235.453857,-873.860779,-784.589111,-524.702576,-2362.435791,2.0,1.0
677.130005,4362.75,4655.974609,4159.233398,235.043427,-874.02594,-784.615662,-524.670227,-2362.746338,2.0,1.0
680.630005,4359.581543,4655.378906,4159.461914,234.975708,-874.768311,-785.293579,-524.984924,-2363.294189,2.0,1.0
684.169983,4363.067383,4655.5625,4159.369629,233.340149,-875.593872,-785.655151,-525.00177,-2362.399414,2.0,1.0
687.630005,4362.219238,4655.04834,4158.378906,233.143799,-877.760864,-786.798096,-527.414001,-2365.054687,2.0,1.0
691.169983,4363.020508,4654.602051,4158.987305,231.701096,-878.062439,-788.055725,-529.020325,-2365.42749,2.0,1.0
694.669983,4362.956543,4654.185547,4158.375,231.271545,-878.960022,-788.851257,-530.091309,-2366.384521,2.0,1.0
698.169983,4359.046875,4653.947754,4158.965332,229.532211,-880.702026,-790.208862,-531.445862,-2367.99585,2.0,1.0
701.630005,4358.782715,4653.280762,4159.057129,228.538071,-881.601562,-791.771057,-533.006592,-2369.387451,2.0,1.0
705.169983,4358.60791,4652.776855,4158.719727,226.481522,-884.061829,-793.657593,-534.689575,-2369.454102,2.0,1.0
708.669983,4358.294922,4651.981445,4158.903809,224.602676,-885.719604,-795.652161,-536.423279,-2371.854004,2.0,1.0
712.169983,4357.225098,4651.02832,4158.5625,222.13765,-888.029358,-798.248596,-538.317993,-2372.940186,2.0,1.0
715.719971,4357.566406,4650.624023,4158.25293,219.376862,-890.547485,-800.396057,-540.15918,-2375.691406,2.0,1.0
719.280029,4356.444824,4649.725586,4157.845703,218.783813,-892.2901,-802.385315,-542.466675,-2377.928467,2.0,1.0
722.820007,4356.270996,4649.136719,4158.028809,214.833267,-895.253052,-804.917175,-545.315735,-2379.813965,2.0,1.0
726.380005,4355.980957,4647.979004,4157.150879,213.725845,-896.531982,-807.101196,-547.159851,-2382.574219,2.0,1.0
729.880005,4356.473145,4647.616699,4157.151855,211.276566,-899.433777,-810.203674,-549.146484,-2384.410156,2.0,1.0
733.380005,4355.404785,4646.717285,4156.797852,208.941544,-901.053772,-812.484802,-550.518738,-2386.595215,2.0,1.0
736.880005,4354.800781,4645.838379,4156.019043,206.523392,-903.893738,-814.8479,-553.118652,-2389.346924,2.0,1.0
740.419983,4356.085937,4644.966309,4155.59375,203.277832,-906.763123,-817.792358,-556.402588,-2389.687744,2.0,1.0
743.919983,4353.87793,4643.400391,4154.61084,200.091431,-909.579163,-821.269409,-558.888123,-2392.556396,2.0,1.0
747.469971,4353.125977,4642.161133,4153.606445,197.760208,-911.930481,-823.837524,-560.951538,-2395.468506,2.0,1.0
750.969971,4353.461426,4641.476074,4154.464844,196.013,-914.109497,-826.256775,-563.252136,-2397.041016,2.0,1.0
754.469971,4352.581055,4640.602539,4153.784668,190.996689,-917.321289,-829.151123,-565.567505,-2399.940674,2.0,1.0
757.969971,4351.84668,4639.744141,4153.226562,188.036957,-920.104614,-832.210388,-568.004211,-2400.824707,2.0,1.0
761.530029,4351.815918,4638.645508,4153.243164,186.866241,-922.512207,-835.200745,-570.609192,-2405.754639,2.0,1.0
765.030029,4351.216797,4637.939453,4152.222656,183.975769,-924.693787,-837.405273,-573.176025,-2405.518311,2.0,1.0
768.530029,4351.845215,4637.033691,4152.224609,180.733459,-927.815308,-840.701538,-575.713806,-2407.916016,2.0,1.0
771.969971,4351.024902,4636.31543,4151.575684,178.257629,-929.984558,-843.354858,-578.201477,-2410.795898,2.0,1.0
775.469971,4349.259766,4635.462402,4150.113281,173.865143,-933.091492,-846.731689,-580.021057,-2412.847656,2.0,1.0
778.969971,4350.234375,4635.217773,4149.480957,171.523026,-935.357788,-849.393738,-582.824402,-2414.166016,2.0,1.0
782.469971,4350.161133,4633.784668,4149.389648,168.607315,-937.532349,-851.820984,-584.909119,-2414.402344,2.0,1.0
785.919983,4349.633301,4633.533691,4148.508301,166.39267,-939.864441,-854.461548,-587.788208,-2416.58374,2.0,1.0
789.419983,4350.404785,4632.579102,4148.489258,163.381088,-942.57959,-857.537109,-588.449219,-2421.247803,2.0,1.0
792.880005,4349.216309,4631.98291,4148.438477,162.02739,-944.389282,-859.925049,-591.11145,-2424.619141,2.0,1.0
796.380005,4349.356934,4631.318359,4147.581055,158.842667,-946.359619,-862.150391,-592.370972,-2428.918701,2.0,1.0
799.880005,4349.141602,4630.673828,4147.842285,156.474594,-948.371277,-864.759949,-594.833923,-2430.791992,2.0,1.0
803.380005,4348.533203,4630.105469,4147.164551,153.29393,-950.734497,-867.402161,-597.711121,-2432.460937,2.0,1.0
806.880005,4348.260254,4629.119141,4146.992676,149.915436,-953.082031,-869.794983,-599.606689,-2435.285645,2.0,1.0
810.380005,4348.079102,4627.970215,4146.158203,147.702774,-955.333374,-872.722961,-600.263611,-2436.971436,2.0,1.0
813.880005,4345.399902,4626.996582,4144.415527,144.207047,-957.97583,-875.842285,-604.789978,-2440.611328,2.0,1.0
817.380005,4345.157715,4626.416016,4144.433594,142.474213,-960.703247,-878.927124,-606.60553,-2444.280762,2.0,1.0
820.880005,4346.81543,4625.047852,4143.253418,139.775955,-963.375122,-882.062744,-608.966858,-2445.581787,2.0,1.0
824.380005,4346.52832,4623.848145,4141.82666,136.840561,-965.787231,-885.223877,-612.214294,-2448.58252,2.0,1.0
827.880005,4346.394531,4622.385742,4140.900391,132.46405,-968.385315,-887.776184,-614.341064,-2451.05127,2.0,1.0
831.380005,4343.280273,4621.510254,4140.894043,130.451691,-970.927673,-890.627258,-617.411865,-2455.380127,2.0,1.0
834.880005,4342.310059,4620.40918,4139.921875,127.756416,-973.317993,-893.572388,-619.486633,-2457.520508,2.0,1.0
838.320007,4341.484375,4618.875488,4139.584961,124.55072,-976.342468,-897.496948,-622.541748,-2460.408691,2.0,1.0
841.820007,4341.322754,4618.231934,4138.859863,120.997871,-979.429932,-899.948914,-625.091736,-2462.399658,2.0,1.0
845.280029,4340.536133,4617.531738,4139.594727,119.016518,-981.635376,-902.985229,-627.818359,-2465.47583,2.0,1.0
848.780029,4340.61084,4617.262695,4138.120117,116.558174,-984.080994,-905.808411,-629.815308,-2467.605713,2.0,1.0
852.280029,4339.551758,4616.27832,4136.646973,113.268936,-986.670776,-908.795227,-632.467529,-2471.078125,2.0,1.0
855.719971,4339.463379,4616.269043,4136.310547,111.147644,-988.275452,-911.099487,-634.342102,-2472.098389,2.0,1.0
859.219971,4342.873047,4615.351562,4135.813477,107.883507,-991.440491,-914.572021,-636.848633,-2474.010742,2.0,1.0
862.719971,4342.053223,4614.04248,4134.66748,103.143555,-993.944275,-917.225098,-638.89032,-2478.012939,2.0,1.0
866.219971,4341.325684,4613.227539,4134.582031,100.481285,-996.562561,-920.286133,-641.122925,-2481.45166,2.0,1.0
869.719971,4340.631348,4612.750977,4133.72168,98.055084,-999.177246,-923.177002,-643.41272,-2484.367187,2.0,1.0
873.219971,4340.925293,4611.788086,4133.702637,96.606133,-1001.008057,-925.682251,-644.88324,-2486.361328,2.0,1.0
876.719971,4340.09375,4611.296875,4133.407227,94.482399,-1003.49231,-928.861389,-648.163513,-2488.996582,2.0,1.0
880.219971,4339.926758,4609.947754,4132.170898,91.116585,-1005.942078,-931.673828,-650.687866,-2491.038818,2.0,1.0
883.669983,4339.304687,4608.887207,4131.322754,87.568077,-1008.817078,-934.527832,-652.170776,-2491.914062,2.0,1.0
887.169983,4339.0625,4608.035645,4130.416504,84.99646,-1011.474976,-937.212341,-654.529297,-2493.118408,2.0,1.0
890.630005,4338.615234,4607.259766,4128.914062,83.43235,-1013.273193,-940.037598,-657.312317,-2498.369629,2.0,1.0
894.320007,4339.150879,4606.947266,4128.324219,80.169266,-1016.020508,-942.618408,-659.532715,-2502.345703,2.0,1.0
897.820007,4337.844727,4605.993164,4127.280762,77.829117,-1017.942261,-945.755981,-661.194153,-2505.60498,2.0,1.0
901.320007,4337.15918,4605.141113,4127.102539,74.534355,-1020.750854,-947.85498,-663.167297,-2508.365723,2.0,1.0
904.820007,4336.94043,4604.252441,4126.657715,72.379059,-1022.634827,-950.713989,-666.58844,-2510.811035,2.0,1.0
908.320007,4336.137207,4603.063965,4126.589355,69.061943,-1025.444946,-953.35321,-668.390869,-2512.370361,2.0,1.0
911.820007,4335.572754,4602.22168,4125.35498,65.746651,-1027.377563,-956.740723,-670.703369,-2515.290283,2.0,1.0
915.320007,4334.686035,4601.507812,4124.970703,63.668346,-1029.664551,-959.107666,-671.825134,-2518.288574,2.0,1.0
918.880005,4329.09668,4601.185547,4125.111816,61.865955,-1031.285034,-962.026917,-673.460266,-2521.504395,2.0,1.0
922.380005,4328.640137,4600.078125,4124.486328,60.268227,-1033.040649,-964.332825,-675.863403,-2524.414062,2.0,1.0
925.880005,4327.261719,4599.356445,4122.5625,57.445293,-1035.754761,-967.209229,-678.583984,-2528.960937,2.0,1.0
929.380005,4326.811523,4598.445801,4122.276367,54.728046,-1038.052002,-969.930725,-680.327454,-2530.525879,2.0,1.0
932.880005,4326.490234,4597.896484,4121.206055,52.35622,-1040.092407,-972.437378,-682.907593,-2533.041504,2.0,1.0
936.380005,4331.75293,4596.945312,4120.431641,49.496944,-1043.108521,-975.451294,-684.836609,-2536.216064,2.0,1.0
939.880005,4331.440918,4596.249023,4119.01416,45.895924,-1045.488403,-978.149536,-687.910461,-2540.31543,2.0,1.0
943.380005,4330.5625,4595.318848,4119.24707,44.153675,-1048.019287,-981.259094,-689.713562,-2541.610107,2.0,1.0
946.919983,4330.085449,4594.682129,4118.250488,40.90979,-1050.384644,-983.398926,-692.109863,-2544.060059,2.0,1.0
950.419983,4329.552246,4593.837402,4118.126953,38.262596,-1052.492676,-986.200012,-694.089783,-2545.489746,2.0,1.0
953.919983,4323.269043,4592.95166,4117.875488,36.212543,-1054.747314,-989.185364,-696.172546,-2549.85083,2.0,1.0
957.419983,4322.726074,4592.147949,4117.466309,33.700443,-1056.709229,-991.577148,-697.733521,-2549.821533,2.0,1.0
960.919983,4322.296875,4591.665039,4116.234375,30.759716,-1059.572266,-994.916626,-699.120972,-2555.034668,2.0,1.0
964.419983,4327.710937,4591.09375,4115.916504,28.058159,-1061.577759,-997.390076,-702.337891,-2556.870361,2.0,1.0
967.919983,4327.513672,4590.399902,4115.442383,25.727947,-1063.865234,-1000.050903,-703.94397,-2558.707031,2.0,1.0
971.469971,4326.652832,4589.469238,4113.098145,21.270573,-1066.771729,-1003.455933,-707.367859,-2561.813232,2.0,1.0
974.969971,4326.019043,4588.908691,4112.486816,19.067987,-1069.100708,-1006.51947,-709.782593,-2565.165039,2.0,1.0
978.469971,4325.590332,4588.315918,4111.61377,16.77334,-1071.275024,-1008.953064,-711.929687,-2567.487793,2.0,1.0
981.969971,4325.087402,4587.650879,4110.965332,14.318172,-1073.594604,-1011.890137,-714.400513,-2569.015869,2.0,1.0
985.530029,4324.95166,4586.985352,4110.334961,12.724952,-1076.232666,-1014.623169,-716.43512,-2572.269531,2.0,1.0
989.030029,4323.486328,4585.716797,4109.025879,9.524414,-1078.987061,-1017.941833,-719.716736,-2575.959229,2.0,1.0
992.469971,4322.414551,4584.916992,4108.65918,6.335508,-1081.432739,-1020.58551,-722.222961,-2578.352783,2.0,1.0
995.919983,4322.07959,4584.612793,4108.255371,3.327795,-1083.924194,-1023.559265,-724.146912,-2580.609619,2.0,1.0
999.419983,4322.25,4584.123535,4108.310059,0.973584,-1085.998535,-1025.904541,-725.085693,-2581.816162,2.0,1.0
1002.880005,4321.349609,4583.276855,4107.446777,-1.358897,-1088.544678,-1028.705688,-728.06543,-2584.172852,2.0,1.0
1006.380005,4320.863281,4582.543457,4105.915527,-5.009962,-1091.004028,-1031.460083,-729.644836,-2587.658203,2.0,1.0
1009.880005,4314.205566,4581.935547,4105.515625,-7.165741,-1092.963379,-1033.709106,-731.627075,-2589.967285,2.0,1.0
1013.380005,4313.894043,4581.357422,4105.535156,-8.884128,-1095.16687,-1036.400635,-735.108643,-2592.280029,2.0,1.0
1016.880005,4313.087891,4580.160156,4103.395508,-11.28103,-1097.480591,-1039.494629,-737.505554,-2595.638428,2.0,1.0
1020.380005,4312.502441,4579.42627,4103.39502,-13.772819,-1099.589478,-1042.374878,-738.523254,-2597.452148,2.0,1.0
1023.919983,4318.251953,4578.915527,4102.433105,-16.845388,-1102.317261,-1044.779907,-741.123718,-2599.967041,2.0,1.0
1027.380005,4317.247559,4577.696777,4101.702637,-17.749329,-1103.447632,-1047.30896,-743.016235,-2602.070312,2.0,1.0
1030.920044,4317.058105,4577.166016,4101.579102,-21.405029,-1107.041748,-1050.525024,-745.497742,-2603.473877,2.0,1.0
1034.469971,4316.041992,4576.132324,4100.508789,-25.104362,-1109.772461,-1053.29541,-747.682617,-2606.926514,2.0,1.0
1037.969971,4315.369629,4574.697266,4099.813965,-27.80485,-1112.051392,-1055.99939,-751.003662,-2610.129883,2.0,1.0
1041.469971,4309.118164,4574.328125,4099.704102,-28.581501,-1114.066284,-1058.64917,-752.449036,-2612.582764,2.0,1.0
1044.969971,4308.78125,4573.788574,4100.026855,-30.686689,-1116.1427,-1061.100342,-754.16748,-2614.594238,2.0,1.0
1048.469971,4307.922852,4572.422363,4099.770508,-34.68351,-1119.302734,-1063.671143,-755.526306,-2616.315674,2.0,1.0
1051.969971,4307.888672,4572.052246,4098.189453,-37.119801,-1120.880737,-1066.2854,-758.509216,-2618.569092,2.0,1.0
1055.469971,4307.767578,4571.097168,4097.92334,-37.520355,-1122.73584,-1068.45166,-759.441589,-2620.211182,2.0,1.0
1058.969971,4307.348633,4570.697266,4096.486328,-40.047836,-1124.491577,-1070.808228,-760.886292,-2622.671875,2.0,1.0
1062.469971,4306.957031,4570.307129,4095.515625,-43.875446,-1126.693726,-1073.072876,-762.642334,-2625.143311,2.0,1.0
1065.969971,4306.302734,4569.278809,4094.949951,-44.583256,-1128.135864,-1075.341431,-765.188416,-2627.121338,2.0,1.0
1069.469971,4311.850098,4568.828613,4094.036621,-46.860157,-1130.525635,-1077.617554,-767.408142,-2629.321777,2.0,1.0
1072.969971,4311.158203,4567.850586,4093.415527,-50.565701,-1133.133667,-1080.343872,-769.137207,-2630.707764,2.0,1.0
1076.530029,4311.21582,4567.197754,4093.256592,-51.192135,-1134.991699,-1082.864502,-771.47229,-2633.708496,2.0,1.0
1080.030029,4310.356445,4566.473633,4092.173096,-53.38372,-1136.567749,-1085.129883,-772.994141,-2636.395996,2.0,1.0
1083.569946,4310.163574,4565.855469,4092.54248,-56.419231,-1138.759888,-1087.596924,-774.354675,-2638.51416,2.0,1.0
1087.069946,4309.567871,4565.29541,4092.761475,-57.627453,-1139.756104,-1089.686768,-776.835754,-2640.071045,2.0,1.0
1090.670044,4308.944336,4564.797852,4092.50293,-62.19883,-1143.252441,-1093.148804,-775.617981,-2642.12915,3.0,2.0
1094.130005,4308.947754,4563.536133,4091.613037,-63.556435,-1145.214233,-1095.881348,-777.865662,-2645.578369,3.0,2.0
1097.630005,4308.936523,4562.614258,4090.633545,-65.580917,-1146.952759,-1097.97644,-779.568542,-2648.327637,3.0,2.0
1101.130005,4308.185547,4561.870605,4089.790527,-68.443306,-1149.106934,-1099.959717,-780.254089,-2650.695557,3.0,2.0
1104.630005,4308.032227,4561.006348,4089.219238,-70.268173,-1150.998413,-1102.484619,-780.807312,-2652.575684,3.0,2.0
1108.130005,4307.583496,4559.838379,4088.747803,-71.63179,-1152.91394,-1104.624268,-782.765381,-2655.354736,3.0,2.0
1111.630005,4307.060059,4559.220215,4088.242676,-73.992989,-1155.47522,-1107.389404,-784.782532,-2657.389404,3.0,2.0
1115.130005,4307.202637,4558.960937,4088.060547,-75.515701,-1157.009399,-1109.268066,-786.12207,-2658.846436,3.0,2.0
1118.630005,4306.525879,4557.66748,4087.827148,-78.351616,-1159.596802,-1112.119507,-788.165283,-2662.036865,3.0,2.0
1122.130005,4306.601562,4556.953613,4087.32373,-81.462738,-1161.213257,-1114.374023,-790.251404,-2663.541748,3.0,2.0
1125.670044,4300.243164,4556.606934,4087.698486,-83.442436,-1163.201904,-1116.942871,-791.931824,-2665.69751,3.0,2.0
1129.219971,4299.529785,4555.411621,4087.19165,-87.041428,-1165.66272,-1119.874512,-794.201904,-2669.295898,3.0,2.0
1132.670044,4298.654785,4554.571289,4086.612793,-89.052223,-1167.795898,-1122.919067,-797.157898,-2673.435791,3.0,2.0
1136.219971,4298.308105,4553.737793,4085.890869,-92.655052,-1172.088501,-1127.373291,-800.396057,-2677.52832,3.0,2.0
1139.719971,4297.374512,4552.905273,4085.283447,-93.996407,-1174.846558,-1131.90332,-803.531494,-2683.339844,3.0,2.0
1143.219971,4296.992676,4552.171875,4084.10376,-97.907524,-1177.662354,-1136.394043,-807.587341,-2687.907471,3.0,2.0
1146.670044,4295.826172,4551.024902,4082.37915,-102.783699,-1182.221436,-1141.70105,-812.270203,-2693.701904,3.0,2.0
1150.170044,4296.560547,4551.124512,4082.734619,-105.669357,-1185.134399,-1146.332275,-814.4104,-2698.322754,3.0,2.0
1153.719971,4295.852539,4550.733398,4081.707275,-109.861275,-1188.422974,-1151.445068,-816.727905,-2702.036865,3.0,2.0
1157.280029,4301.307129,4550.051758,4081.594971,-111.124687,-1191.304321,-1155.554565,-820.075073,-2705.5896,3.0,2.0
1160.819946,4302.002441,4549.713379,4081.058838,-113.801826,-1192.719116,-1158.058716,-821.465454,-2706.874023,3.0,2.0
1164.380005,4302.371582,4549.395508,4081.161377,-116.48542,-1193.512085,-1159.691895,-821.258728,-2707.709229,3.0,2.0
1167.880005,4302.036133,4548.463867,4080.581543,-117.424576,-1194.127808,-1160.364136,-820.80835,-2706.328369,3.0,2.0
1171.319946,4302.010742,4548.395996,4080.744385,-116.921066,-1192.262817,-1158.492187,-817.565491,-2701.189941,3.0,2.0
1174.819946,4302.770508,4548.194824,4080.372803,-116.476021,-1189.46814,-1154.506714,-812.767517,-2694.651611,3.0,2.0
1178.319946,4297.543457,4548.119141,4081.166992,-111.747337,-1184.570557,-1148.425537,-807.005615,-2687.050537,3.0,2.0
1181.780029,4302.965332,4547.723145,4081.657471,-107.418312,-1179.414307,-1140.713623,-800.153198,-2677.227295,3.0,2.0
1185.319946,4298.630859,4548.140625,4084.073486,-101.509323,-1171.556885,-1131.266602,-792.519653,-2667.124268,3.0,2.0
1188.819946,4305.304199,4548.671875,4085.54541,-94.252403,-1163.352295,-1121.401001,-784.400879,-2657.793701,3.0,2.0
1192.380005,4306.417969,4548.65332,4086.639648,-86.143318,-1154.160767,-1110.636353,-776.137939,-2646.82251,3.0,2.0
1195.880005,4307.370605,4549.358887,4087.440674,-75.519196,-1144.95752,-1099.746582,-768.843079,-2636.648926,3.0,2.0
1199.420044,4303.261719,4550.250488,4089.309814,-66.914589,-1136.684692,-1088.791504,-760.053345,-2625.512939,3.0,2.0
1202.880005,4303.937988,4550.60498,4090.648682,-57.653088,-1128.418457,-1079.144287,-753.8125,-2617.287598,3.0,2.0
1206.420044,4305.805664,4551.000488,4093.021729,-49.971912,-1121.217163,-1069.431641,-747.382385,-2607.259766,3.0,2.0
1209.880005,4311.563965,4551.399414,4094.141602,-41.428516,-1113.427246,-1060.629761,-740.9823,-2598.984619,3.0,2.0
1213.420044,4307.507812,4551.553223,4095.312012,-34.869427,-1106.578613,-1052.482056,-735.11438,-2589.941162,3.0,2.0
1216.969971,4313.904297,4551.946777,4096.409668,-28.903313,-1100.897217,-1045.333984,-729.374207,-2582.185303,3.0,2.0
1220.469971,4309.143066,4552.302246,4099.177246,-20.364037,-1094.486328,-1036.917603,-723.49469,-2576.608398,3.0,2.0
1223.969971,4309.862305,4553.026855,4100.854492,-16.224644,-1089.5979,-1030.455444,-718.519531,-2570.957764,3.0,2.0
1227.469971,4315.76416,4553.197266,4101.648437,-9.436377,-1084.630249,-1024.766357,-713.972961,-2563.890869,3.0,2.0
1230.969971,4316.588867,4553.118164,4102.230469,-5.906854,-1080.342163,-1019.321045,-709.752686,-2555.484619,3.0,2.0
1234.469971,4317.349609,4553.756348,4102.769043,0.595835,-1075.887695,-1014.495239,-706.778625,-2552.021484,3.0,2.0
1237.969971,4317.710449,4553.723145,4103.161621,3.832058,-1072.214478,-1009.704712,-703.404053,-2545.925293,3.0,2.0
1241.420044,4312.69873,4554.172363,4105.065918,8.482385,-1069.022339,-1005.053284,-699.369507,-2540.363525,3.0,2.0
1244.920044,4318.777832,4554.349121,4105.611816,12.487535,-1065.912964,-1001.210022,-697.512207,-2538.671387,3.0,2.0
1248.420044,4313.893555,4554.690918,4106.557129,15.288834,-1063.013916,-998.074524,-694.721558,-2537.694336,3.0,2.0
1251.920044,4314.075195,4554.67041,4107.413574,17.995096,-1060.835693,-995.691833,-692.880066,-2534.30542,3.0,2.0
1255.469971,4320.648926,4554.335937,4108.120117,20.811647,-1058.713501,-992.875977,-691.080383,-2488.279053,3.0,2.0
1258.969971,4320.45459,4554.464355,4108.461914,23.978271,-1056.412842,-989.184387,-688.632019,-2482.20874,3.0,2.0
1262.469971,4320.682617,4554.35791,4109.699219,25.789839,-1055.569214,-988.768311,-689.368774,-2479.800049,3.0,2.0
1266.030029,4321.688477,4554.756348,4110.55957,27.845692,-1054.624756,-987.781433,-687.500488,-2475.848145,3.0,2.0
1269.530029,4321.503418,4554.098633,4110.481934,29.248356,-1053.78479,-986.175415,-687.522034,-2528.175537,3.0,2.0
1273.030029,4321.643066,4554.273437,4110.518066,29.587082,-1053.415039,-985.556396,-687.120911,-2527.448975,3.0,2.0
1276.530029,4315.905762,4553.569824,4110.006836,31.016268,-1052.547485,-984.679993,-685.919495,-2531.042236,3.0,2.0
1280.069946,4315.878906,4553.28418,4110.224121,30.476635,-1052.946655,-984.299683,-687.207825,-2531.011719,3.0,2.0
1283.569946,4315.874512,4553.337891,4109.983398,30.343847,-1052.524414,-984.257324,-687.193665,-2530.029053,3.0,2.0
1287.130005,4315.651855,4553.185547,4109.999512,30.614605,-1052.603149,-983.432739,-686.465881,-2524.991455,3.0,2.0
1290.630005,4315.546875,4552.538574,4109.837402,30.659847,-1058.593506,-982.129883,-698.749084,-2538.4021,3.0,2.0
1294.170044,4315.696289,4552.635254,4110.273437,29.787086,-1066.896118,-985.46283,-686.815247,-2529.881104,3.0,2.0
1297.670044,4311.372559,4551.711426,4109.330566,28.714718,-1057.162598,-1036.960205,-688.595764,-2472.764893,3.0,2.0
1301.219971,4310.722656,4550.599121,4107.838867,-5.592306,-1109.197998,-1020.170227,-658.952637,-2511.191895,3.0,2.0
1304.719971,4310.129883,4544.27832,4108.297852,-83.508125,-1052.368774,-971.252197,-690.518311,-2531.580078,3.0,2.0
1308.280029,4255.913574,4540.289062,4102.86084,27.933167,-1057.498047,-988.169189,-692.62793,-2531.175049,3.0,2.0
1311.780029,4314.938477,4550.426758,4109.005859,28.360477,-1057.743286,-988.653503,-692.762756,-2520.771729,3.0,2.0
1315.319946,4314.655762,4550.08252,4108.272949,26.195131,-1059.745117,-990.071289,-693.995789,-2536.589111,3.0,2.0
1318.880005,4319.964355,4549.490234,4108.229492,25.119274,-1060.214722,-991.17865,-694.742371,-2538.197021,3.0,2.0
1322.380005,4319.336426,4549.334961,4107.870117,24.916504,-1061.480225,-992.582581,-696.232849,-2537.990479,3.0,2.0
1325.920044,4319.505859,4548.915527,4107.276855,22.790133,-1063.380859,-994.371155,-697.888306,-2538.369873,3.0,2.0
1329.420044,4313.091309,4548.260742,4106.498047,21.410244,-1064.643433,-995.317749,-699.572937,-2540.634766,3.0,2.0
1332.969971,4312.848633,4548.017578,4105.687012,19.207958,-1065.959351,-996.41925,-700.397827,-2539.118408,3.0,2.0
1336.420044,4312.201172,4547.257324,4105.327148,18.790998,-1066.998901,-997.87561,-701.625366,-2528.838379,3.0,2.0
1339.969971,4312.19043,4546.731934,4104.42334,16.39106,-1068.585937,-999.369141,-703.675903,-2544.371338,3.0,2.0
1343.420044,4310.849609,4545.84668,4103.753418,15.215384,-1071.106567,-1001.824463,-705.358704,-2543.951416,3.0,2.0
1346.969971,4310.680664,4545.026855,4102.888672,13.114234,-1072.804565,-1004.109253,-707.48584,-2542.959229,3.0,2.0
1350.469971,4310.341797,4545.498047,4103.689941,12.137151,-1073.906372,-1005.080383,-706.004395,-2542.736572,3.0,2.0
1354.030029,4310.427734,4544.592285,4103.104004,11.683485,-1076.134033,-1007.734253,-709.673767,-2548.321289,3.0,2.0
1357.569946,4310.040527,4544.238281,4103.225586,9.202114,-1077.548706,-1008.438293,-711.592346,-2499.228516,3.0,2.0
1361.130005,4310.025391,4543.564941,4102.919922,7.352212,-1078.795776,-1010.706482,-713.332947,-2495.87085,3.0,2.0
1364.630005,4309.558594,4542.637207,4103.099609,6.703444,-1080.06958,-1012.588928,-714.799316,-2498.648682,3.0,2.0
1368.130005,4309.103516,4542.178223,4102.512207,4.021897,-1082.436646,-1014.83551,-717.370667,-2502.164307,3.0,2.0
1371.670044,4308.87793,4541.4375,4101.826172,2.518532,-1084.530884,-1016.575928,-719.170471,-2502.828613,3.0,2.0
1375.170044,4308.142578,4540.527344,4101.439453,0.640679,-1085.859863,-1018.102356,-720.216187,-2509.854004,3.0,2.0
1378.719971,4308.319336,4540.370117,4101.40625,-1.795495,-1087.837158,-1019.97345,-722.143738,-2511.209229,3.0,2.0
1382.219971,4307.882324,4539.251465,4099.793457,-1.994787,-1089.504517,-1022.378052,-724.029236,-2511.238281,3.0,2.0
1385.719971,4307.258301,4538.597168,4099.013672,-3.892989,-1091.908936,-1024.225098,-726.02301,-2561.460937,3.0,2.0
1389.219971,4307.038574,4537.953613,4098.109375,-5.619412,-1093.683716,-1026.206665,-727.488037,-2573.778076,3.0,2.0
1392.719971,4306.82666,4537.276367,4097.328125,-7.321317,-1095.187012,-1028.122192,-728.252197,-2574.252441,3.0,2.0
1396.280029,4306.180176,4536.689453,4096.314941,-9.281316,-1097.107178,-1029.736816,-729.835144,-2574.930908,3.0,2.0
1399.819946,4306.253906,4536.225586,4095.655273,-11.883642,-1099.115479,-1032.144653,-732.612061,-2578.33667,3.0,2.0
1403.380005,4305.709473,4535.299316,4095.097656,-14.047102,-1100.895142,-1033.900513,-734.38916,-2580.500732,3.0,2.0
1406.920044,4305.984863,4534.586914,4094.833496,-15.432405,-1102.680908,-1035.764771,-735.859009,-2581.073486,3.0,2.0
1410.420044,4305.160645,4534.217773,4094.87793,-17.266422,-1104.833252,-1037.947876,-737.010132,-2584.101074,3.0,2.0
1413.969971,4304.881836,4533.531738,4094.094482,-20.134565,-1106.534668,-1040.202148,-739.204651,-2587.185791,3.0,2.0
1417.530029,4304.524902,4533.327148,4093.856445,-19.770437,-1108.37146,-1042.6604,-741.172302,-2589.555176,3.0,2.0
1421.069946,4303.931152,4532.32959,4093.438232,-22.815155,-1111.00061,-1045.162109,-743.635193,-2591.556152,3.0,2.0
1424.630005,4303.56543,4531.993652,4088.445068,-24.010983,-1112.182007,-1047.27771,-745.473999,-2595.330078,3.0,2.0
1428.170044,4302.905762,4531.313477,4092.158691,-27.149416,-1114.936646,-1049.464355,-747.076721,-2596.321777,3.0,2.0
1431.719971,4308.283203,4530.810059,4092.190674,-30.227556,-1116.958984,-1051.951416,-749.044373,-2599.850342,3.0,2.0
1435.280029,4307.8125,4529.89209,4090.85083,-30.868181,-1119.117432,-1054.92688,-752.038147,-2603.429443,3.0,2.0
1438.780029,4307.617187,4529.350586,4090.651855,-32.900028,-1121.254517,-1056.840332,-753.116516,-2605.534424,3.0,2.0
1442.280029,4307.316895,4528.971191,4090.463623,-35.121456,-1123.102417,-1059.068359,-755.535828,-2608.307129,3.0,2.0
1445.819946,4307.014648,4528.154297,4089.72998,-38.210407,-1125.142456,-1061.440308,-757.23999,-2610.303711,3.0,2.0
1449.319946,4306.75,4527.724121,4088.789307,-39.362278,-1126.795654,-1064.506714,-758.837402,-2613.468018,3.0,2.0
1452.880005,4300.390625,4526.805664,4087.999268,-42.669685,-1128.909424,-1066.818481,-760.277222,-2616.667725,3.0,2.0
1456.380005,4305.925293,4526.172363,4088.028809,-44.122169,-1131.689575,-1069.477051,-762.242615,-2618.812012,3.0,2.0
1459.920044,4299.750977,4525.734375,4087.675049,-47.183105,-1133.900879,-1072.038086,-764.543945,-2621.624268,3.0,2.0
1463.420044,4299.177734,4524.834961,4087.377441,-49.613914,-1136.054199,-1074.292236,-766.475891,-2624.293701,3.0,2.0
1466.920044,4298.704102,4523.871094,4087.080811,-51.844223,-1138.495728,-1077.393555,-768.882202,-2626.364258,3.0,2.0
1470.469971,4303.332031,4522.972168,4086.664062,-55.2145,-1140.681274,-1079.8573,-772.279175,-2630.250977,3.0,2.0
1474.030029,4303.506348,4522.708984,4086.676025,-55.972786,-1142.757202,-1082.842529,-773.665405,-2632.466309,3.0,2.0
1477.530029,4302.626953,4521.763672,4085.942383,-58.968372,-1145.448975,-1085.577759,-776.447937,-2635.28125,3.0,2.0
1481.069946,4302.277344,4520.764648,4085.316162,-62.478783,-1148.662598,-1088.759399,-778.390198,-2638.646729,3.0,2.0
1484.630005,4301.329102,4519.658203,4084.287598,-65.170609,-1151.289917,-1092.146851,-781.193909,-2642.361084,3.0,2.0
1488.170044,4294.21875,4518.79834,4084.125732,-68.363976,-1154.377441,-1095.410522,-783.962891,-2644.61084,3.0,2.0
1491.670044,4299.825684,4518.041992,4082.916504,-71.370415,-1157.362061,-1098.657227,-786.836975,-2647.254883,3.0,2.0
1495.140015,4298.687012,4517.110352,4081.756592,-74.19017,-1159.529053,-1101.608765,-788.401123,-2649.602539,3.0,2.0
1498.599976,4298.422852,4516.691895,4080.527344,-76.790321,-1161.908813,-1103.856567,-790.385498,-2652.430664,3.0,2.0
1502.030029,4297.655762,4515.15625,4079.555908,-79.042488,-1165.116577,-1107.672241,-793.924377,-2655.367676,3.0,2.0
1505.469971,4297.149414,4514.627441,4079.024658,-82.291061,-1167.372559,-1111.192505,-796.457825,-2658.082764,3.0,2.0
1508.880005,4296.024902,4513.976074,4078.65625,-84.625755,-1169.918945,-1113.786133,-798.471741,-2660.250977,3.0,2.0
1512.319946,4295.89502,4513.591797,4078.495605,-88.16188,-1173.447754,-1116.575439,-801.316956,-2661.979492,3.0,2.0
1515.819946,4294.999023,4512.898437,4077.746094,-91.345116,-1175.758789,-1120.154663,-803.350525,-2665.699951,3.0,2.0
1519.219971,4287.119141,4511.760742,4076.929932,-93.242455,-1177.960693,-1123.369141,-805.455505,-2668.065918,3.0,2.0
1522.670044,4293.092773,4511.443848,4076.174072,-97.170876,-1180.936401,-1126.400391,-808.501526,-2669.722656,3.0,2.0
1526.130005,4292.512695,4510.387207,4074.612061,-99.847244,-1183.514648,-1129.145386,-811.008972,-2673.691406,3.0,2.0
1529.670044,4292.837891,4509.949707,4074.491699,-102.91539,-1186.667236,-1132.982544,-813.419128,-2675.953369,3.0,2.0
1533.130005,4291.187988,4509.064941,4073.32666,-106.065559,-1189.444702,-1135.72644,-816.282715,-2679.133057,3.0,2.0
1536.569946,4290.569824,4508.633301,4072.809326,-107.799728,-1192.062622,-1139.001587,-817.838379,-2679.396973,3.0,2.0
1540.030029,4282.677246,4507.840332,4072.81958,-110.151543,-1194.195801,-1141.069946,-820.42395,-2683.64502,3.0,2.0
1543.469971,4281.586914,4507.322266,4072.077637,-113.63797,-1197.159912,-1144.713257,-823.209106,-2685.345215,3.0,2.0
1546.920044,4280.475098,4506.183105,4071.245605,-117.619514,-1200.346558,-1148.018555,-826.112549,-2688.46582,3.0,2.0
1550.380005,4279.969238,4505.394043,4069.132568,-119.860703,-1202.702759,-1151.482422,-828.357239,-2692.077637,3.0,2.0
1553.819946,4279.09082,4504.795898,4070.719727,-122.802208,-1205.173584,-1154.494263,-830.369629,-2692.499023,3.0,2.0
1557.280029,4278.635254,4504.510254,4070.692139,-125.17395,-1207.184204,-1156.654419,-831.88678,-2634.607422,3.0,2.0
1560.719971,4277.327637,4503.587891,4069.818359,-130.341705,-1210.770996,-1160.39563,-834.925598,-2637.733887,3.0,2.0
1564.130005,4276.332031,4502.680176,4069.182373,-130.910538,-1212.832031,-1163.067627,-836.912964,-2640.461914,3.0,2.0
1567.530029,4283.739746,4501.969238,4068.15918,-133.848511,-1215.836792,-1166.052002,-839.61554,-2643.195801,3.0,2.0
1570.969971,4283.298828,4501.453125,4067.629883,-138.431274,-1217.805542,-1169.156982,-841.341553,-2646.704346,3.0,2.0
1574.420044,4283.143555,4500.813965,4066.57666,-140.173172,-1220.171875,-1172.062744,-844.731079,-2648.567871,3.0,2.0
1577.880005,4281.973633,4499.970703,4065.367676,-142.411423,-1221.911255,-1174.986572,-846.045532,-2652.306152,3.0,2.0
1581.319946,4281.813965,4498.940918,4064.467041,-145.321686,-1224.632324,-1177.255859,-847.678162,-2653.475098,3.0,2.0
1584.780029,4272.250977,4498.375,4063.711914,-147.569519,-1227.25647,-1180.245483,-850.383911,-2658.941162,3.0,2.0
1588.219971,4280.580566,4497.732422,4063.3396,-150.105209,-1229.18457,-1182.443115,-852.399048,-2661.043701,3.0,2.0
1591.630005,4279.295898,4497.045898,4063.102295,-152.967545,-1231.579956,-1185.2948,-855.020996,-2664.071045,3.0,2.0
1595.069946,4270.646973,4496.289551,4062.370361,-155.970001,-1233.912598,-1188.014771,-856.045654,-2665.540039,3.0,2.0
1598.530029,4278.77832,4495.686523,4062.389404,-157.369385,-1236.187988,-1190.751221,-857.518616,-2670.084229,3.0,2.0
1601.969971,4278.300293,4495.192871,4061.377441,-161.846573,-1238.226929,-1193.723389,-859.771301,-2671.900879,3.0,2.0
1605.420044,4278.166016,4494.147949,4060.752686,-163.585495,-1240.659302,-1196.311035,-861.749634,-2673.283936,3.0,2.0
1608.880005,4277.641602,4493.256836,4059.902344,-165.934189,-1242.056519,-1198.686157,-863.822449,-2677.425537,3.0,2.0
1612.280029,4277.094727,4492.675781,4059.267822,-167.668961,-1244.758179,-1201.166504,-864.522766,-2680.061035,3.0,2.0
1615.719971,4276.943359,4492.112305,4058.51123,-170.597015,-1246.521729,-1203.634644,-867.249146,-2683.783691,3.0,2.0
1619.130005,4275.863281,4491.482422,4056.970947,-172.464478,-1248.019409,-1206.394653,-868.299561,-2688.552002,3.0,2.0
1622.569946,4275.804199,4490.802734,4056.184814,-176.140076,-1250.840576,-1209.150146,-871.15741,-2690.211182,3.0,2.0
1626.030029,4275.063965,4489.915039,4055.565186,-177.553619,-1253.043457,-1211.466309,-872.325928,-2694.026855,3.0,2.0
1629.469971,4274.783203,4489.337402,4054.708008,-180.030258,-1255.224487,-1214.271118,-874.587463,-2694.118896,3.0,2.0
1632.920044,4274.380859,4488.368164,4054.009766,-183.616089,-1257.914551,-1216.500122,-878.131287,-2696.875488,3.0,2.0
1636.380005,4274.169922,4487.839844,4053.862061,-185.974167,-1259.234375,-1218.933105,-879.374512,-2703.247559,3.0,2.0
1639.819946,4273.680664,4486.88916,4053.473145,-188.449875,-1262.01062,-1221.94397,-881.808838,-2721.959229,3.0,2.0
1643.280029,4272.79541,4485.958984,4052.191406,-190.974792,-1264.802002,-1225.209351,-883.935059,-2764.479248,3.0,2.0
1646.719971,4272.160156,4485.000488,4051.799316,-193.38205,-1266.70813,-1227.939331,-886.0224,-2767.775879,3.0,2.0
1650.130005,4271.562988,4484.717773,4051.911377,-195.612793,-1269.196045,-1230.868774,-887.479431,-2769.670166,3.0,2.0
1653.630005,4271.527344,4483.852051,4050.904541,-199.310043,-1271.513916,-1234.237305,-890.217834,-2771.467041,3.0,2.0
1657.069946,4270.787109,4483.132324,4050.137207,-201.891602,-1274.281494,-1236.566162,-892.549316,-2774.579102,3.0,2.0
1660.530029,4270.436035,4482.595703,4049.696045,-203.857819,-1275.876221,-1239.865723,-895.233887,-2774.455078,3.0,2.0
1663.969971,4270.013672,4481.756348,4048.099365,-206.488785,-1277.876587,-1242.13855,-897.648254,-2778.655273,3.0,2.0
1667.420044,4269.583008,4480.671875,4047.395996,-210.524963,-1280.795654,-1245.445679,-899.669128,-2725.087158,3.0,2.0
1670.880005,4268.816406,4479.88916,4045.677734,-211.926514,-1283.071899,-1248.170044,-901.786255,-2727.934082,3.0,2.0
1674.420044,4269.078613,4479.454102,4045.467773,-215.479202,-1285.619141,-1250.675293,-903.453064,-2730.615967,3.0,2.0
1677.880005,4267.526367,4478.169922,4044.684082,-217.221985,-1287.24646,-1253.453491,-905.588806,-2733.563721,3.0,2.0
1681.420044,4259.696777,4477.933594,4044.717041,-220.516479,-1289.713135,-1256.562866,-908.888855,-2736.268066,3.0,2.0
1684.819946,4258.099609,4476.999512,4043.866943,-223.112015,-1292.003906,-1259.151245,-910.885986,-2740.734375,3.0,2.0
1688.280029,4265.875488,4475.65918,4043.37915,-225.876266,-1295.494507,-1262.712158,-912.941467,-2747.372314,3.0,2.0
1691.920044,4265.168457,4474.794434,4042.060791,-231.53154,-1299.953369,-1267.052124,-918.520325,-2746.503418,4.0,3.0
1695.380005,4264.570801,4473.602539,4040.982422,-233.451157,-1302.243286,-1270.383789,-920.53772,-2751.770996,4.0,3.0
1698.819946,4263.81543,4472.821777,4040.565186,-236.779526,-1304.8573,-1273.102539,-922.648254,-2774.521973,4.0,3.0
1702.219971,4263.520508,4472.58252,4039.820312,-237.816223,-1305.921509,-1274.91687,-924.237427,-2808.807373,4.0,3.0
1705.630005,4262.194824,4472.295898,4038.75708,-240.372452,-1308.094849,-1277.795532,-926.96228,-2811.193604,4.0,3.0
1709.030029,4253.895508,4471.130371,4037.969238,-243.403625,-1311.002563,-1280.551636,-928.552856,-2813.922363,4.0,3.0
1712.469971,4253.791992,4470.655762,4037.656982,-247.660187,-1313.568848,-1283.507935,-931.623413,-2814.634521,4.0,3.0
1715.969971,4253.977539,4470.462402,4037.45874,-250.301239,-1316.179565,-1286.403076,-933.765137,-2762.16748,4.0,3.0
1719.420044,4252.842773,4469.591309,4036.5979,-252.036743,-1318.305542,-1288.464355,-934.989807,-2760.061523,4.0,3.0
1722.819946,4252.246582,4468.79248,4035.985107,-250.222595,-1308.807129,-1267.826294,-899.077209,-2714.201904,4.0,3.0
1726.280029,4253.503418,4476.230469,4046.748291,-160.801392,-1178.1604,-1119.165771,-722.330933,-2564.105225,4.0,3.0
1729.719971,4320.09082,4609.788086,4104.153809,43.858101,-1110.098633,-1139.959229,-762.253662,-2577.588867,4.0,3.0
1733.170044,4203.232422,4437.730469,4022.930176,-232.23732,-1269.20813,-1208.635986,-805.347595,-2623.032471,4.0,3.0
1736.630005,4248.195801,4383.887695,3985.862549,-371.205597,-1406.839233,-1349.621338,-964.516174,-2841.935791,4.0,3.0
1740.030029,3626.886963,3978.392578,3917.95166,-909.463074,-1864.018555,-1738.808228,-1309.794678,-3134.357178,4.0,3.0
1743.469971,4482.733887,4132.168945,4011.629883,-1000.53363,-1870.764282,-1720.06189,-1297.987793,-3112.000732,4.0,3.0
1746.920044,4150.82373,3673.852295,3761.393555,-1178.730347,-2000.34021,-1899.033936,-1494.089111,-3286.700684,4.0,3.0
1750.380005,4443.157227,3815.190674,3818.916016,-1300.753662,-2245.575195,-2131.154785,-1671.719849,-3388.246094,4.0,3.0
1753.819946,4579.478516,3953.153076,3728.682617,-1416.071899,-2356.471436,-2303.33374,-1859.268677,-3506.530518,4.0,3.0
1757.219971,4573.241211,4260.580566,3749.891357,-1695.421753,-2623.135742,-2508.04126,-2005.252808,-3606.238037,4.0,3.0
1760.630005,4603.911621,4161.24707,3546.000244,-2009.7146,-2740.607666,-2499.735596,-1937.833374,-3548.468994,4.0,3.0
1764.130005,4585.503906,4153.315918,3644.040283,-1930.703857,-2758.419922,-2605.584229,-2117.187012,-3726.496094,4.0,3.0
1767.530029,4523.723145,4213.689941,3778.060059,-1645.697144,-2638.256348,-2582.683105,-2177.727295,-3824.287842,4.0,3.0
1770.969971,4537.246582,4135.931152,3733.238281,-1766.896118,-2743.342041,-2642.877197,-2168.122559,-3828.952637,4.0,3.0
1774.469971,4444.013672,4055.535645,3650.519287,-1968.944336,-2819.304687,-2696.458252,-2236.096191,-3890.372314,4.0,3.0
1777.969971,4391.536133,4070.013672,3633.966309,-2102.376709,-3073.847656,-2996.25,-2566.106445,-4090.310303,4.0,3.0
1781.380005,4361.547363,3902.82666,3667.455566,-1760.4198,-2724.890625,-2721.073242,-2354.201172,-3994.186768,4.0,3.0
1784.780029,4413.368164,4087.535156,3769.638672,-1697.711548,-2732.44458,-2709.219238,-2279.653076,-3930.976562,4.0,3.0
1788.319946,4357.71875,4173.370117,3851.521484,-1520.92981,-2557.299805,-2525.078613,-2140.548584,-3881.963135,4.0,3.0
1791.880005,4318.325195,4128.356934,3867.969482,-1562.368896,-2702.43042,-2727.517578,-2336.477051,-4003.501221,4.0,3.0
1795.420044,4241.592773,3933.278809,3703.647949,-1821.990112,-2789.224609,-2743.142578,-2305.398193,-3953.091064,4.0,3.0
1798.969971,4216.245605,4027.526611,3792.067871,-1547.00415,-2510.225586,-2498.576416,-2138.581543,-3895.138916,4.0,3.0
1802.530029,4204.963379,4043.003662,3795.046631,-1673.509644,-2712.402832,-2733.216309,-2321.263672,-3979.17334,4.0,3.0
1806.030029,4160.066406,4009.529541,3787.498291,-1538.670166,-2560.664551,-2597.804932,-2246.131836,-3957.084473,4.0,3.0
1809.569946,4168.245117,4032.183838,3784.018799,-1659.313477,-2699.134277,-2698.217773,-2286.837402,-3951.598389,4.0,3.0
1813.069946,4145.484375,4047.025391,3826.588135,-1525.880981,-2615.426758,-2662.269531,-2310.69751,-3989.133057,4.0,3.0
1816.569946,4168.041992,4048.34375,3836.590088,-1555.312012,-2633.893311,-2672.758545,-2277.115723,-3976.472656,4.0,3.0
1820.130005,4146.135742,4044.026367,3828.341064,-1529.218262,-2595.400391,-2653.726074,-2282.007568,-3973.119385,4.0,3.0
1823.670044,4143.120117,4041.493408,3836.08667,-1500.727417,-2530.697998,-2540.78125,-2176.790039,-3917.344971,4.0,3.0
1827.219971,4041.42749,3997.769775,3853.074219,-1433.406006,-2467.633301,-2505.879883,-2157.101562,-3919.526367,4.0,3.0
1830.780029,4051.237549,4004.678467,3835.753662,-1453.411865,-2520.964355,-2553.048584,-2195.453613,-3930.716064,4.0,3.0
1834.280029,4040.796387,4010.187256,3840.458252,-1346.913574,-2412.119385,-2448.65625,-2099.554443,-3883.936279,4.0,3.0
1837.819946,4048.587402,4036.491211,3795.083252,-1314.025635,-2402.258545,-2447.677246,-2108.913574,-3894.125244,4.0,3.0
1841.319946,4047.157227,4039.989258,3859.355225,-1336.914185,-2434.689453,-2470.949463,-2126.634766,-3902.128662,4.0,3.0
1844.819946,4049.503906,4050.81543,3865.611572,-1343.634766,-2428.912598,-2500.290771,-2132.136475,-3898.32373,4.0,3.0
1848.380005,4040.705811,4038.710937,3870.105469,-1301.09436,-2404.108398,-2474.090576,-2137.032959,-3901.565674,4.0,3.0
1851.920044,4026.794678,4064.494385,3877.232178,-1280.24353,-2400.686035,-2470.503662,-2130.134277,-3906.302246,4.0,3.0
1855.420044,4025.399902,4072.005127,3894.019043,-1220.898193,-2334.587646,-2432.622803,-2108.024414,-3893.109619,4.0,3.0
1858.969971,4015.36792,4087.330566,3898.846191,-1114.800537,-2244.849121,-2338.556396,-2047.544434,-3892.263916,4.0,3.0
1862.530029,4005.424805,4098.64502,3912.068359,-1151.008789,-2203.517578,-2292.938965,-2020.049927,-3897.810303,4.0,3.0
1866.030029,4012.362793,4107.794434,3901.325684,-1180.32373,-2224.732178,-2325.379883,-2025.397827,-3890.655762,4.0,3.0
1869.569946,3991.330322,4060.153076,3865.688965,-1248.138794,-2357.157959,-2419.963623,-2068.546143,-3878.036133,4.0,3.0
1873.130005,4007.106201,4055.583496,3847.663086,-1336.957642,-2431.286377,-2447.498047,-2073.715576,-3863.525391,4.0,3.0
1876.630005,4011.85498,4078.343994,3889.387695,-1222.859131,-2296.334229,-2344.291992,-2002.923706,-3849.834229,4.0,3.0
1880.170044,3949.19458,4001.171631,3844.112793,-1300.186279,-2361.170654,-2420.326904,-2050.756104,-3798.493408,4.0,3.0
1883.719971,3917.106934,4023.005615,3818.395752,-1241.917603,-2274.572998,-2049.383789,-2105.548096,-4953.183594,4.0,3.0
1887.280029,3790.333008,4102.055664,3859.023682,-1192.484985,-2192.041748,-1961.435791,-1645.95874,-5463.855957,4.0,3.0
1890.819946,3993.17749,4208.004395,3633.263428,-1299.38147,-1995.688232,-1899.4646,-1417.15564,-5855.130371,4.0,3.0
1894.380005,4015.83667,4079.277344,3370.025146,-1118.818481,-1897.424683,-1716.464233,-1402.98877,-5933.91748,4.0,3.0
1897.880005,3583.119385,3990.541016,3942.019775,-832.099121,-1912.763672,-1899.18811,-2094.631104,-5490.930664,4.0,3.0
1901.380005,4062.493408,4125.029785,3881.202881,-882.65155,-1926.811768,-1901.785278,-2410.831543,-5524.820312,4.0,3.0
1904.880005,3743.527588,4087.858154,3800.95752,-770.870972,-1854.5979,-1835.320312,-2523.047607,-5443.713867,4.0,3.0
1908.380005,3697.564209,3989.79834,3821.83667,-621.038025,-1689.435425,-1801.292358,-3169.677979,-5340.077637,4.0,3.0
1911.880005,3692.553955,4010.85083,3849.955566,-799.304382,-1764.016235,-1834.035767,-3719.625488,-5274.8125,4.0,3.0
1915.380005,3635.195557,3963.237305,3614.644775,-801.440674,-1781.133667,-1975.962646,-4218.908203,-5174.251465,4.0,3.0
1918.880005,3581.928223,3893.290527,3686.679443,-865.585632,-1866.389038,-2087.230469,-4423.240234,-5108.51123,4.0,3.0
1922.420044,3577.049805,3840.7229,3657.960937,-925.197327,-1886.146851,-2120.57959,-4434.430664,-5092.496094,4.0,3.0
1925.920044,3580.82959,3725.26001,3649.812256,-953.463684,-1915.442749,-2217.033936,-4571.728027,-4990.066406,4.0,3.0
1929.420044,3581.325195,3834.043945,3660.896973,-1002.991821,-1953.618042,-2249.827637,-4552.4375,-4973.499023,4.0,3.0
1932.920044,3605.233887,3813.889404,3650.781738,-1001.678772,-1954.018799,-2240.040039,-4531.559082,-4951.823242,4.0,3.0
1936.420044,3603.07959,3820.160645,3654.755615,-1019.621826,-1977.552612,-2299.147705,-4625.424316,-4896.049805,4.0,3.0
1939.920044,3614.148926,3820.359375,3613.353271,-1047.957031,-2010.685913,-2338.388428,-4623.909668,-4864.478516,4.0,3.0
1943.420044,3623.623779,3823.158691,3632.605713,-1046.436523,-2037.750122,-2402.855469,-4653.032227,-4827.456055,4.0,3.0
1946.920044,3619.8479,3816.343506,3633.621826,-1102.730591,-2063.869873,-2438.51001,-4673.883789,-4785.261719,4.0,3.0
1950.420044,3637.235596,3796.187256,3588.720459,-1126.96814,-2105.739258,-2503.674316,-4696.568359,-4734.223633,4.0,3.0
1953.920044,3638.109619,3803.070557,3631.788818,-1119.60376,-2137.803223,-2554.018799,-4694.500977,-4694.986816,4.0,3.0
1957.420044,3644.077637,3802.300049,3654.676758,-1164.254028,-2136.647217,-2519.055176,-4655.967285,-4683.847168,4.0,3.0
1960.880005,3691.435791,3733.898926,3658.421875,-1154.854492,-2111.037598,-2423.455566,-4581.349121,-4676.221191,4.0,3.0
1964.380005,3706.101318,3804.067383,3651.838867,-1134.428589,-2098.587158,-2398.255371,-4557.680176,-4639.592773,4.0,3.0
1967.880005,3701.509033,3809.644775,3662.686523,-1139.432739,-2100.250244,-2394.337646,-4480.192871,-4629.42334,4.0,3.0
1971.380005,3685.561279,3809.110107,3677.489502,-1132.126709,-2090.950928,-2348.307373,-4468.222656,-4609.393066,4.0,3.0
1974.880005,3673.135498,3826.129395,3674.709961,-1155.428589,-2091.15332,-2389.229492,-4455.491211,-4581.634277,4.0,3.0
1978.380005,3690.979248,3820.779053,3677.641113,-1154.802368,-2132.372803,-2386.42334,-4387.629395,-4567.183105,4.0,3.0
1981.819946,3696.017578,3821.094482,3675.073975,-1149.129517,-2076.124756,-2357.690674,-4362.936035,-4558.435547,4.0,3.0
1985.319946,3699.476074,3811.716553,3679.862061,-1157.028564,-2131.347168,-2429.495361,-4424.678711,-4499.077637,4.0,3.0
1988.819946,3698.048828,3825.324219,3688.428711,-1204.411133,-2154.938232,-2434.576172,-4361.191895,-4504.614258,4.0,3.0
1992.280029,3709.570068,3822.359619,3682.21875,-947.512756,-2135.297363,-2382.473633,-4292.622559,-4448.163574,4.0,3.0
1995.819946,3702.193848,3827.962158,3684.04834,-1176.478027,-2123.979004,-2364.125488,-4246.657227,-4475.648926,4.0,3.0
1999.319946,3685.293457,3841.037842,3681.305908,-1184.810791,-2170.539307,-2438.625488,-4273.804199,-4444.369629,4.0,3.0
2002.780029,3725.088867,3841.369141,3671.57373,-1211.958618,-2191.680176,-2489.557861,-4272.990234,-4413.668945,4.0,3.0
2006.280029,3721.749512,3838.156738,3695.170166,-1233.895996,-2168.173584,-2440.248291,-4206.40332,-4402.839355,4.0,3.0
2009.780029,3776.750732,3833.04834,3702.324707,-1219.456421,-2124.229736,-2307.586914,-4092.372803,-4424.362305,4.0,3.0
2013.219971,3749.25415,3848.166016,3705.902832,-1173.921875,-2107.66748,-2229.651611,-3988.182861,-4408.913086,4.0,3.0
2016.670044,3737.321289,3851.850342,3737.518555,-1167.281738,-2102.836182,-2241.088867,-3983.296631,-4393.027344,4.0,3.0
2020.219971,3757.626709,3849.700439,3738.241455,-1172.658325,-2103.0354,-2205.579834,-3915.178467,-4383.636719,4.0,3.0
2023.719971,3757.249268,3861.975342,3719.06543,-1171.305542,-2098.5625,-2185.791016,-3875.813965,-4378.625,4.0,3.0
2027.219971,3780.247559,3831.229004,3736.532471,-1178.928101,-2105.454346,-2209.782227,-3911.717041,-4336.332031,4.0,3.0
2030.780029,3739.048828,3842.368408,3730.300049,-1177.585815,-2108.072021,-2185.162354,-3812.759521,-4336.290527,4.0,3.0
2034.280029,3771.588867,3854.222412,3713.72583,-1188.744873,-2123.986084,-2169.198975,-3789.779297,-4324.100098,4.0,3.0
2037.780029,3791.135986,3859.603516,3740.211182,-1184.374268,-2108.851074,-2173.535889,-3734.371094,-4323.130371,4.0,3.0
2041.280029,3778.327148,3859.949951,3758.337646,-1179.151367,-2115.193359,-2174.666016,-3683.07959,-4322.523926,4.0,3.0
2044.819946,3787.353271,3871.4646,3752.412109,-1197.813232,-2119.515869,-2158.044922,-3658.969727,-4310.188477,4.0,3.0
2048.320068,3800.049805,3876.740967,3726.776855,-1209.356445,-2126.376953,-2172.94458,-3592.05249,-4275.311523,4.0,3.0
2051.820068,3819.01416,3866.611084,3757.814453,-1200.62085,-2139.713623,-2171.181885,-3620.126709,-4256.786133,4.0,3.0
2055.280029,3807.855957,3863.932617,3751.777588,-1196.246216,-2129.245117,-2165.032471,-3599.461182,-4241.341309,4.0,3.0
2058.780029,3828.641113,3856.76709,3757.244385,-1192.518921,-2133.955811,-2175.297607,-3527.056152,-4243.216797,4.0,3.0
2062.280029,3843.797119,3862.450684,3767.676758,-1202.98999,-2152.053711,-2171.380859,-3522.149902,-4313.45166,4.0,3.0
2065.719971,3836.187988,3859.545654,3775.974609,-1205.089966,-2136.48999,-2176.642578,-3476.970215,-4229.646484,4.0,3.0
2069.219971,3845.597168,3856.567383,3759.824219,-1207.200806,-2158.854004,-2170.258789,-3434.467285,-4225.668945,4.0,3.0
2072.719971,3823.269287,3871.413086,3759.006836,-1209.49939,-2138.695557,-2194.369629,-3443.865967,-4200.787598,4.0,3.0
2076.219971,3833.188477,3807.213379,3751.511475,-1212.536743,-2174.712891,-2191.017822,-3443.739502,-4192.328613,4.0,3.0
2079.719971,3824.746826,3864.523193,3760.355225,-1236.006592,-2190.262695,-2208.438965,-3374.64209,-4183.037598,4.0,3.0
2083.169922,3837.651855,3861.672119,3767.431396,-1219.561279,-2183.56665,-2195.196289,-3368.268311,-4169.412109,4.0,3.0
2086.629883,3820.365479,3862.609131,3753.748047,-1236.51416,-2181.226562,-2223.712158,-3370.498291,-4158.569824,4.0,3.0
2090.129883,3855.276367,3858.96582,3769.697021,-1240.251221,-2195.219971,-2227.736084,-3350.525146,-4152.309082,4.0,3.0
2093.629883,3841.311035,3863.47876,3756.591309,-1240.856201,-2201.374512,-2216.786133,-3356.823486,-4127.836426,4.0,3.0
2097.129883,3846.689453,3853.453613,3750.788574,-1239.171509,-2195.519287,-2255.075439,-3301.412598,-4118.179687,4.0,3.0
2100.629883,3838.182129,3859.304932,3772.975342,-1263.205322,-2188.745361,-2257.560547,-3336.364746,-4088.135986,4.0,3.0
2104.169922,3855.188232,3860.521729,3769.604004,-1234.311157,-2208.560059,-2269.616699,-3313.131836,-4096.638672,4.0,3.0
2107.629883,3859.87915,3855.644043,3761.998291,-1259.632935,-2212.109375,-2286.606445,-3299.308105,-4091.38208,4.0,3.0
2111.169922,3859.900391,3859.195801,3735.436279,-1244.714966,-2210.539062,-2266.074951,-3268.165283,-4086.031494,4.0,3.0
2114.669922,3866.385986,3860.184326,3764.953857,-1242.078491,-2215.645508,-2293.804443,-3265.242676,-4054.245605,4.0,3.0
2118.129883,3860.117187,3858.585937,3758.244629,-1252.63208,-2221.434814,-2303.795166,-3258.797363,-4058.393555,4.0,3.0
2121.629883,3870.189453,3857.671631,3769.96167,-1252.163452,-2233.433105,-2291.261719,-3234.079834,-4062.107666,4.0,3.0
2125.169922,3877.41626,3849.92334,3771.256348,-1272.49231,-2240.675781,-2309.129395,-3236.263672,-4037.960205,4.0,3.0
2128.629883,3874.36084,3860.684814,3767.049072,-1266.349731,-2233.14624,-2319.509277,-3218.327148,-4041.762207,4.0,3.0
2132.129883,3871.645264,3836.169434,3753.933594,-1271.224854,-2253.244629,-2357.241455,-3208.968506,-4029.165527,4.0,3.0
2135.669922,3870.208984,3871.947998,3752.086426,-1286.025757,-2234.457764,-2370.820312,-3187.43042,-4000.27124,4.0,3.0
2139.169922,3873.683594,3794.479736,3750.179199,-1279.748291,-2276.249512,-2400.672363,-3165.729248,-4000.080078,4.0,3.0
2142.669922,3885.620605,3858.725098,3756.325195,-1295.99353,-2254.028076,-2414.172363,-3121.723877,-3972.98877,4.0,3.0
2146.169922,3867.897949,3857.796875,3704.407959,-1293.485474,-2260.828369,-2454.237305,-3089.654053,-3958.498779,4.0,3.0
2149.669922,3881.370361,3855.230713,3743.814697,-1325.927612,-2277.04248,-2518.476074,-3035.460937,-3972.526367,4.0,3.0
2153.169922,3888.970459,3854.141357,3751.500732,-1343.95874,-2288.058105,-2499.295898,-3037.211426,-3953.052734,4.0,3.0
2156.669922,3895.107178,3854.179932,3747.30127,-1337.828003,-2261.623535,-2573.047607,-2962.194092,-3839.439453,4.0,3.0
2160.169922,3898.064697,3851.766602,3759.206055,-1408.702881,-2334.050537,-2768.046875,-2888.174805,-3925.892334,4.0,3.0
2163.669922,3924.822998,3862.005859,3730.613037,-1443.218994,-2360.0,-2781.362793,-2824.858398,-3925.68335,4.0,3.0
2167.129883,3931.423584,3850.139893,3729.397217,-1445.524536,-2372.294922,-2928.170654,-2748.67334,-3890.195068,4.0,3.0
2170.629883,3916.09082,3859.016602,3723.018555,-1490.518677,-2445.487305,-3015.20752,-2703.344727,-3883.705322,4.0,3.0
2174.280029,3908.109619,3857.04248,3740.000488,-1537.648315,-2520.158447,-2611.162109,-2503.801514,-3816.722412,5.0,1.0
2177.780029,3896.843262,3795.962891,3745.544434,-1717.211548,-3139.414062,-3227.695312,-2513.475098,-3867.84082,5.0,1.0
2181.320068,3933.34668,3860.323975,3714.930664,-1783.852539,-2860.830566,-3198.326416,-2489.279297,-3860.217773,5.0,1.0
2184.820068,3928.907959,3854.299561,3715.587158,-1780.777222,-2899.359619,-3180.884277,-2457.331543,-3852.44873,5.0,1.0
2188.320068,3931.434814,3855.786377,3726.05249,-1833.59668,-2949.881348,-3179.532715,-2480.207764,-3856.055176,5.0,1.0
2191.780029,3949.347412,3863.504639,3725.896729,-1807.642822,-2966.710693,-3146.264648,-2372.284912,-3832.31958,5.0,1.0
2195.280029,3932.979492,3855.45752,3720.926025,-1915.660767,-3043.551758,-3107.69873,-2323.207031,-3824.903564,5.0,1.0
2198.780029,3936.982422,3867.146484,3727.960449,-1973.046997,-3088.071533,-3079.078125,-2331.595947,-3826.935791,5.0,1.0
2202.219971,3960.76001,3871.393555,3725.058594,-1965.039795,-3090.825439,-3001.033936,-2263.971924,-3810.83252,5.0,1.0
2205.719971,3951.908203,3875.465576,3740.851318,-1936.238525,-2954.825928,-2721.005615,-2086.823486,-3768.058838,5.0,1.0
2209.219971,3928.878418,3975.561279,3795.299805,-1602.030884,-2582.980957,-2471.68457,-2010.921753,-3879.237305,5.0,1.0
2212.719971,3971.172363,4078.836182,3845.545898,-1386.800537,-2395.473877,-2311.791992,-1757.452271,-3415.272461,5.0,1.0
2216.129883,3967.342773,4100.817871,3874.896729,-1320.437866,-2189.906494,-2250.098145,-1728.531006,-3316.461914,5.0,1.0
2219.629883,3966.982178,4082.213867,3889.508789,-1277.884644,-2247.774902,-2030.029907,-1328.503296,-3050.799561,5.0,1.0
2223.129883,3986.386963,4120.932617,3771.094727,-1120.740234,-2010.125977,-1796.94458,-1208.622925,-2921.554443,5.0,1.0
2226.669922,4001.83252,4142.443848,3711.355713,-841.579163,-1760.529907,-1591.964722,-959.404419,-2637.362061,5.0,1.0
2230.169922,4050.287109,4275.018066,3724.354736,-595.916565,-1534.298096,-1421.279053,-754.995728,-2689.662354,5.0,1.0
2233.719971,4008.816895,4345.157227,3752.620605,-465.149445,-1400.947144,-1321.078247,-862.051758,-2716.454102,5.0,1.0
2237.219971,4055.026123,4389.731934,3834.018311,-403.62088,-1345.140991,-1332.884155,-887.238281,-2801.859863,5.0,1.0
2240.719971,4170.481934,4432.782227,3886.678711,-369.874237,-1315.579712,-1307.739746,-895.111572,-2805.214844,5.0,1.0
2244.169922,4197.786621,4469.76416,3964.519531,-319.540466,-1282.449097,-1328.012695,-902.757996,-2795.643311,5.0,1.0
2247.669922,4210.569336,4522.494141,4023.336426,-291.992645,-1310.767822,-1366.056274,-896.001343,-2833.398926,5.0,1.0
2251.129883,4251.472168,4557.218262,4024.688477,-322.435455,-1334.062012,-1358.01123,-884.173462,-2838.916016,5.0,1.0
2254.629883,4269.408691,4555.139648,4018.69165,-325.2677,-1325.051025,-1357.035522,-882.725464,-2789.368408,5.0,1.0
2258.129883,4265.605469,4550.099609,4018.993652,-325.859741,-1329.262451,-1366.692505,-892.809937,-2801.528076,5.0,1.0
2261.629883,4266.01123,4553.232422,4026.655518,-331.979004,-1337.192505,-1375.639893,-903.218018,-2809.143799,5.0,1.0
2265.169922,4263.294434,4552.340332,3998.808105,-340.391693,-1344.902466,-1383.956421,-913.015076,-2815.522217,5.0,1.0
2268.669922,4261.499512,4549.644531,4017.546143,-346.222198,-1349.099365,-1388.48584,-918.595825,-2822.937012,5.0,1.0
2272.169922,4260.793457,4542.896484,4017.645508,-349.926056,-1351.63147,-1391.223267,-921.886719,-2839.205566,5.0,1.0
2275.629883,4260.549805,4542.37793,4017.6604,-352.039795,-1350.620728,-1392.480591,-922.511292,-2884.593018,5.0,1.0
2279.129883,4261.205078,4543.961426,4017.386475,-353.699005,-1352.794922,-1393.370605,-918.430176,-2854.258545,5.0,1.0
2282.629883,4260.866699,4544.279785,4016.474609,-355.259155,-1351.688354,-1393.843384,-925.824585,-2863.495117,5.0,1.0
2286.129883,4243.473633,4542.564941,4016.806396,-351.024994,-1354.85083,-1396.236328,-924.759644,-2861.221436,5.0,1.0
2289.629883,4259.717773,4542.359863,4018.492676,-360.110046,-1354.676025,-1396.65625,-924.832886,-2869.266846,5.0,1.0
2293.129883,4258.217285,4542.050293,4016.457764,-359.077515,-1354.957031,-1401.544434,-925.647156,-2868.185547,5.0,1.0
2296.669922,4261.375977,4541.202148,4016.852295,-360.856812,-1355.547485,-1397.994141,-925.609741,-2870.377441,5.0,1.0
2300.169922,4259.822754,4539.997559,4015.670898,-362.767456,-1356.404419,-1399.707642,-925.856506,-2870.710449,5.0,1.0
2303.669922,4259.791992,4539.333496,4015.829102,-363.360443,-1357.178833,-1400.567017,-927.584656,-2874.509033,5.0,1.0
2307.169922,4247.957031,4538.711914,4015.769287,-365.548431,-1358.533813,-1402.493286,-928.11676,-2870.494873,5.0,1.0
2310.669922,4248.824219,4537.902832,4015.474854,-367.596619,-1358.416016,-1404.610474,-926.747375,-2878.241699,5.0,1.0
2314.169922,4248.347656,4536.848633,4014.435059,-368.888245,-1360.022217,-1404.680542,-931.083801,-2876.199951,5.0,1.0
2317.570068,4247.756348,4536.365723,4014.599854,-368.427948,-1358.708496,-1407.10791,-931.223633,-2881.378418,5.0,1.0
2321.070068,4247.874023,4535.174805,4014.247803,-370.680695,-1362.442261,-1408.356323,-932.314087,-2883.939453,5.0,1.0
2324.570068,4248.496094,4535.367187,4014.148926,-372.882385,-1362.269287,-1408.679443,-931.774353,-2885.279785,5.0,1.0
2328.030029,4256.916504,4534.515137,4013.868408,-373.482208,-1363.03064,-1411.586182,-931.527954,-2882.024902,5.0,1.0
2331.530029,4255.886719,4533.785645,4013.300293,-374.14447,-1365.351196,-1412.756592,-932.705017,-2888.623779,5.0,1.0
2335.030029,4256.104492,4532.864258,4012.734619,-376.337646,-1366.204346,-1414.735352,-934.241333,-2892.396729,5.0,1.0
2338.530029,4247.753418,4532.612793,4013.220703,-377.776886,-1369.345337,-1414.015747,-936.099915,-2894.824707,5.0,1.0
2341.969971,4246.491699,4531.622559,4012.383789,-380.280487,-1367.185059,-1417.95166,-939.977051,-2896.22876,5.0,1.0
2345.469971,4246.505371,4531.06543,4012.181885,-381.273804,-1369.079834,-1420.031494,-939.899963,-2897.115723,5.0,1.0
2348.969971,4246.124023,4530.174805,4011.308594,-385.075989,-1371.105835,-1421.716064,-940.523132,-2900.108398,5.0,1.0
2352.419922,4245.482422,4528.984375,4011.963135,-385.832275,-1373.073975,-1423.559204,-942.993103,-2898.602539,5.0,1.0
2355.919922,4244.619141,4524.472168,4010.702393,-387.923706,-1374.727051,-1427.699341,-945.000488,-2898.094482,5.0,1.0
2359.379883,4244.192871,4527.293945,4010.748535,-387.732574,-1377.308472,-1426.331787,-944.62085,-2907.052002,5.0,1.0
2362.879883,4244.39209,4527.464844,4010.752686,-391.3638,-1376.447144,-1428.938721,-943.869202,-2904.4646,5.0,1.0
2366.379883,4243.764648,4526.193848,4011.232666,-392.105835,-1379.452271,-1430.732422,-944.944946,-2910.821289,5.0,1.0
2369.820068,4243.365723,4524.33252,4010.651611,-394.197845,-1377.849609,-1431.797363,-949.5672,-2914.32666,5.0,1.0
2373.379883,4242.231445,4524.134277,4010.83374,-398.375519,-1381.690552,-1434.321899,-947.586182,-2911.541748,5.0,1.0
2376.879883,4242.437988,4523.760742,4009.278564,-396.157135,-1380.688477,-1436.122925,-946.695862,-2915.214111,5.0,1.0
2380.379883,4241.57373,4521.055664,4008.943115,-398.3237,-1384.819214,-1438.258057,-951.414612,-2918.289551,5.0,1.0
2383.879883,4240.988281,4521.581543,4005.651855,-400.534027,-1386.609619,-1443.077026,-955.962158,-2916.289062,5.0,1.0
2387.379883,4241.154785,4519.97168,4008.651611,-405.908173,-1387.555542,-1426.159058,-955.369812,-2917.618896,5.0,1.0
2390.879883,4241.1875,4516.6875,4007.412109,-402.7211,-1389.502808,-1443.328735,-956.491455,-2919.305664,5.0,1.0
2394.379883,4238.894043,4503.774902,4009.338379,-403.653351,-1380.082764,-1445.04126,-959.043945,-2913.067139,5.0,1.0
2397.879883,4245.558594,4517.40625,4010.223633,-414.696503,-1375.894653,-1447.950317,-960.705811,-2921.500732,5.0,1.0
2401.379883,4243.996094,4517.333984,4005.005859,-413.111176,-1393.238281,-1447.238892,-963.638611,-2937.720703,5.0,1.0
2404.919922,4247.682617,4517.069824,4004.648682,-402.367523,-1394.80188,-1450.12085,-965.110596,-2923.408447,5.0,1.0
2408.419922,4245.301758,4511.186523,4008.447998,-398.523041,-1394.723877,-1450.623047,-962.057434,-2923.490234,5.0,1.0
2411.919922,4243.953125,4515.921875,4008.966553,-414.614929,-1396.605347,-1452.608887,-963.057312,-2928.479248,5.0,1.0
2415.419922,4243.057617,4513.583984,4014.223877,-416.443024,-1398.262451,-1456.581421,-968.65802,-2928.745117,5.0,1.0
2418.969971,4238.161621,4513.594238,4008.468506,-418.405975,-1399.808472,-1457.309082,-975.723633,-2930.839844,5.0,1.0
2422.469971,4235.945801,4512.666016,4008.041992,-420.380768,-1400.85083,-1461.439575,-968.284424,-2932.382568,5.0,1.0
2425.969971,4243.82959,4510.525879,3994.08252,-421.869202,-1401.76001,-1501.588867,-969.266846,-2936.0625,5.0,1.0
2429.469971,4246.644043,4505.681152,4003.347412,-423.907166,-1418.027466,-1461.255005,-970.702698,-2933.136475,5.0,1.0
2432.919922,4245.050781,4503.078613,4005.282715,-431.618408,-1403.698486,-1463.385986,-973.28186,-2937.937988,5.0,1.0
2436.379883,4245.594238,4506.704102,4007.956299,-424.904175,-1406.841919,-1465.314697,-973.430542,-2940.662842,5.0,1.0
2439.879883,4232.698242,4508.242187,4007.675781,-429.680969,-1410.240845,-1466.292358,-973.981018,-2942.640869,5.0,1.0
2443.379883,4243.38916,4507.625977,4001.659424,-428.069305,-1408.320068,-1478.250488,-975.30127,-2943.17041,5.0,1.0
2446.879883,4243.426758,4473.888672,4008.026855,-440.884094,-1409.451904,-1468.818237,-975.999146,-2944.819092,5.0,1.0
2450.389893,4204.681152,4506.693359,4009.374756,-440.934601,-1411.333374,-1469.550293,-977.46991,-2947.482422,5.0,1.0
2453.879883,4233.006836,4507.864746,4008.826172,-432.609192,-1411.550781,-1471.65564,-979.207947,-2947.054199,5.0,1.0
2457.419922,4232.832031,4505.388672,4008.772217,-438.151123,-1413.792847,-1473.350952,-980.854919,-2945.926025,5.0,1.0
2460.919922,4221.320312,4501.858398,4007.973145,-434.241425,-1415.015503,-1474.886963,-982.336609,-2949.923828,5.0,1.0
2464.379883,4232.266113,4502.571289,4006.66333,-435.494232,-1415.491577,-1476.203735,-982.921021,-2953.12793,5.0,1.0
2467.879883,4232.456055,4502.666504,4006.853027,-437.700348,-1416.695923,-1477.532104,-985.457764,-2954.164062,5.0,1.0
2471.379883,4232.909668,4501.540039,4008.341797,-438.634888,-1417.938843,-1482.266846,-984.449402,-2956.851807,5.0,1.0
2474.879883,4229.672363,4498.725098,4007.956787,-439.994019,-1420.240356,-1480.159546,-983.166199,-2957.458252,5.0,1.0
2478.379883,4241.57373,4498.867676,4007.796631,-441.619385,-1418.540771,-1481.605469,-989.285645,-2957.1521,5.0,1.0
2481.919922,4199.945801,4500.17627,4003.446533,-443.173218,-1420.901123,-1481.620728,-994.575562,-2956.528809,5.0,1.0
2485.469971,4240.122559,4499.615723,4005.599609,-449.183441,-1422.564453,-1483.451782,-986.263367,-2960.070801,5.0,1.0
2488.919922,4239.154785,4499.103027,4007.435791,-445.677734,-1422.993042,-1487.138672,-987.27771,-2959.508057,5.0,1.0
2492.419922,4240.308105,4497.809082,4007.556885,-451.148437,-1424.362305,-1489.112427,-989.60321,-2963.62085,5.0,1.0
2495.969971,4240.178223,4496.211426,4008.096436,-451.133118,-1433.432617,-1483.142334,-990.688293,-2964.877686,5.0,1.0
2499.469971,4228.898437,4496.490234,4000.300537,-450.706726,-1423.96521,-1489.155151,-1008.676636,-2965.54248,5.0,1.0
2502.969971,4228.575195,4495.736328,4007.450439,-448.536194,-1426.177124,-1488.707031,-995.449768,-2965.919922,5.0,1.0
2506.469971,4227.384766,4496.083496,4007.04834,-450.446808,-1431.927612,-1497.628052,-996.827576,-2968.366455,5.0,1.0
2509.919922,4225.841309,4492.242187,4006.454834,-451.269958,-1430.282104,-1491.214111,-994.688416,-2967.79126,5.0,1.0
2513.419922,4225.939941,4495.004883,4006.266602,-455.335052,-1431.610107,-1493.922729,-997.453674,-2970.077393,5.0,1.0
2516.919922,4238.592285,4494.049316,4007.412354,-454.558258,-1433.376831,-1496.229492,-999.10968,-2972.545898,5.0,1.0
2520.469971,4237.557129,4488.041016,4005.392334,-459.149323,-1436.429321,-1499.244873,-1002.011108,-2968.64917,5.0,1.0
2523.969971,4237.989746,4492.538574,4006.58374,-462.002502,-1437.207153,-1500.52417,-1003.939148,-2971.403564,5.0,1.0
2527.379883,4237.691406,4491.513672,4004.221436,-461.74588,-1436.114868,-1500.714233,-1003.070374,-2976.306885,5.0,1.0
2530.879883,4236.545898,4492.310059,4004.881348,-462.78656,-1439.113647,-1503.201782,-1006.956177,-2974.936279,5.0,1.0
2534.379883,4234.765625,4488.538086,4006.201416,-463.611847,-1439.030518,-1505.814941,-1006.369812,-2981.749756,5.0,1.0
2537.879883,4235.69043,4488.707031,4005.877686,-465.780334,-1442.964233,-1507.235596,-1009.769348,-2976.606201,5.0,1.0
2541.419922,4234.666016,4488.937988,4003.096436,-469.264404,-1445.014404,-1507.438477,-1011.198547,-2976.623291,5.0,1.0
2544.879883,4232.283203,4485.720215,4001.80127,-469.728424,-1444.811401,-1509.403076,-1011.869446,-2974.927246,5.0,1.0
2548.379883,4221.436035,4485.286621,4005.678223,-470.871613,-1446.413208,-1510.230957,-1015.436951,-2981.186768,5.0,1.0
2551.919922,4222.395996,4485.448242,4005.824707,-473.469421,-1449.850708,-1511.841919,-1017.078674,-2984.836914,5.0,1.0
2555.419922,4233.557617,4484.354492,4006.547119,-476.071655,-1449.331909,-1512.446655,-1015.8479,-2985.540283,5.0,1.0
2558.879883,4236.495117,4484.726562,4006.106689,-476.021729,-1449.310669,-1513.694946,-1016.083862,-2989.67627,5.0,1.0
2562.419922,4234.678223,4485.405273,4006.237305,-476.215088,-1449.962036,-1515.174561,-1015.565186,-2986.711426,5.0,1.0
2565.919922,4221.236328,4483.289062,4006.403564,-477.525177,-1452.111816,-1515.401489,-1018.840149,-2987.603516,5.0,1.0
2569.379883,4222.123535,4483.43457,4005.531982,-477.823364,-1453.378418,-1517.466675,-1018.94104,-2990.985596,5.0,1.0
2572.879883,4221.165527,4484.182129,4006.307617,-480.11264,-1455.669922,-1516.798584,-1020.941223,-2992.251953,5.0,1.0
2576.379883,4233.356934,4482.861328,4005.321045,-481.673798,-1454.318848,-1517.860962,-1021.575256,-2986.213135,5.0,1.0
2579.919922,4232.975098,4481.539062,4004.95459,-484.21106,-1456.13916,-1522.979248,-1016.992126,-2990.48877,5.0,1.0
2583.419922,4233.10791,4480.505859,4004.477295,-485.643555,-1459.429687,-1523.227905,-1022.165955,-2993.48584,5.0,1.0
2586.820068,4218.688965,4480.063477,4003.879883,-487.455139,-1459.402832,-1525.85437,-1024.190308,-2997.057617,5.0,1.0
2590.280029,4219.847168,4477.791504,4003.257324,-486.369385,-1459.254028,-1524.404907,-1029.494507,-2999.633301,5.0,1.0
2593.780029,4219.089844,4477.318848,4004.414795,-487.837952,-1457.457275,-1526.268677,-1029.13916,-2992.218506,5.0,1.0
2597.320068,4219.493652,4477.353027,4004.17749,-490.068817,-1462.592041,-1524.049927,-1028.269897,-2999.297119,5.0,1.0
2600.820068,4218.17334,4477.245605,4003.50708,-488.527191,-1458.112427,-1527.407959,-1029.835327,-2998.244141,5.0,1.0
2604.379883,4217.509766,4475.816895,4004.495117,-490.015167,-1462.52832,-1530.477417,-1030.2052,-3003.227539,5.0,1.0
2607.879883,4217.494629,4475.344727,4003.774414,-489.688843,-1464.820679,-1529.550537,-1027.168335,-3002.346191,5.0,1.0
2611.379883,4218.063477,4475.15625,4003.267334,-492.286926,-1465.603882,-1531.574707,-1033.185181,-3000.84375,5.0,1.0
2614.879883,4217.922363,4474.817871,4004.105957,-490.910156,-1468.385986,-1534.592407,-1031.989502,-3003.304687,5.0,1.0
2618.320068,4230.466797,4473.954102,4004.570068,-495.697968,-1467.728516,-1534.969604,-1033.803345,-3007.846436,5.0,1.0
2621.820068,4230.379883,4472.421875,4001.819824,-497.263885,-1469.095581,-1536.81897,-1036.824097,-3010.037109,5.0,1.0
2625.379883,4230.094238,4473.42041,4005.888428,-497.60611,-1469.970093,-1535.322754,-1034.017212,-3009.198486,5.0,1.0
2628.879883,4230.825684,4472.102051,4002.041016,-497.32132,-1469.11145,-1538.52124,-1041.254272,-3012.143799,5.0,1.0
2632.419922,4229.343262,4471.545898,4003.878418,-499.269928,-1470.765259,-1537.917236,-1036.705811,-3013.975342,5.0,1.0
2635.919922,4216.15332,4471.443359,4004.766846,-501.44162,-1471.817383,-1541.224121,-1037.815674,-2992.669922,5.0,1.0
2639.419922,4214.348145,4469.527832,4004.383057,-505.186615,-1476.525513,-1542.389038,-1036.818481,-3013.622559,5.0,1.0
2642.919922,4229.648926,4467.540527,4004.153564,-502.786621,-1473.393433,-1538.77063,-1039.399048,-3015.102295,5.0,1.0
2646.419922,4228.226562,4467.895508,4004.500244,-503.999023,-1474.849731,-1542.723267,-1039.2677,-3016.522461,5.0,1.0
2649.879883,4228.859375,4464.833008,4005.591064,-505.072632,-1476.665771,-1543.717285,-1042.304687,-3019.554932,5.0,1.0
2653.379883,4230.157227,4466.719727,4003.810303,-504.002991,-1474.598267,-1544.039429,-1043.192505,-3028.675293,5.0,1.0
2656.919922,4229.040039,4466.629395,4003.961182,-506.636169,-1475.700562,-1547.026245,-1042.957764,-3023.060059,5.0,1.0
2660.419922,4228.464355,4465.449219,4007.207275,-509.193573,-1477.686279,-1549.648437,-1045.275635,-3008.229248,5.0,1.0
2663.919922,4228.085449,4465.666016,4002.851562,-507.98233,-1482.71814,-1548.835449,-1046.63269,-3026.799561,5.0,1.0
2667.419922,4227.068848,4465.774414,4004.560303,-513.055969,-1481.100464,-1551.016357,-1046.240112,-3025.793457,5.0,1.0
2670.969971,4228.493164,4463.861816,4004.746094,-515.478638,-1478.164673,-1553.628418,-1048.128296,-3029.954346,5.0,1.0
2674.469971,4226.972168,4462.76416,4003.94458,-512.269104,-1486.055908,-1555.272705,-1051.929321,-3029.050537,5.0,1.0
2677.969971,4226.989258,4462.447754,4004.216064,-516.925781,-1486.723633,-1556.819092,-1051.46582,-3028.291016,5.0,1.0
2681.469971,4226.591309,4461.795898,4004.162842,-521.223694,-1487.86499,-1558.139282,-1055.062134,-3034.750488,5.0,1.0
2684.969971,4223.835937,4462.179687,4003.963379,-522.259155,-1488.210815,-1559.69812,-1054.194824,-3035.262207,5.0,1.0
2688.469971,4223.819824,4461.275879,4003.588867,-523.011719,-1488.751099,-1561.354248,-1054.512329,-3034.219238,5.0,1.0
2692.0,4224.163574,4460.842773,4003.24585,-522.448914,-1491.570435,-1561.501099,-1058.826416,-3034.160889,5.0,1.0
2695.530029,4225.744629,4459.498047,4002.180176,-524.186279,-1493.197632,-1563.603027,-1058.849365,-3039.600342,5.0,1.0
2699.070068,4230.64502,4459.42627,4002.951416,-527.147034,-1497.491577,-1568.793701,-1063.101685,-3037.635254,5.0,1.0
2702.570068,4216.655762,4458.756348,4002.196777,-523.344604,-1494.923706,-1566.620239,-1061.568359,-3035.139648,5.0,1.0
2706.070068,4216.412598,4460.410156,4002.885254,-529.136597,-1495.322266,-1568.777344,-1065.583862,-3054.76709,5.0,1.0
2709.530029,4212.769043,4458.421875,4002.469482,-530.806152,-1497.427002,-1571.302246,-1060.160278,-3035.916016,5.0,1.0
2712.969971,4209.844727,4457.534668,4002.333496,-530.997803,-1499.535645,-1567.957031,-1066.473022,-3036.159912,5.0,1.0
2716.469971,4208.929199,4456.250488,4000.986816,-528.132874,-1500.020874,-1571.339355,-1066.769531,-3037.577148,5.0,1.0
2719.969971,4206.843262,4456.056152,4002.092285,-534.189026,-1501.110962,-1574.706421,-1062.045288,-3033.634033,5.0,1.0
2723.469971,4220.714355,4453.709961,4003.278076,-538.128174,-1503.870483,-1569.563354,-1065.875122,-3041.594238,5.0,1.0
2726.969971,4220.994141,4455.103027,4001.45459,-535.236633,-1500.310303,-1576.757446,-1061.016846,-3040.252686,5.0,1.0
2730.469971,4221.135742,4454.466309,4003.105225,-536.242554,-1504.745117,-1574.866333,-1065.649414,-3046.131348,5.0,1.0
2733.969971,4220.023437,4453.230469,4001.94751,-536.768311,-1506.881226,-1575.532837,-1071.911865,-3045.24292,5.0,1.0
2737.469971,4220.565918,4451.830078,4002.68335,-543.250427,-1504.678345,-1580.178955,-1072.622314,-3059.879883,5.0,1.0
2741.030029,4220.446289,4451.387207,4000.846191,-541.337708,-1507.825684,-1582.19397,-1067.829224,-3042.533447,5.0,1.0
2744.530029,4221.287598,4452.475586,4000.596191,-543.301941,-1509.562988,-1577.931274,-1068.111206,-2998.205566,5.0,1.0
2748.070068,4216.353516,4451.635742,4000.980469,-545.538574,-1505.072388,-1580.643188,-1076.737671,-2995.980713,5.0,1.0
2751.570068,4168.255371,4450.991699,4001.585449,-541.807922,-1510.4552,-1586.842529,-1076.080566,-3001.626221,5.0,1.0
2755.129883,4205.994629,4449.845703,4002.758301,-549.205444,-1509.936768,-1587.062012,-1076.21228,-3015.429199,5.0,1.0
2758.629883,4206.13916,4450.052246,4002.248291,-549.572327,-1514.216309,-1585.448608,-1080.768433,-3054.925781,5.0,1.0
2762.129883,4206.831055,4448.631836,4001.154053,-549.909302,-1514.000977,-1589.580078,-1081.912842,-3055.915527,5.0,1.0
2765.629883,4205.115234,4447.885742,4001.237549,-551.593445,-1516.983887,-1587.414185,-1080.885254,-3044.418701,5.0,1.0
2769.129883,4205.040039,4447.940918,4001.04541,-553.168701,-1514.59668,-1591.795044,-1081.477417,-3057.027588,5.0,1.0
2772.629883,4217.854004,4447.467285,4001.937256,-553.569824,-1517.779663,-1593.165527,-1085.102173,-3059.029541,5.0,1.0
2776.280029,4218.983887,4446.73584,4001.034668,-552.481873,-1516.607666,-1593.87915,-1078.561646,-3056.309814,6.0,2.0
2779.820068,4218.08252,4445.809082,4000.217773,-555.877075,-1520.33313,-1591.024902,-1095.752441,-3055.79541,6.0,2.0
2783.280029,4217.692871,4445.201172,3999.255859,-555.640381,-1519.340942,-1593.927002,-1082.305786,-3060.513916,6.0,2.0
2786.820068,4217.684082,4442.069336,4000.251465,-558.85791,-1515.61792,-1595.31897,-1083.718384,-3060.649902,6.0,2.0
2790.379883,4203.606934,4444.316895,3998.679443,-557.956482,-1521.500244,-1596.929687,-1085.144409,-3063.996826,6.0,2.0
2793.879883,4203.286621,4444.082031,3998.361084,-558.915894,-1523.022461,-1599.416382,-1086.370239,-3066.079102,6.0,2.0
2797.379883,4203.668457,4442.78125,3997.811279,-560.46582,-1524.529785,-1601.798218,-1088.760742,-3069.072754,6.0,2.0
2800.919922,4203.027344,4442.077637,3997.683838,-562.467224,-1525.8125,-1596.991943,-1090.139282,-3067.4646,6.0,2.0
2804.419922,4203.049805,4441.674805,3997.761719,-563.118896,-1524.259521,-1604.046265,-1088.944092,-3067.651611,6.0,2.0
2807.969971,4202.477539,4441.019531,3999.129639,-563.520508,-1527.215088,-1601.977661,-1091.018677,-3069.866455,6.0,2.0
2811.469971,4202.14502,4440.879395,3997.636475,-564.661438,-1527.813354,-1602.863525,-1091.623047,-3067.763184,6.0,2.0
2814.969971,4216.57373,4440.661621,3998.666504,-563.777893,-1530.028198,-1602.041748,-1086.453003,-3066.377441,6.0,2.0
2818.469971,4216.397461,4440.197266,3997.857666,-564.697388,-1526.911255,-1600.610962,-1090.009521,-3065.568848,6.0,2.0
2821.969971,4215.549805,4439.699219,3997.255127,-563.669312,-1527.252319,-1600.369385,-1090.757568,-3064.932129,6.0,2.0
2825.469971,4214.752441,4438.493652,3959.643555,-566.14978,-1526.685181,-1600.967407,-1088.641479,-3068.243408,6.0,2.0
2828.969971,4214.759766,4438.465332,3997.613281,-565.222473,-1527.200928,-1595.161621,-1091.82959,-3070.165527,6.0,2.0
2832.469971,4214.555664,4437.80957,3997.675537,-564.039368,-1524.869873,-1600.456787,-1089.085693,-3071.322754,6.0,2.0
2836.030029,4214.517578,4437.502441,3991.634277,-568.311279,-1529.363037,-1602.260742,-1098.414917,-3074.493164,6.0,2.0
2839.570068,4215.445801,4437.941406,3998.067383,-568.753662,-1524.216553,-1604.971313,-1097.56311,-3080.684326,6.0,2.0
2843.129883,4215.411133,4436.358887,3999.120605,-569.896179,-1533.316284,-1610.212158,-1095.874756,-3083.602783,6.0,2.0
2846.629883,4215.034668,4405.656738,3998.540039,-572.905579,-1535.68335,-1611.467407,-1099.629272,-3083.165527,6.0,2.0
2850.169922,4203.461426,4434.475098,3998.957031,-570.798828,-1532.896362,-1615.005615,-1103.197388,-3083.151855,6.0,2.0
2853.719971,4201.761719,4434.903809,3999.442627,-578.205872,-1538.852539,-1613.04187,-1103.698853,-3083.662109,6.0,2.0
2857.219971,4202.26709,4435.359375,3999.670898,-578.915161,-1538.902954,-1612.200684,-1106.361694,-3086.889893,6.0,2.0
2860.669922,4211.911621,4433.461426,3998.989258,-582.235474,-1541.551025,-1621.339355,-1108.443481,-3091.049805,6.0,2.0
2864.169922,4213.338379,4434.047363,4000.680664,-585.592712,-1544.220581,-1621.858276,-1109.798706,-3091.242432,6.0,2.0
2867.629883,4200.394531,4432.420898,3997.783936,-585.91394,-1542.094604,-1626.35144,-1111.858032,-3048.139893,6.0,2.0
2871.070068,4194.091309,4431.347168,3997.241699,-587.878662,-1547.103516,-1627.637695,-1111.907227,-3042.960449,6.0,2.0
2874.570068,4198.275391,4430.635254,3998.610596,-591.14624,-1549.231689,-1629.05188,-1115.422729,-3095.336914,6.0,2.0
2878.070068,4199.858398,4430.367187,3998.098389,-592.059082,-1550.725708,-1632.344482,-1115.5625,-3096.217529,6.0,2.0
2881.530029,4196.762695,4428.978516,3985.485596,-594.749695,-1547.744751,-1634.137817,-1113.627075,-3051.19873,6.0,2.0
2885.030029,4198.540527,4428.634766,3996.997314,-593.473938,-1554.94397,-1634.910034,-1120.698486,-3045.897217,6.0,2.0
2888.469971,4196.954102,4427.612305,3995.508789,-595.212952,-1556.283081,-1637.815186,-1121.268066,-3053.195801,6.0,2.0
2892.030029,4197.59082,4426.660156,3995.689209,-599.439636,-1556.268311,-1635.672119,-1122.998657,-3051.592773,6.0,2.0
2895.530029,4197.467285,4426.619629,3994.02002,-600.682739,-1555.392456,-1640.790527,-1123.619507,-3050.864746,6.0,2.0
2899.070068,4196.68457,4426.426758,3997.41626,-602.930237,-1559.575439,-1642.370361,-1125.316895,-3052.234131,6.0,2.0
2902.570068,4195.833984,4426.643555,3993.888184,-604.753052,-1562.026367,-1644.282349,-1126.587036,-3056.079834,6.0,2.0
2906.129883,4196.826172,4424.817383,3994.109375,-605.93219,-1563.577393,-1642.750854,-1127.664185,-3114.692139,6.0,2.0
2909.570068,4194.238281,4424.459473,3994.056396,-607.833679,-1563.63916,-1645.891357,-1127.074219,-3116.989746,6.0,2.0
2913.070068,4195.400879,4423.568848,3994.347656,-609.684326,-1563.049683,-1646.347778,-1126.304687,-3117.04834,6.0,2.0
2916.530029,4204.674805,4422.539551,3993.690918,-605.672791,-1567.399048,-1645.165283,-1131.06958,-3110.143799,6.0,2.0
2920.070068,4193.044434,4422.168945,3993.728027,-611.981323,-1566.012573,-1652.84021,-1132.166504,-3111.760498,6.0,2.0
2923.629883,4193.90918,4421.478516,3994.713623,-613.814026,-1570.348633,-1654.014648,-1129.647705,-3117.261719,6.0,2.0
2927.169922,4193.565918,4421.438965,3993.385742,-616.744934,-1571.62439,-1654.465332,-1133.54895,-3115.224609,6.0,2.0
2930.719971,4193.743164,4420.01709,3993.253418,-617.712952,-1571.621704,-1656.459961,-1132.988525,-3113.7146,6.0,2.0
2934.219971,4192.960937,4419.625488,3993.09375,-618.515381,-1572.918213,-1658.091064,-1133.85498,-3121.210937,6.0,2.0
2937.719971,4192.041992,4419.121582,3993.175781,-621.495972,-1574.88855,-1658.356201,-1137.010498,-3122.324707,6.0,2.0
2941.219971,4203.453125,4418.638184,3993.70752,-621.564026,-1574.318237,-1660.422974,-1138.837402,-3123.447266,6.0,2.0
2944.719971,4203.731445,4417.905762,3993.762451,-623.969543,-1576.775024,-1662.609863,-1139.011353,-3121.909912,6.0,2.0
2948.219971,4192.418457,4417.291504,3993.243896,-624.737793,-1578.131104,-1665.283325,-1140.788696,-3131.706055,6.0,2.0
2951.780029,4191.709473,4416.456055,3992.751709,-626.241211,-1579.298828,-1668.509033,-1141.410156,-3126.994385,6.0,2.0
2955.280029,4190.907715,4416.184082,3992.895264,-627.644531,-1578.875366,-1667.745239,-1143.378784,-3133.705078,6.0,2.0
2958.820068,4190.519531,4415.95459,3993.231934,-627.709961,-1582.518677,-1668.721191,-1142.237793,-3135.531494,6.0,2.0
2962.379883,4190.217773,4415.987793,3992.597168,-631.316833,-1577.718506,-1667.302612,-1140.940186,-3133.072021,6.0,2.0
2965.879883,4192.12793,4414.446289,3992.251953,-632.481995,-1579.925293,-1671.384888,-1145.287964,-3135.359375,6.0,2.0
2969.419922,4201.599609,4415.07959,3991.42627,-629.969116,-1582.677856,-1673.120239,-1142.799805,-3135.565674,6.0,2.0
2972.919922,4201.470703,4412.72168,3991.964844,-635.587402,-1586.346558,-1673.794556,-1147.807373,-3137.776855,6.0,2.0
2976.469971,4190.129395,4413.29541,3990.280518,-637.939636,-1587.810303,-1676.207642,-1147.098145,-3138.553955,6.0,2.0
2979.969971,4189.112793,4412.80127,3990.337402,-638.221863,-1588.818848,-1677.337524,-1149.766968,-3140.476318,6.0,2.0
2983.469971,4188.946289,4412.629883,3989.135254,-639.111633,-1589.849731,-1678.343628,-1152.564941,-3147.901611,6.0,2.0
2987.030029,4188.361328,4411.908691,3990.054199,-639.493042,-1590.769653,-1681.025146,-1151.837402,-3150.823486,6.0,2.0
2990.570068,4188.728027,4411.583984,3990.194824,-641.179077,-1591.61499,-1681.324707,-1153.576416,-3147.784668,6.0,2.0
2994.129883,4188.053711,4411.213379,3989.283936,-643.94989,-1588.646362,-1681.753418,-1155.612305,-3136.596436,6.0,2.0
2997.629883,4187.466797,4410.636719,3991.460937,-645.555542,-1590.282593,-1693.656006,-1151.680908,-3152.299072,6.0,2.0
3001.169922,4187.759766,4410.966309,3989.021484,-645.917664,-1597.15979,-1686.59375,-1157.841309,-3150.658936,6.0,2.0
3004.669922,4185.766113,4409.490234,3989.075684,-651.584839,-1597.932007,-1687.925659,-1161.477295,-3155.109863,6.0,2.0
3008.169922,4187.30127,4409.136719,3991.800781,-648.399414,-1599.812012,-1690.588501,-1160.670654,-3155.107422,6.0,2.0
3011.719971,4185.609863,4407.687988,3990.584717,-654.305786,-1600.981567,-1692.073975,-1158.595581,-3156.408203,6.0,2.0
3015.219971,4197.20166,4407.137695,3989.110352,-654.708984,-1601.247192,-1694.102539,-1160.769897,-3153.601807,6.0,2.0
3018.719971,4196.546387,4406.751465,3990.893066,-652.820801,-1604.268433,-1692.746826,-1161.943726,-3159.862793,6.0,2.0
3022.280029,4184.494141,4405.747559,3928.390625,-656.855164,-1604.29248,-1695.815186,-1163.856201,-3157.486572,6.0,2.0
3025.820068,4184.349121,4405.210449,3990.023193,-658.755005,-1605.481567,-1696.590576,-1168.534302,-3159.489502,6.0,2.0
3029.320068,4184.348633,4404.384277,3991.521973,-657.544067,-1606.142456,-1698.335205,-1169.714111,-3160.747803,6.0,2.0
3032.879883,4183.821289,4403.969238,3990.791016,-662.690369,-1606.484375,-1703.105957,-1172.71936,-3166.99585,6.0,2.0
3036.379883,4183.405273,4403.574219,3990.291016,-663.345886,-1612.208496,-1703.984131,-1173.590454,-3168.721436,6.0,2.0
3039.919922,4183.410156,4402.766602,3990.007812,-665.932983,-1612.140015,-1704.724976,-1172.480103,-3165.592041,6.0,2.0
3043.419922,4182.73291,4401.733887,3989.710693,-665.151917,-1613.281738,-1706.94165,-1174.800415,-3163.853027,6.0,2.0
3046.919922,4181.273437,4401.336426,3989.743164,-666.785828,-1614.062378,-1708.966309,-1175.580688,-3167.198975,6.0,2.0
3050.469971,4181.212891,4399.895508,3988.799561,-669.89978,-1616.670654,-1709.138672,-1177.40271,-3169.686768,6.0,2.0
3053.969971,4180.16748,4399.591309,3988.108887,-672.098267,-1617.585571,-1711.892456,-1178.566772,-3167.506592,6.0,2.0
3057.469971,4179.413086,4398.875,3986.875488,-673.956299,-1619.576416,-1713.221924,-1177.686157,-3172.996826,6.0,2.0
3061.030029,4179.682617,4398.172363,3986.230225,-672.794617,-1620.897705,-1715.063354,-1181.204102,-3174.030029,6.0,2.0
3064.469971,4191.442383,4396.933105,3985.635742,-674.203552,-1621.335937,-1716.509033,-1181.506958,-3174.201172,6.0,2.0
3067.969971,4178.532227,4396.812012,3985.864502,-675.549805,-1622.694702,-1717.630737,-1182.880981,-3176.669922,6.0,2.0
3071.469971,4178.581055,4396.178711,3983.109863,-677.236755,-1622.696045,-1719.687744,-1183.084351,-3178.570312,6.0,2.0
3074.969971,4178.005371,4395.756348,3985.95459,-680.125122,-1624.883423,-1721.071411,-1185.319824,-3181.242676,6.0,2.0
3078.530029,4178.283691,4394.944336,3983.938477,-679.524536,-1626.219238,-1722.299683,-1186.38562,-3179.878418,6.0,2.0
3082.070068,4177.878418,4394.529297,3984.308105,-682.130737,-1627.517822,-1720.775635,-1185.559326,-3183.60083,6.0,2.0
3085.570068,4177.834961,4394.171875,3984.398926,-682.236267,-1626.74353,-1723.799316,-1185.773193,-3186.063721,6.0,2.0
3089.129883,4177.825684,4393.144043,3985.117676,-683.841675,-1628.150024,-1724.892334,-1187.57312,-3188.704102,6.0,2.0
3092.629883,4177.325684,4393.124023,3983.638428,-685.532715,-1629.39978,-1727.062622,-1190.107178,-3189.291016,6.0,2.0
3096.169922,4177.640137,4392.40918,3983.900879,-686.525513,-1630.628662,-1727.629395,-1190.242554,-3186.800781,6.0,2.0
3099.719971,4177.008789,4391.863281,3984.25415,-688.88916,-1631.863159,-1729.482788,-1189.425781,-3191.597168,6.0,2.0
3103.219971,4176.48877,4391.473145,3984.70874,-688.326172,-1633.110107,-1729.818237,-1192.693237,-3193.411865,6.0,2.0
3106.719971,4189.144531,4390.65625,3984.235107,-690.085815,-1634.187622,-1733.084473,-1192.88501,-3194.479492,6.0,2.0
3110.169922,4188.310547,4390.021484,3985.0271,-692.270996,-1635.950806,-1733.856567,-1195.570679,-3195.794678,6.0,2.0
3113.719971,4188.12207,4389.272949,3984.789551,-694.295105,-1637.894531,-1735.415894,-1195.795532,-3196.875977,6.0,2.0
3117.219971,4187.348145,4388.621582,3984.914062,-694.194519,-1638.581665,-1736.680176,-1196.722168,-3197.802734,6.0,2.0
3120.780029,4187.405762,4387.857422,3984.295654,-695.726929,-1639.712769,-1739.076416,-1198.564575,-3199.988037,6.0,2.0
3124.280029,4186.654297,4387.320312,3983.056152,-695.737915,-1640.744141,-1739.300537,-1198.994385,-3200.744629,6.0,2.0
3127.780029,4186.997559,4387.339355,3983.889404,-697.671875,-1641.479492,-1740.525391,-1200.552856,-3201.999023,6.0,2.0
3131.320068,4186.38623,4386.737793,3986.999756,-698.389343,-1641.816406,-1741.157349,-1200.624146,-3202.064697,6.0,2.0
3134.780029,4186.087402,4387.163574,3984.404541,-699.825256,-1643.144653,-1742.874878,-1201.402588,-3205.746094,6.0,2.0
3138.320068,4185.920898,4384.922363,3982.965332,-702.564026,-1644.329102,-1744.400269,-1203.094849,-3205.120117,6.0,2.0
3141.879883,4185.676758,4384.011719,3983.210449,-702.290955,-1645.325439,-1747.37854,-1203.716797,-3209.189209,6.0,2.0
3145.379883,4185.858398,4382.935059,3983.839111,-703.19989,-1647.074585,-1746.015991,-1203.240845,-3207.907959,6.0,2.0
3148.879883,4185.619141,4383.172363,3983.077148,-704.92572,-1646.93103,-1748.035156,-1202.7052,-3209.951416,6.0,2.0
3152.379883,4185.574707,4381.082031,3982.555908,-706.152893,-1647.095581,-1749.278198,-1205.873901,-3209.655029,6.0,2.0
3155.879883,4185.160645,4381.967773,3982.47583,-707.254028,-1649.800171,-1750.787964,-1207.324219,-3213.327881,6.0,2.0
3159.419922,4184.536133,4381.886719,3981.039795,-709.55957,-1650.6875,-1752.007812,-1207.170898,-3207.73999,6.0,2.0
3162.919922,4184.541016,4381.1875,3980.825195,-710.648193,-1651.862305,-1752.814453,-1208.324829,-3214.304199,6.0,2.0
3166.419922,4183.89209,4380.394043,3980.450684,-712.401306,-1652.527954,-1754.734863,-1207.910278,-3214.588623,6.0,2.0
3169.969971,4183.744629,4379.57666,3979.873535,-712.813782,-1654.088135,-1756.667847,-1210.481079,-3219.108643,6.0,2.0
3173.469971,4182.102539,4379.459473,3978.319336,-714.159851,-1654.98938,-1759.387329,-1209.358154,-3217.703125,6.0,2.0
3176.919922,4182.417969,4378.501953,3978.504883,-717.141296,-1655.95752,-1756.380615,-1213.609985,-3219.157471,6.0,2.0
3180.469971,4168.287109,4377.775391,3979.657471,-718.806396,-1656.86731,-1759.613403,-1214.384155,-3222.093018,6.0,2.0
3183.969971,4167.540527,4376.768555,3978.724121,-719.746643,-1658.569824,-1761.718872,-1213.884766,-3218.11499,6.0,2.0
3187.469971,4167.90332,4376.998535,3978.976807,-719.344299,-1658.888794,-1762.608765,-1214.502808,-3221.510254,6.0,2.0
3191.030029,4167.961914,4375.690918,3978.090332,-720.66803,-1660.303101,-1763.838501,-1215.369385,-3226.397461,6.0,2.0
3194.570068,4167.310547,4375.844727,3979.55127,-722.375977,-1662.176758,-1765.254639,-1217.238037,-3226.813721,6.0,2.0
3198.129883,4166.776855,4374.874023,3977.14209,-724.543518,-1662.311279,-1766.029053,-1220.358154,-3228.012207,6.0,2.0
3201.629883,4166.36377,4374.0,3979.374268,-726.242126,-1664.325684,-1768.573975,-1220.812134,-3228.157959,6.0,2.0
3205.169922,4180.155762,4372.091797,3977.162598,-727.842224,-1666.156128,-1769.838135,-1219.150146,-3228.773437,6.0,2.0
3208.629883,4179.8125,4372.390137,3977.544678,-728.239136,-1666.123901,-1771.378296,-1221.194458,-3231.464844,6.0,2.0
3212.129883,4162.893555,4372.243164,3978.358887,-729.446655,-1668.102051,-1772.709351,-1224.776001,-3231.75,6.0,2.0
3215.629883,4163.382324,4371.34082,3978.058838,-730.897522,-1668.879272,-1774.824585,-1225.617065,-3230.706299,6.0,2.0
3219.129883,4162.145508,4370.753906,3977.488037,-732.671021,-1670.548828,-1777.121826,-1224.11377,-3235.398437,6.0,2.0
3222.629883,4163.960937,4370.074219,3978.331787,-733.931946,-1670.534058,-1777.07605,-1228.064087,-3236.73877,6.0,2.0
3226.129883,4162.75293,4369.265137,3977.834961,-735.562744,-1672.810547,-1778.850342,-1227.941162,-3236.88623,6.0,2.0
3229.629883,4162.23877,4368.943359,3977.755371,-736.907288,-1674.157227,-1781.008301,-1230.053345,-3239.184814,6.0,2.0
3233.129883,4161.907227,4368.361328,3978.546387,-738.848816,-1675.300293,-1781.166626,-1232.826782,-3238.810059,6.0,2.0
3236.629883,4161.719727,4367.673828,3978.185791,-739.34375,-1675.636108,-1781.849976,-1233.05957,-3239.53418,6.0,2.0
3240.169922,4161.17041,4367.386719,3977.375977,-742.081726,-1678.1604,-1786.395386,-1235.167725,-3240.166016,6.0,2.0
3243.669922,4160.976562,4368.188477,3976.083496,-743.755493,-1679.384399,-1785.88147,-1236.357544,-3241.984863,6.0,2.0
3247.219971,4160.35791,4365.851074,3972.641113,-745.513672,-1680.614746,-1787.353638,-1236.761353,-3243.449463,6.0,2.0
3250.719971,4160.579102,4366.100098,3975.844238,-744.391113,-1681.797852,-1788.079346,-1237.147339,-3242.454834,6.0,2.0
3254.280029,4158.349609,4365.467285,3978.177002,-746.321472,-1682.411377,-1789.517456,-1239.223511,-3244.746338,6.0,2.0
3257.780029,4159.805176,4364.621094,3976.462402,-746.912964,-1683.090698,-1790.62561,-1240.133423,-3244.731934,6.0,2.0
3261.280029,4159.594727,4364.689453,3975.927246,-748.500122,-1684.616089,-1791.9646,-1240.905151,-3246.431152,6.0,2.0
3264.780029,4174.896973,4362.488281,3975.772217,-749.480042,-1685.916016,-1792.843628,-1241.510132,-3247.95752,6.0,2.0
3268.280029,4159.147949,4358.926758,3974.643555,-750.830261,-1686.0896,-1794.111694,-1243.275269,-3249.264648,6.0,2.0
3271.820068,4158.633789,4361.876465,3973.729736,-752.846497,-1687.53186,-1794.989868,-1243.672485,-3250.041748,6.0,2.0
3275.280029,4158.102051,4361.661133,3973.655273,-751.782959,-1687.619507,-1794.546631,-1243.599731,-3245.965576,6.0,2.0
3278.879883,4158.913086,4362.064453,3973.548828,-754.290283,-1687.790161,-1796.737549,-1242.83606,-3251.426025,6.0,2.0
3282.379883,4173.335937,4361.291992,3973.390137,-754.752686,-1688.541748,-1795.380249,-1242.838623,-3253.790039,6.0,2.0
3285.919922,4172.623535,4361.322266,3973.405273,-755.416748,-1688.985718,-1799.359131,-1244.05188,-3254.43042,6.0,2.0
3289.419922,4170.03125,4361.057129,3973.591797,-757.034729,-1691.016846,-1800.305298,-1246.022827,-3249.66333,6.0,2.0
3292.969971,4172.068848,4360.364746,3972.618408,-758.464783,-1692.177246,-1801.466187,-1246.173218,-3257.072021,6.0,2.0
3296.469971,4172.389648,4359.960449,3972.979736,-757.608948,-1691.946533,-1802.393433,-1246.05188,-3257.226318,6.0,2.0
3299.969971,4172.545898,4359.616699,3971.645508,-760.840637,-1693.927002,-1802.671021,-1247.838867,-3258.661865,6.0,2.0
3303.469971,4172.634766,4358.978516,3971.984375,-759.112427,-1693.27124,-1804.309204,-1249.568359,-3259.174805,6.0,2.0
3306.969971,4172.41748,4358.056152,3971.150879,-760.808289,-1694.256348,-1805.932983,-1249.765991,-3262.143799,6.0,2.0
3310.419922,4172.277832,4357.665039,3971.147949,-763.153564,-1696.216553,-1806.607788,-1251.222778,-3263.255371,6.0,2.0
3313.969971,4172.386719,4357.215332,3971.571045,-765.130737,-1696.957764,-1807.758057,-1251.300537,-3265.077637,6.0,2.0
3317.469971,4156.989746,4356.538574,3971.9375,-764.297424,-1696.886719,-1808.813354,-1253.115967,-3265.607666,6.0,2.0
3321.030029,4156.826172,4355.900391,3971.674316,-764.317566,-1698.208496,-1809.388794,-1252.987427,-3267.197266,6.0,2.0
3324.530029,4156.589844,4355.857422,3972.088379,-764.887695,-1698.995361,-1810.592163,-1253.372437,-3267.204346,6.0,2.0
3327.969971,4171.65625,4354.955078,3971.737061,-767.383362,-1699.622925,-1811.733887,-1254.317627,-3268.848877,6.0,2.0
3331.469971,4156.691406,4354.393066,3971.210937,-768.213745,-1700.975098,-1812.06958,-1255.677734,-3270.59082,6.0,2.0
3334.969971,4156.01123,4354.060059,3971.997803,-769.154236,-1700.655029,-1813.47876,-1256.655151,-3272.491943,6.0,2.0
3338.469971,4155.54248,4353.507812,3971.96875,-772.13208,-1702.216919,-1814.938477,-1258.282837,-3272.345459,6.0,2.0
3341.969971,4171.453125,4352.55127,3971.754395,-770.643188,-1701.577637,-1816.102295,-1259.681152,-3274.110596,6.0,2.0
3345.469971,4155.217285,4352.33252,3972.403564,-772.472534,-1703.707397,-1816.672729,-1258.980225,-3275.845947,6.0,2.0
3348.969971,4154.742676,4352.446777,3972.507812,-774.581421,-1704.618896,-1817.774536,-1259.907837,-3275.40332,6.0,2.0
3352.469971,4170.721191,4351.757812,3973.767334,-773.988098,-1704.271973,-1818.560425,-1259.913818,-3278.181396,6.0,2.0
3355.969971,4154.535645,4351.321777,3973.056885,-775.066162,-1706.379883,-1819.586914,-1262.372681,-3276.744385,6.0,2.0
3359.469971,4154.35791,4351.024902,3972.147949,-776.77832,-1706.791626,-1820.956299,-1261.550049,-3278.680908,6.0,2.0
3362.969971,4153.941895,4349.393555,3972.398437,-778.908569,-1709.463379,-1822.947876,-1262.961182,-3281.47168,6.0,2.0
3366.469971,4153.263184,4349.057617,3971.950439,-779.178467,-1710.289673,-1823.908447,-1264.538574,-3281.853271,6.0,2.0
3369.969971,4152.933105,4348.39209,3971.308594,-780.963318,-1710.87146,-1825.147705,-1266.84314,-3284.909424,6.0,2.0
3373.530029,4153.111328,4347.533691,3971.143799,-782.777405,-1712.993774,-1827.49646,-1266.651611,-3284.404053,6.0,2.0
3377.129883,4151.365723,4346.75293,3967.104004,-788.602051,-1715.970093,-1833.210083,-1275.377808,-3285.042969,7.0,3.0
3380.669922,4151.175781,4345.996582,3965.597656,-790.317383,-1719.203857,-1834.411621,-1275.959961,-3286.253662,7.0,3.0
3384.219971,4150.418457,4346.122559,3965.326172,-792.865479,-1720.62207,-1836.216797,-1276.534912,-3286.987305,7.0,3.0
3387.669922,4149.846191,4345.369141,3963.932861,-791.803711,-1722.39209,-1837.910522,-1278.031738,-3287.287598,7.0,3.0
3391.169922,4149.549805,4344.342773,3965.225098,-794.55542,-1723.705566,-1839.18457,-1279.589355,-3289.456787,7.0,3.0
3394.719971,4149.54834,4343.86377,3964.114258,-797.102844,-1725.013184,-1840.660034,-1282.478516,-3291.134521,7.0,3.0
3398.219971,4164.794922,4342.904297,3963.793457,-796.799194,-1725.115112,-1840.266846,-1281.024536,-3292.043701,7.0,3.0
3401.719971,4147.896973,4342.148437,3960.961182,-796.464722,-1725.205688,-1841.935303,-1282.066284,-3293.046631,7.0,3.0
3405.219971,4148.106445,4342.786621,3961.293701,-799.509583,-1723.806519,-1831.907471,-1263.364868,-3261.077393,7.0,3.0
3408.780029,4148.433105,4346.150879,3972.371094,-732.888184,-1626.530762,-1713.26709,-1117.740479,-3123.349854,7.0,3.0
3412.320068,4212.723145,4453.317871,3987.382812,-526.318665,-1518.350586,-1681.756714,-1094.497681,-3035.248291,7.0,3.0
3415.820068,4102.542969,4317.494141,3954.560791,-763.452698,-1669.048462,-1752.58252,-1145.96814,-3063.066406,7.0,3.0
3419.320068,4098.719727,4198.839844,3883.371094,-976.763306,-1859.768677,-1942.624146,-1350.299927,-3324.381104,7.0,3.0
3422.879883,4111.092773,4085.993652,3894.66748,-1309.953003,-2120.073975,-2173.29126,-1559.006958,-3492.520508,7.0,3.0
3426.379883,4128.898926,4402.177246,3875.675537,-1199.891479,-1922.590332,-1843.908203,-1243.438354,-3250.655762,7.0,3.0
3429.919922,4434.059082,4150.342285,3732.348633,-1649.153931,-2481.723633,-2542.274902,-1932.866211,-3778.408691,7.0,3.0
3433.379883,4470.072754,4239.672852,3807.374756,-1622.957397,-2575.89624,-2701.614502,-2098.354248,-3903.705322,7.0,3.0
3436.879883,4479.493652,4357.207031,3848.032471,-1555.814819,-2578.404785,-2742.169678,-2153.340576,-3956.269531,7.0,3.0
3440.379883,4446.573242,4427.339844,3916.55542,-1386.147705,-2453.930664,-2689.781982,-2143.421143,-3957.881348,7.0,3.0
3443.919922,4416.098145,4465.347656,3964.984863,-917.980225,-2005.737915,-2324.053955,-1907.518066,-3843.781006,7.0,3.0
3447.419922,4417.818848,4457.117187,3952.944336,-1070.667358,-2121.55957,-2411.115967,-2006.107788,-3938.371094,7.0,3.0
3450.919922,4355.208496,4350.122559,3925.244385,-1140.777344,-2150.387695,-2437.843994,-2002.243042,-3907.423828,7.0,3.0
3454.419922,4317.67334,4339.682617,3916.945312,-1053.549561,-2096.279785,-2429.247314,-2030.020508,-3943.706299,7.0,3.0
3457.919922,4301.769531,4335.308594,3919.030518,-769.979431,-1808.841675,-2176.293213,-1885.157104,-3980.212891,7.0,3.0
3461.469971,4354.966797,4367.207031,3947.171143,-835.723328,-1897.542847,-2212.694336,-1897.361938,-3917.654053,7.0,3.0
3464.919922,4328.528809,4313.155273,3907.758057,-1038.261963,-2080.351562,-2326.512939,-1895.296753,-3914.571777,7.0,3.0
3468.469971,4238.09082,4260.380859,3899.656982,-1000.196533,-1968.205444,-2266.616943,-1932.96167,-3996.932861,7.0,3.0
3471.969971,4267.547852,4186.174805,3862.630371,-1204.139893,-2152.241455,-2429.902588,-2030.301392,-4022.954102,7.0,3.0
3475.469971,4184.945312,4126.787109,3813.90918,-1346.589722,-2243.552002,-2485.247803,-2075.258301,-4033.979736,7.0,3.0
3478.919922,4170.744629,4104.791992,3814.886963,-1303.93396,-2228.529053,-2488.585937,-2079.598145,-4052.740234,7.0,3.0
3482.419922,4187.512207,4102.250977,3801.344727,-1396.204712,-2330.918945,-2598.534424,-2169.387207,-4128.892578,7.0,3.0
3485.969971,4130.394043,4049.081543,3772.087891,-1435.08667,-2322.071777,-2547.53418,-2093.66333,-4053.505615,7.0,3.0
3489.469971,4100.231445,4091.796631,3812.729736,-1315.450195,-2185.047119,-2410.330811,-2008.973511,-4045.412842,7.0,3.0
3493.030029,4142.305664,4087.365479,3810.710205,-1310.501709,-2184.535889,-2417.967773,-2013.988281,-4055.703369,7.0,3.0
3496.530029,4115.424316,4094.57373,3811.763672,-1275.411865,-2145.87915,-2374.278564,-1982.546509,-4040.338623,7.0,3.0
3500.030029,4092.733398,4084.114502,3793.415527,-1344.930664,-2195.423828,-2428.950439,-2067.335205,-4096.686035,7.0,3.0
3503.570068,4057.603516,4070.441162,3799.18042,-1372.270386,-2265.522217,-2463.748291,-2056.317871,-4118.299316,7.0,3.0
3507.070068,4063.482178,4069.458984,3816.075928,-1336.456299,-2208.197998,-2433.80957,-2062.730713,-4114.108398,7.0,3.0
3510.629883,4059.687012,4053.89917,3785.800049,-1393.024048,-2250.682617,-2491.769531,-2110.992676,-4161.520508,7.0,3.0
3514.129883,4035.175293,4034.807129,3800.952637,-1381.933838,-2252.618408,-2462.704834,-2046.932373,-4089.388672,7.0,3.0
3517.719971,4019.620117,4048.315674,3807.469482,-1328.254883,-2135.067383,-2315.679932,-1892.405518,-3993.043213,7.0,3.0
3521.129883,4044.915527,4034.174805,3782.095459,-1437.488403,-2246.849854,-2398.569092,-1974.445801,-4069.023193,7.0,3.0
3524.669922,3994.031494,4035.092041,3772.014893,-1579.792114,-2479.944092,-2660.814209,-2137.256348,-4112.54834,7.0,3.0
3528.129883,3907.019287,3996.883301,3777.867187,-1490.657593,-2321.251953,-2467.735107,-1978.299438,-4019.178467,7.0,3.0
3531.629883,3983.010742,3990.975098,3765.133545,-1609.077759,-2465.796875,-2661.298828,-2183.451904,-4175.352539,7.0,3.0
3535.070068,3953.82373,3931.675293,3692.263428,-1768.666626,-2629.383789,-2787.479004,-2251.966553,-4196.269531,7.0,3.0
3538.629883,3940.335449,3924.922607,3728.348877,-1704.456787,-2556.857422,-2736.246338,-2198.442383,-4157.056152,7.0,3.0
3542.070068,3904.21167,3905.345459,3728.563477,-1732.431274,-2615.310547,-2788.514893,-2193.543701,-4010.992187,7.0,3.0
3545.629883,3761.283447,3884.490967,3702.921143,-1716.177246,-2557.60376,-2589.575684,-1945.061401,-4487.380859,7.0,3.0
3549.070068,3665.763428,3926.404297,3740.503662,-1624.00061,-2515.255615,-2480.414062,-1924.000854,-4769.000488,7.0,3.0
3552.570068,3643.941406,3958.187988,3755.839844,-1575.626465,-2447.941406,-2513.813965,-1968.092041,-4560.52002,7.0,3.0
3556.070068,3667.214111,3997.049561,3743.136719,-1563.016846,-2413.203125,-2537.348877,-1953.578735,-4373.899902,7.0,3.0
3559.629883,3705.882568,4022.95459,3769.968262,-1547.304687,-2427.507812,-2557.613281,-1961.265381,-4388.385254,7.0,3.0
3563.129883,3745.22168,4045.13623,3773.44043,-1519.758667,-2421.006836,-2571.403564,-2000.980713,-4417.57373,7.0,3.0
3566.570068,3791.67749,4083.445557,3791.563232,-1467.565186,-2391.986572,-2556.833252,-1997.000366,-4301.286621,7.0,3.0
3570.129883,3813.689941,4114.11084,3811.512207,-1406.627686,-2330.847656,-2519.204346,-1961.6521,-4347.415527,7.0,3.0
3573.530029,3854.51416,4131.440918,3823.515869,-1318.058228,-2251.237793,-2470.864014,-1944.250122,-4229.611816,7.0,3.0
3577.070068,3882.790771,4146.366699,3830.95166,-1245.786255,-2185.049316,-2418.94165,-1913.387085,-4482.461914,7.0,3.0
3580.469971,3952.864258,4125.720215,3814.709717,-1214.970825,-2174.216064,-2464.355469,-1879.767944,-5404.807617,7.0,3.0
3583.919922,3919.362549,4090.472656,3825.389648,-1388.429199,-2314.360352,-2514.561279,-1898.450562,-5776.493652,7.0,3.0
3587.379883,3896.651123,4081.31665,3704.352051,-1584.602173,-2263.464111,-2389.23999,-2212.954346,-5636.491211,7.0,3.0
3590.919922,3745.97583,3953.80127,3783.161377,-1490.338989,-2400.067871,-2517.914307,-2272.091797,-5783.655762,7.0,3.0
3594.379883,3712.033691,3988.304199,3709.039795,-1429.071167,-2326.300049,-2473.436768,-2461.734619,-5722.605957,7.0,3.0
3597.919922,3669.578369,4008.053711,3756.74585,-1308.186035,-2216.62207,-2435.932861,-3128.758789,-5577.75293,7.0,3.0
3601.469971,3666.458496,3854.04248,3685.820801,-1389.451416,-2259.494873,-2485.250732,-3483.5625,-5557.669922,7.0,3.0
3604.879883,3706.726807,3853.591797,3744.181885,-1436.601318,-2271.676025,-2474.703125,-3831.907959,-5519.631348,7.0,3.0
3608.379883,3676.157715,3847.350586,3708.61377,-1418.579346,-2236.529541,-2526.185059,-4198.933105,-5473.078613,7.0,3.0
3611.820068,3618.331543,3781.940186,3674.366211,-1471.67395,-2259.632812,-2586.670898,-4394.939453,-5436.167969,7.0,3.0
3615.320068,3610.013916,3750.432861,3649.228271,-1532.476562,-2296.275391,-2660.674805,-4587.157227,-5390.360352,7.0,3.0
3618.780029,3605.537354,3716.44873,3613.122314,-1582.876221,-2357.22168,-2738.798828,-4646.762207,-5351.118652,7.0,3.0
3622.320068,3606.885742,3704.35376,3597.109863,-1610.766846,-2402.832764,-2849.171631,-4766.249023,-5296.568848,7.0,3.0
3625.719971,3615.481689,3691.916504,3588.073242,-1642.79187,-2439.851562,-2895.635986,-4737.806641,-5261.790527,7.0,3.0
3629.219971,3626.530029,3690.183594,3598.789551,-1662.567627,-2451.670898,-2892.412598,-4728.799805,-5236.376465,7.0,3.0
3632.669922,3641.600098,3631.037354,3593.762207,-1664.874146,-2461.630859,-2927.178955,-4736.586914,-5168.817383,7.0,3.0
3636.169922,3640.704834,3677.263184,3587.658447,-1660.363159,-2445.921387,-2916.958252,-4728.658691,-5171.642578,7.0,3.0
3639.570068,3631.915527,3671.856689,3576.845947,-1670.974731,-2455.486328,-2910.904785,-4694.042969,-5151.890137,7.0,3.0
3643.070068,3617.465332,3695.099609,3600.560059,-1692.657471,-2502.380127,-3045.764893,-4801.941895,-5093.557617,7.0,3.0
3646.629883,3652.876465,3670.496826,3587.008545,-1741.360229,-2574.46875,-3138.552734,-4839.352051,-5059.330078,7.0,3.0
3650.129883,3658.30249,3638.560303,3579.960693,-1780.503174,-2586.447754,-3112.263672,-4807.303223,-5044.44873,7.0,3.0
3653.629883,3669.022461,3656.948975,3591.200928,-1765.950317,-2531.843018,-3025.112061,-4742.409668,-5038.044922,7.0,3.0
3657.070068,3671.24707,3664.815186,3597.955078,-1733.911987,-2531.881592,-3016.491455,-4755.347168,-4996.709961,7.0,3.0
3660.570068,3672.381104,3675.503174,3604.235596,-1765.440552,-2596.345215,-3155.032471,-4787.367676,-4976.772949,7.0,3.0
3664.030029,3681.641113,3656.977295,3584.451904,-1772.516602,-2600.554687,-3105.618896,-4780.793457,-4950.294922,7.0,3.0
3667.719971,3690.397705,3657.291016,3592.477539,-1813.787109,-2624.343994,-3167.98877,-4762.817383,-4899.467285,7.0,3.0
3671.129883,3705.44165,3641.563477,3589.708252,-1807.071899,-2580.624023,-3009.388428,-4633.455078,-4929.875977,7.0,3.0
3674.669922,3710.785889,3639.29126,3580.566895,-1765.893555,-2497.264404,-2798.500977,-4471.087402,-4954.683594,7.0,3.0
3678.129883,3700.626221,3647.230713,3605.8479,-1717.289185,-2454.913574,-2777.042236,-4457.123535,-4913.245117,7.0,3.0
3681.780029,3704.87915,3667.858643,3618.424561,-1712.917847,-2474.848877,-2785.442139,-4446.372559,-4890.053223,7.0,3.0
3685.379883,3710.886475,3648.292725,3624.958252,-1690.825073,-2451.359619,-2696.08667,-4299.340332,-4904.563965,7.0,3.0
3688.820068,3709.430176,3651.761963,3625.136475,-1709.959229,-2468.548096,-2711.688477,-4345.118652,-4869.430176,7.0,3.0
3692.469971,3718.817383,3655.177002,3619.7229,-1709.291382,-2439.475342,-2697.836182,-4304.430176,-4840.854004,7.0,3.0
3695.969971,3713.858643,3658.068115,3628.609375,-1721.132935,-2454.924072,-2664.712891,-4236.953613,-4837.888672,7.0,3.0
3699.570068,3715.143066,3653.898926,3641.151123,-1700.196899,-2442.276611,-2624.764648,-4112.794922,-4821.69873,7.0,3.0
3703.030029,3722.566895,3654.63623,3640.494873,-1698.178589,-2448.918701,-2642.734619,-4154.928711,-4802.316406,7.0,3.0
3706.570068,3729.320312,3668.639893,3649.02832,-1703.341675,-2457.665771,-2634.756348,-4119.117187,-4790.285645,7.0,3.0
3709.969971,3732.567139,3658.985107,3522.578613,-1709.039062,-2457.146973,-2614.250977,-4033.435303,-4775.637695,7.0,3.0
3713.530029,3730.392822,3654.778076,3651.526855,-1697.835205,-2460.375488,-2623.201904,-4028.103027,-4747.104004,7.0,3.0
3716.969971,3747.451904,3651.995361,3642.490723,-1714.372803,-2465.982178,-2610.624512,-3934.645996,-4743.455566,7.0,3.0
3720.530029,3741.122314,3655.66748,3656.236084,-1693.170654,-2461.231445,-2632.442139,-3941.14502,-4717.566406,7.0,3.0
3723.969971,3742.719971,3658.093018,3667.977783,-1710.086304,-2472.893799,-2631.327637,-3888.766357,-4727.891113,7.0,3.0
3727.570068,3748.925781,3661.911133,3658.719971,-1710.115967,-2477.07251,-2643.010742,-3885.132812,-4706.506348,7.0,3.0
3731.129883,3744.860107,3656.98877,3654.474121,-1711.69751,-2493.861816,-2645.801514,-3858.666748,-4705.893555,7.0,3.0
3734.570068,3759.750732,3664.591064,3660.669922,-1727.380249,-2497.109131,-2653.520508,-3858.081299,-4684.673828,7.0,3.0
3738.129883,3751.224854,3677.777588,3656.216553,-1731.751343,-2481.57373,-2657.340332,-3849.97998,-4653.010254,7.0,3.0
3741.570068,3756.976807,3664.541748,3657.906006,-1739.536011,-2523.198486,-2653.659668,-3764.901123,-4640.592285,7.0,3.0
3745.129883,3763.686035,3675.095703,3582.00708,-1744.435059,-2501.873291,-2683.446777,-3754.443604,-4656.539551,7.0,3.0
3748.530029,3773.70752,3668.552734,3647.699463,-1734.185913,-2513.769287,-2679.475098,-3794.318604,-4630.564941,7.0,3.0
3752.070068,3780.570312,3659.616943,3661.380859,-1748.095947,-2516.928467,-2684.862549,-3761.954834,-4603.470215,7.0,3.0
3755.469971,3776.718018,3659.181396,3657.418457,-1740.948853,-2529.963867,-2696.030762,-3728.006348,-4600.14502,7.0,3.0
3759.030029,3787.484131,3668.380371,3648.950439,-1754.734375,-2531.707031,-2701.740479,-3760.728516,-4567.763672,7.0,3.0
3762.469971,3776.606445,3638.384766,3660.667725,-1764.855713,-2550.878174,-2711.304687,-3738.376953,-4579.759277,7.0,3.0
3765.919922,3780.780029,3652.061768,3649.643799,-1769.231445,-2538.847412,-2708.75708,-3698.695557,-4559.339844,7.0,3.0
3769.469971,3785.768799,3655.425293,3652.478027,-1772.171143,-2533.329834,-2730.13501,-3692.110352,-4541.006836,7.0,3.0
3772.879883,3791.296143,3654.573975,3662.131592,-1769.334351,-2531.6604,-2748.862793,-3695.580811,-4531.431641,7.0,3.0
3776.379883,3808.278809,3660.592285,3644.166016,-1775.407593,-2543.405518,-2764.543213,-3675.220459,-4497.123535,7.0,3.0
3779.820068,3801.99707,3649.080078,3648.13208,-1768.591797,-2555.313477,-2745.248779,-3643.585937,-4513.785156,7.0,3.0
3783.379883,3799.545898,3652.593506,3650.604248,-1781.11084,-2536.600342,-2744.805908,-3665.325439,-4492.07373,7.0,3.0
3786.820068,3821.493652,3654.969482,3651.454102,-1781.723755,-2555.562012,-2779.570312,-3655.959473,-4474.842285,7.0,3.0
3790.379883,3819.675049,3652.443848,3639.868896,-1788.190552,-2564.225098,-2742.713623,-3348.554687,-4794.584473,7.0,3.0
3793.820068,3840.820068,3765.133545,3680.54248,-1816.932007,-2624.9021,-3056.161621,-3454.694092,-4446.177734,7.0,3.0
3797.320068,3779.880127,3687.50293,3648.9021,-1821.322754,-2620.275635,-2918.510742,-3632.580566,-4392.350098,7.0,3.0
3800.719971,3813.012695,3681.786377,3638.772217,-1807.801147,-2581.334229,-2832.453613,-3566.809326,-4463.587402,7.0,3.0
3804.219971,3822.011963,3678.883301,3645.989258,-1830.488037,-2560.327148,-2829.940918,-3565.638428,-4424.46875,7.0,3.0
3807.629883,3825.163574,3664.919189,3625.973633,-1811.352173,-2565.499512,-2831.914062,-3538.126953,-4415.504395,7.0,3.0
3811.169922,3829.791016,3670.07373,3628.664551,-1792.609497,-2562.246094,-2769.977295,-3260.659668,-4619.73584,7.0,3.0
3814.669922,3834.779785,3701.725342,3654.747559,-1831.349854,-2593.979004,-2855.250977,-3512.26709,-4384.224609,7.0,3.0
3818.070068,3808.817383,3691.641357,3646.237793,-1792.622925,-2594.089844,-2894.062256,-3498.164551,-4369.518555,7.0,3.0
3821.570068,3829.142822,3673.807861,3635.69043,-1792.05835,-2578.450195,-2875.468994,-3479.167969,-4365.955566,7.0,3.0
3825.070068,3832.452637,3666.427002,3622.199951,-1817.519287,-2587.520508,-2912.421387,-3428.527588,-4360.099121,7.0,3.0
3828.570068,3831.08667,3660.826172,3624.712402,-1821.012573,-2607.92749,-2920.121582,-3400.811279,-4353.882324,7.0,3.0
3831.969971,3845.309326,3680.202637,3628.325439,-1826.463989,-2584.128662,-2901.734375,-3400.032471,-4333.98291,7.0,3.0
3835.469971,3845.303223,3660.196045,3622.300781,-1847.792725,-2605.913574,-3037.609131,-3301.866211,-4328.647461,7.0,3.0
3838.919922,3851.437988,3662.881836,3611.276123,-1871.483276,-2620.140381,-3049.377441,-3287.743652,-4298.951172,7.0,3.0
3842.379883,3854.678467,3657.053711,3609.105713,-1889.905518,-2625.395752,-3111.810059,-3264.039307,-4293.525391,7.0,3.0
3845.780029,3851.59375,3672.872314,3595.230469,-1863.096802,-2627.664062,-3190.797607,-3212.837158,-4260.486816,7.0,3.0
3849.320068,3857.884277,3670.252686,3594.816162,-1940.609985,-2678.066406,-3275.788818,-3075.727783,-4284.248535,7.0,3.0
3852.879883,3845.270752,3673.424561,3601.963379,-1960.117432,-2696.837891,-3293.387939,-3065.251221,-4277.129883,7.0,3.0
3856.320068,3859.395508,3666.08374,3577.606201,-1959.919189,-2700.765869,-3424.704834,-2990.808105,-4252.253418,7.0,3.0
3859.919922,3855.167969,3635.62207,3501.062988,-568.759766,-2711.293457,-3100.437012,-2115.863281,-4093.089844,8.0,1.0
3863.379883,3839.575439,3816.918457,3628.284424,-2561.224365,-3438.77417,-3460.79126,-2574.450928,-4183.035156,8.0,1.0
3866.879883,3903.97998,3676.504639,3516.522705,-2505.149414,-3359.296875,-3535.695068,-2619.946045,-4175.96582,8.0,1.0
3870.379883,3887.331543,3678.119629,3553.242432,-2421.748779,-3386.068604,-3573.500488,-2626.545898,-4176.553711,8.0,1.0
3873.969971,3887.134766,3684.787354,3543.83374,-2404.318115,-3336.040039,-3616.103271,-2681.761719,-4190.26709,8.0,1.0
3877.379883,3882.937012,3689.346436,3552.450195,-2354.019287,-3266.429932,-3614.416992,-2696.284668,-4194.8125,8.0,1.0
3880.919922,3883.987305,3701.480713,3558.828369,-2289.71875,-3247.451904,-3611.524414,-2668.015625,-4179.989258,8.0,1.0
3884.320068,3892.288086,3693.634277,3579.123291,-2330.797852,-3317.413086,-3550.350098,-2633.032715,-4170.382812,8.0,1.0
3887.879883,3902.901855,3701.128906,3578.662354,-2384.94043,-3374.121338,-3484.549561,-2503.035645,-4132.152344,8.0,1.0
3891.320068,3871.555908,3702.869629,3603.798096,-2323.610107,-3131.302002,-3041.791748,-2223.159912,-4088.837646,8.0,1.0
3894.919922,3882.525146,3881.755127,3718.098145,-1885.451538,-2699.71875,-2743.58667,-2127.791504,-4092.876221,8.0,1.0
3898.379883,3892.330566,3966.436523,3765.813232,-1710.736328,-2543.333252,-2579.7854,-1928.060913,-3796.060791,8.0,1.0
3901.820068,3912.641846,3993.526123,3795.106934,-1605.71521,-2588.187012,-2679.12793,-1768.330688,-3442.047119,8.0,1.0
3905.320068,3924.573486,4033.833252,3756.820801,-1757.349731,-2478.018555,-2449.215576,-1527.154419,-3116.052002,8.0,1.0
3908.780029,3919.503906,3989.697998,3653.649658,-1563.527588,-2274.59375,-2238.622803,-1359.539307,-2958.620361,8.0,1.0
3912.320068,3953.617432,4040.052246,3661.588623,-1287.279297,-2001.685547,-2023.794189,-1091.760742,-2894.83374,8.0,1.0
3915.780029,3982.718506,4135.437012,3651.249756,-1040.475586,-1813.857422,-1845.67627,-985.167419,-2893.835205,8.0,1.0
3919.379883,4048.576904,4232.667969,3637.27124,-881.534058,-1689.71228,-1730.837891,-1006.124634,-3057.768555,8.0,1.0
3922.780029,4022.594238,4270.32666,3752.863525,-803.528198,-1585.065063,-1704.106323,-1114.588989,-3043.208008,8.0,1.0
3926.320068,4114.990234,4317.21582,3824.94751,-750.572571,-1587.115479,-1697.493164,-1095.65686,-3102.82959,8.0,1.0
3929.780029,4151.67334,4348.538086,3911.734131,-706.550903,-1553.027466,-1697.016113,-1087.908081,-3095.790039,8.0,1.0
3933.320068,4153.525391,4389.794434,3968.986084,-667.485962,-1562.58252,-1718.173096,-1071.214355,-3038.061768,8.0,1.0
3936.879883,4186.107422,4431.811523,3983.113281,-680.636902,-1580.225342,-1700.919312,-1047.203247,-3064.4729,8.0,1.0
3940.379883,4206.042969,4439.47998,3976.397461,-684.379089,-1564.274536,-1688.122925,-1034.642822,-3055.770508,8.0,1.0
3943.879883,4202.86377,4435.241211,3980.417236,-671.134644,-1556.572021,-1683.761841,-1033.99646,-3047.597412,8.0,1.0
3947.280029,4200.025391,4439.790039,3982.094971,-667.334106,-1555.272095,-1683.799927,-1036.241089,-3034.887939,8.0,1.0
3950.820068,4189.086426,4441.643555,3982.8125,-668.011475,-1555.463135,-1684.661255,-1040.590576,-3030.626221,8.0,1.0
3954.219971,4189.251953,4440.467773,3983.488037,-667.060364,-1554.639282,-1684.985962,-1045.407471,-3046.661621,8.0,1.0
3957.719971,4189.919922,4440.252441,3983.93457,-666.994202,-1553.390625,-1684.753906,-1049.043701,-3054.152588,8.0,1.0
3961.169922,4190.630371,4438.653809,3984.172363,-668.248169,-1553.321655,-1683.825195,-1048.191406,-3052.1875,8.0,1.0
3964.719971,4191.679687,4438.335937,3983.70752,-666.756836,-1551.788086,-1683.361816,-1047.591675,-3053.870361,8.0,1.0
3968.129883,4189.952637,4437.513672,3982.618896,-666.295471,-1550.962402,-1682.512329,-1046.098022,-3054.872559,8.0,1.0
3971.669922,4190.401855,4436.07666,3983.313721,-667.350708,-1550.722534,-1682.511719,-1046.958496,-3053.001221,8.0,1.0
3975.070068,4189.229492,4435.906738,3982.324219,-666.641174,-1549.86853,-1681.3573,-1044.463013,-3053.932617,8.0,1.0
3978.629883,4203.169434,4435.884277,3983.164062,-664.97876,-1548.440796,-1680.67334,-1043.452148,-3052.611572,8.0,1.0
3982.169922,4203.687988,4435.474121,3984.317139,-665.633545,-1548.046021,-1680.295898,-1042.109497,-3052.270752,8.0,1.0
3985.570068,4202.327637,4434.274902,3983.201904,-665.473572,-1547.740601,-1679.86731,-1042.416382,-3051.923584,8.0,1.0
3989.070068,4203.193359,4434.205078,3983.555664,-665.04541,-1547.339478,-1679.066284,-1042.535645,-3051.437988,8.0,1.0
3992.530029,4202.836426,4433.852539,3983.775879,-663.718384,-1546.170044,-1678.552368,-1042.21582,-3050.065918,8.0,1.0
3996.070068,4202.675781,4433.313965,3983.514893,-664.907471,-1546.278442,-1678.91272,-1041.619263,-3048.519043,8.0,1.0
3999.530029,4189.954102,4433.141602,3984.438477,-662.855103,-1545.375244,-1678.584717,-1040.024048,-3049.283203,8.0,1.0
4003.030029,4190.22168,4432.260742,3983.488525,-663.511597,-1545.28186,-1678.351807,-1040.288086,-3050.275635,8.0,1.0
4006.469971,4189.841309,4431.951172,3982.909668,-665.55127,-1545.439209,-1678.851196,-1040.107422,-3051.734131,8.0,1.0
4009.969971,4189.66748,4431.081055,3982.45166,-665.579773,-1545.565063,-1678.671021,-1040.064575,-3051.613037,8.0,1.0
4013.379883,4189.393066,4430.70752,3982.688965,-663.910522,-1544.739014,-1678.875488,-1040.975098,-3051.080811,8.0,1.0
4016.919922,4202.084473,4430.384277,3982.95459,-664.909668,-1545.516602,-1678.766357,-1039.99231,-3049.371826,8.0,1.0
4020.419922,4202.431641,4429.588867,3982.817627,-665.764709,-1545.546753,-1678.871216,-1040.4646,-3049.192871,8.0,1.0
4023.879883,4201.766113,4429.384766,3981.917969,-664.367981,-1545.129517,-1678.956299,-1039.796143,-3052.016846,8.0,1.0
4027.379883,4202.367676,4428.509766,3982.199463,-665.260437,-1546.42627,-1679.574341,-1040.465332,-3052.090576,8.0,1.0
4030.820068,4201.413574,4427.547852,3982.127197,-666.730774,-1546.887207,-1679.952759,-1040.196289,-3051.169434,8.0,1.0
4034.379883,4202.334473,4427.480957,3982.059082,-666.773071,-1546.136353,-1679.810425,-1040.759155,-3051.734131,8.0,1.0
4037.780029,4200.355957,4426.752441,3980.655273,-666.365906,-1546.99292,-1680.264893,-1040.753418,-3051.227783,8.0,1.0
4041.320068,4189.916992,4426.143555,3981.847168,-667.294739,-1546.849487,-1680.254028,-1041.643677,-3052.420166,8.0,1.0
4044.820068,4189.479492,4425.787598,3981.791504,-667.7995,-1547.485962,-1680.575684,-1042.375977,-3053.014648,8.0,1.0
4048.320068,4189.499023,4425.164551,3981.379639,-668.17981,-1547.62146,-1679.947998,-1041.756348,-3052.989014,8.0,1.0
4051.780029,4189.039062,4424.526855,3981.267334,-667.179382,-1547.825317,-1680.352295,-1041.469482,-3053.163818,8.0,1.0
4055.320068,4189.767578,4424.260254,3980.937256,-668.82605,-1547.655151,-1681.137329,-1042.786499,-3052.38623,8.0,1.0
4058.719971,4188.712891,4423.481445,3980.575195,-668.410461,-1547.947388,-1681.484985,-1042.895996,-3051.875,8.0,1.0
4062.280029,4189.230469,4423.305176,3981.798584,-668.692017,-1548.495239,-1681.259521,-1042.554565,-3052.619629,8.0,1.0
4065.780029,4189.242676,4422.376465,3981.241211,-668.653503,-1548.352905,-1681.62561,-1042.349976,-3051.362549,8.0,1.0
4069.219971,4188.50293,4421.994141,3980.938477,-671.103149,-1549.275513,-1683.102661,-1043.678711,-3054.132812,8.0,1.0
4072.780029,4189.946289,4421.987793,3981.244873,-669.219727,-1548.55127,-1682.275024,-1041.727173,-3053.253418,8.0,1.0
4076.219971,4188.932129,4420.679199,3981.283203,-669.927856,-1549.416382,-1683.069458,-1043.842041,-3054.121582,8.0,1.0
4079.719971,4189.371094,4420.454102,3980.908447,-671.996521,-1549.511475,-1683.51001,-1043.855957,-3054.223633,8.0,1.0
4083.129883,4188.539062,4419.605957,3981.140137,-670.24292,-1549.979248,-1683.495117,-1044.369629,-3053.782959,8.0,1.0
4086.629883,4188.961914,4419.350586,3981.299805,-671.526245,-1549.782959,-1683.549805,-1043.569824,-3053.494141,8.0,1.0
4090.129883,4189.050781,4419.221191,3980.944092,-670.792053,-1550.210815,-1684.008301,-1045.245728,-3054.033936,8.0,1.0
4093.669922,4189.09375,4418.09082,3980.776367,-672.52948,-1550.315796,-1684.025391,-1045.158325,-3051.612549,8.0,1.0
4097.129883,4188.061523,4417.378906,3981.865723,-672.374695,-1550.778687,-1684.167725,-1044.726318,-3054.057373,8.0,1.0
4100.629883,4188.42334,4417.378906,3981.091309,-671.561157,-1550.064941,-1684.330566,-1044.23645,-3004.011719,8.0,1.0
4104.169922,4200.075195,4416.789551,3981.541016,-672.916077,-1550.607544,-1684.330933,-1044.450562,-3002.513184,8.0,1.0
4107.629883,4199.539062,4416.621094,3981.294434,-672.775085,-1550.31665,-1684.636841,-1044.797729,-3006.426758,8.0,1.0
4111.129883,4199.772949,4416.288574,3981.626221,-672.235962,-1550.161621,-1684.071899,-1044.965454,-3003.900391,8.0,1.0
4114.629883,4199.848145,4415.54541,3980.691406,-673.319275,-1550.987061,-1684.501709,-1044.134766,-3004.201172,8.0,1.0
4118.169922,4200.010254,4414.94873,3981.002686,-673.389771,-1550.840698,-1684.919556,-1045.194214,-3044.36377,8.0,1.0
4121.629883,4187.908691,4414.252441,3980.931885,-673.289246,-1550.911255,-1685.445679,-1044.902344,-3056.919189,8.0,1.0
4125.169922,4188.856934,4413.723633,3980.826172,-673.636108,-1551.296631,-1685.314941,-1045.937988,-3055.906494,8.0,1.0
4128.569824,4187.594727,4413.05957,3980.623535,-674.0354,-1551.953613,-1685.539551,-1045.779663,-3056.509033,8.0,1.0
4132.129883,4188.826172,4412.885254,3981.058838,-674.013184,-1551.606323,-1685.677979,-1045.893188,-3057.546875,8.0,1.0
4135.529785,4186.939941,4412.302246,3981.480957,-673.539734,-1552.15979,-1685.858398,-1045.59314,-3057.720703,8.0,1.0
4139.069824,4188.488281,4411.807617,3981.04541,-675.0354,-1552.442749,-1685.762695,-1045.816162,-3057.643799,8.0,1.0
4142.529785,4187.396484,4411.719238,3981.226562,-673.628601,-1552.42749,-1686.079712,-1045.824707,-3057.811279,8.0,1.0
4146.029785,4187.860352,4411.063477,3980.636963,-674.039307,-1552.645752,-1686.433716,-1046.478516,-3056.971191,8.0,1.0
4149.529785,4187.688965,4410.20752,3980.422363,-674.169189,-1552.330811,-1686.18103,-1045.248291,-3058.917725,8.0,1.0
4153.029785,4187.706543,4410.228516,3980.743652,-674.62323,-1552.455688,-1686.702148,-1046.667603,-3059.349365,8.0,1.0
4156.569824,4187.124512,4409.679687,3980.659668,-676.626099,-1553.814453,-1687.319702,-1046.581299,-3059.858887,8.0,1.0
4160.029785,4186.98877,4409.392578,3981.262207,-675.165588,-1553.400757,-1687.557861,-1046.947876,-3059.070068,8.0,1.0
4163.529785,4186.745605,4409.043945,3981.398437,-675.674133,-1553.93396,-1688.315186,-1047.593628,-3057.368408,8.0,1.0
4166.970215,4199.279297,4408.488281,3981.248535,-676.044739,-1554.437378,-1688.365234,-1048.169922,-3060.40918,8.0,1.0
4170.529785,4199.425293,4408.329102,3981.713135,-676.433105,-1554.557129,-1689.065186,-1048.967529,-3010.901855,8.0,1.0
4173.970215,4198.108398,4407.442871,3981.877686,-679.430786,-1555.974365,-1690.073853,-1050.947021,-3010.657227,8.0,1.0
4177.470215,4186.13916,4406.981934,3981.408936,-678.197754,-1556.0896,-1690.318848,-1051.212036,-3038.724365,8.0,1.0
4180.879883,4185.443359,4406.195801,3981.152588,-679.226257,-1556.793335,-1690.715698,-1050.708984,-3063.301758,8.0,1.0
4184.379883,4185.656738,4406.17627,3980.762451,-679.666992,-1557.112671,-1692.270874,-1050.974243,-3063.758057,8.0,1.0
4187.919922,4185.998047,4405.787598,3981.169189,-681.119507,-1558.171387,-1692.316284,-1051.655396,-3063.001221,8.0,1.0
4191.379883,4185.812012,4405.652832,3981.758301,-681.396423,-1557.626709,-1692.856934,-1051.671997,-3063.385986,8.0,1.0
4194.879883,4186.074707,4404.504883,3981.76416,-680.301392,-1558.626221,-1693.149536,-1052.875122,-3063.414795,8.0,1.0
4198.319824,4185.006348,4404.424316,3981.734619,-682.056152,-1559.988892,-1694.156982,-1053.908325,-3061.921631,8.0,1.0
4201.879883,4197.01123,4403.577148,3980.784912,-682.251465,-1559.608398,-1694.102051,-1053.79895,-3058.425781,8.0,1.0
4205.279785,4196.179199,4402.569336,3980.119873,-682.651733,-1560.585205,-1694.401611,-1053.574707,-3063.510254,8.0,1.0
4208.779785,4185.311523,4402.36084,3979.889648,-683.179138,-1561.19812,-1695.225586,-1054.694824,-3064.383545,8.0,1.0
4212.220215,4184.781738,4401.787109,3980.66333,-685.225891,-1561.643799,-1695.455566,-1055.063721,-3064.990967,8.0,1.0
4215.779785,4196.669434,4401.774902,3981.263428,-683.495605,-1561.244873,-1695.612427,-1054.821411,-3019.835449,8.0,1.0
4219.220215,4196.32959,4401.036133,3981.151855,-685.921875,-1561.661865,-1695.820068,-1055.678589,-3044.527344,8.0,1.0
4222.720215,4185.285645,4400.515137,3981.193359,-684.28595,-1561.436768,-1696.200562,-1055.042969,-3067.112549,8.0,1.0
4226.129883,4184.149902,4399.882812,3980.642334,-684.496338,-1561.787476,-1696.056396,-1054.965698,-3067.289307,8.0,1.0
4229.629883,4196.623535,4399.327637,3980.446045,-684.456299,-1561.782349,-1696.35144,-1055.433594,-3067.23877,8.0,1.0
4233.220215,4196.628906,4398.823242,3979.482178,-687.103088,-1562.842529,-1696.365967,-1054.681519,-3064.083496,8.0,1.0
4236.629883,4195.866699,4398.108887,3978.972412,-685.027588,-1562.661377,-1696.452759,-1055.553711,-3067.281738,8.0,1.0
4240.169922,4196.273926,4398.361328,3979.471436,-687.355042,-1563.093506,-1697.214111,-1055.573975,-3063.596436,8.0,1.0
4243.629883,4183.567871,4397.108887,3979.04248,-687.35022,-1563.114502,-1697.384277,-1055.849731,-3066.079346,8.0,1.0
4247.169922,4184.762207,4396.986328,3980.878418,-686.836792,-1563.631836,-1697.736084,-1055.414917,-3024.614014,8.0,1.0
4250.569824,4182.329102,4396.25293,3978.829346,-687.173096,-1564.322388,-1698.157227,-1056.354858,-3021.760742,8.0,1.0
4254.129883,4183.692383,4395.441895,3979.787842,-687.846252,-1564.067383,-1698.087891,-1057.049194,-3026.561035,8.0,1.0
4257.529785,4183.020508,4395.694336,3979.28833,-687.307556,-1565.086548,-1698.750488,-1057.073975,-3028.564697,8.0,1.0
4261.029785,4183.94873,4394.645508,3977.842285,-688.353821,-1565.762329,-1699.030762,-1057.042236,-3061.816406,8.0,1.0
4264.470215,4194.817383,4394.212402,3977.948242,-688.656189,-1565.747192,-1699.492676,-1059.554321,-3070.319824,8.0,1.0
4268.029785,4195.633301,4394.525391,3978.322754,-689.112366,-1566.370361,-1699.779663,-1057.963501,-3068.480225,8.0,1.0
4271.529785,4195.679199,4393.365234,3977.069824,-689.61969,-1567.139771,-1701.194336,-1058.915527,-3063.468994,8.0,1.0
4274.970215,4194.852051,4393.480957,3977.668945,-689.44635,-1567.247437,-1700.720459,-1059.56311,-3067.093018,8.0,1.0
4278.529785,4196.58252,4392.540039,3978.759033,-690.505798,-1568.13147,-1701.358521,-1060.46167,-3069.009033,8.0,1.0
4281.970215,4194.366211,4391.952637,3977.260742,-692.999084,-1569.083618,-1701.781128,-1061.348755,-3068.137451,8.0,1.0
4285.470215,4195.59668,4392.001953,3976.803223,-691.414368,-1568.52063,-1702.375854,-1060.774536,-3028.161133,8.0,1.0
4288.879883,4194.191895,4390.633789,3976.781982,-691.592285,-1569.277466,-1702.53479,-1063.098877,-3023.016113,8.0,1.0
4292.379883,4195.022949,4391.128418,3976.898193,-692.13916,-1569.373413,-1703.363892,-1060.144531,-3033.412598,8.0,1.0
4295.879883,4194.51709,4390.146973,3977.109375,-693.700684,-1569.383667,-1703.340332,-1053.408203,-3073.115967,8.0,1.0
4299.419922,4195.033203,4390.119141,3977.115234,-693.654846,-1570.04834,-1704.116577,-1050.509644,-3072.788086,8.0,1.0
4302.819824,4181.30957,4389.88623,3977.259766,-693.821594,-1570.859253,-1703.565308,-1059.006348,-3070.639404,8.0,1.0
4306.379883,4181.818848,4389.438965,3975.97876,-694.21698,-1571.027466,-1704.427612,-1063.794312,-3074.278809,8.0,1.0
4309.819824,4193.624512,4388.555176,3976.508057,-695.006531,-1571.609619,-1705.023315,-1063.86084,-3074.35498,8.0,1.0
4313.379883,4194.085449,4388.222656,3977.409912,-695.369751,-1570.955688,-1704.933105,-1063.409058,-3075.134033,8.0,1.0
4316.919922,4181.367676,4387.437012,3976.891113,-696.082703,-1572.237671,-1705.557983,-1064.073486,-3073.983643,8.0,1.0
4320.379883,4180.441406,4387.068359,3976.83252,-695.14563,-1572.153564,-1705.569946,-1063.851929,-3076.033936,8.0,1.0
4323.879883,4180.980957,4386.661133,3976.777832,-695.515625,-1572.355957,-1704.649902,-1064.536987,-3075.76416,8.0,1.0
4327.379883,4180.818359,4386.458008,3975.682373,-697.056641,-1572.526123,-1691.635864,-1064.803223,-3075.80249,8.0,1.0
4330.919922,4180.753906,4385.580078,3974.842041,-697.352234,-1572.559937,-1704.072266,-1065.059937,-3073.919434,8.0,1.0
4334.319824,4179.663574,4385.275879,3977.326904,-697.453186,-1573.634644,-1702.724976,-1065.87561,-3073.169189,8.0,1.0
4337.819824,4180.618164,4385.527344,3978.704102,-698.771362,-1573.838135,-1700.924805,-1065.409546,-3076.195557,8.0,1.0
4341.279785,4180.021484,4384.795898,3976.970459,-696.987549,-1573.777344,-1700.325928,-1066.27417,-3075.824463,8.0,1.0
4344.819824,4181.267578,4384.46582,3976.726318,-698.235901,-1574.036621,-1706.285034,-1065.53479,-3074.975098,8.0,1.0
4348.220215,4191.69873,4384.254883,3975.072754,-700.412964,-1574.956543,-1709.248291,-1066.265015,-3076.349609,8.0,1.0
4351.720215,4192.501953,4383.432129,3975.903809,-699.206421,-1575.378174,-1709.48938,-1067.033936,-3076.497803,8.0,1.0
4355.279785,4193.489258,4383.839355,3976.280029,-698.95282,-1575.483276,-1709.756348,-1066.623169,-3077.238037,8.0,1.0
4358.720215,4192.567871,4382.746582,3976.478027,-699.287659,-1575.475464,-1709.828125,-1067.749634,-3075.914795,8.0,1.0
4362.279785,4192.387695,4382.527832,3975.123291,-700.517029,-1570.905884,-1710.772827,-1068.187622,-3075.277832,8.0,1.0
4365.669922,4190.26123,4381.706543,3974.983887,-702.434998,-1571.418091,-1711.961914,-1068.819946,-3077.792725,8.0,1.0
4369.169922,4191.151855,4381.28418,3975.098633,-702.612366,-1574.261719,-1712.614136,-1069.797974,-3078.166504,8.0,1.0
4372.629883,4191.15332,4380.18457,3975.757812,-702.466064,-1578.570923,-1713.074829,-1070.378418,-3080.258789,8.0,1.0
4376.169922,4191.967773,4380.930176,3975.303955,-703.794434,-1578.671387,-1713.280029,-1071.369019,-3076.605713,8.0,1.0
4379.629883,4191.432617,4379.789551,3975.157227,-704.494446,-1579.736938,-1714.27478,-1071.805298,-3077.679443,8.0,1.0
4383.169922,4191.148437,4379.208984,3975.286621,-705.131042,-1580.902954,-1715.809814,-1072.55957,-3075.672119,8.0,1.0
4386.569824,4190.216309,4378.835937,3975.220459,-705.912292,-1581.459473,-1715.911865,-1072.469116,-3080.722656,8.0,1.0
4390.129883,4177.855469,4378.664551,3975.966553,-705.218445,-1578.616943,-1716.38501,-1072.978394,-3080.889893,8.0,1.0
4393.569824,4189.39209,4377.689453,3975.76001,-705.86853,-1582.532715,-1716.817261,-1073.616455,-3077.21582,8.0,1.0
4397.069824,4176.690918,4377.469238,3975.988525,-707.758667,-1583.804199,-1717.516235,-1073.130371,-3076.740479,8.0,1.0
4400.569824,4176.45459,4377.159668,3975.629883,-707.968384,-1583.163086,-1718.023071,-1073.859985,-3080.933594,8.0,1.0
4404.029785,4189.099121,4376.286621,3975.392334,-707.82605,-1583.981812,-1719.078735,-1074.483154,-3081.878418,8.0,1.0
4407.529785,4190.078613,4376.375977,3975.798828,-706.031982,-1584.463745,-1719.120239,-1075.619995,-3081.146484,8.0,1.0
4410.970215,4188.813477,4375.490723,3975.416504,-707.198059,-1584.181274,-1719.165894,-1075.728027,-3081.682373,8.0,1.0
4414.470215,4189.605469,4375.029785,3976.229492,-708.683655,-1584.518799,-1719.507812,-1076.003296,-3082.502686,8.0,1.0
4417.879883,4174.554199,4374.413574,3976.812988,-711.257629,-1585.337036,-1719.670044,-1076.554077,-3080.977539,8.0,1.0
4421.379883,4175.24707,4374.282227,3976.615479,-711.889343,-1585.529785,-1720.28186,-1076.687988,-3085.029541,8.0,1.0
4424.819824,4174.780273,4373.317871,3977.237549,-712.499939,-1586.473145,-1720.618164,-1077.156982,-3083.88623,8.0,1.0
4428.379883,4174.963379,4373.286621,3976.551025,-710.387939,-1586.430664,-1720.994629,-1077.692139,-3082.575195,8.0,1.0
4431.819824,4174.482422,4372.719238,3974.489014,-711.99115,-1587.405273,-1721.661011,-1079.055664,-3077.774414,8.0,1.0
4435.379883,4188.399414,4372.338379,3976.093994,-711.591187,-1587.10437,-1721.330444,-1078.525513,-3085.806152,8.0,1.0
4438.919922,4187.922852,4371.772949,3975.876953,-712.88678,-1587.610718,-1722.3302,-1078.567261,-3083.806641,8.0,1.0
4442.319824,4186.561035,4370.674805,3974.862549,-713.04187,-1588.108276,-1721.939941,-1079.543457,-3079.806641,8.0,1.0
4445.879883,4188.725098,4370.859863,3975.102295,-713.199524,-1587.835815,-1722.397095,-1078.934326,-3085.733154,8.0,1.0
4449.279785,4188.033203,4370.185547,3972.140381,-712.527161,-1588.178955,-1723.062378,-1079.320923,-3086.990967,8.0,1.0
4452.819824,4188.031738,4369.930176,3975.996338,-713.670776,-1587.596436,-1722.906982,-1079.330933,-3085.213379,8.0,1.0
4456.279785,4187.493164,4369.834961,3977.322998,-712.632141,-1587.201294,-1723.031006,-1078.833252,-3087.102783,8.0,1.0
4459.779785,4187.944824,4368.850586,3976.822998,-713.020203,-1588.345703,-1723.440308,-1080.2771,-3088.422119,8.0,1.0
4463.379883,4186.652832,4364.26416,3975.73584,-716.144165,-1591.21875,-1725.598999,-1082.926636,-3091.583984,9.0,2.0
4466.919922,4173.294922,4364.696289,3975.467041,-716.717529,-1591.595215,-1726.18811,-1082.570435,-3090.106689,9.0,2.0
4470.319824,4172.961426,4365.86377,3975.906738,-716.183167,-1591.71936,-1726.237793,-1083.607788,-3089.548828,9.0,2.0
4473.819824,4172.898437,4362.175781,3976.457031,-717.898621,-1593.108521,-1727.295288,-1084.624268,-3089.317383,9.0,2.0
4477.279785,4172.708984,4365.270508,3975.611328,-717.237366,-1592.625366,-1727.133179,-1084.182251,-3089.80249,9.0,2.0
4480.779785,4172.769043,4365.148926,3975.434814,-717.525696,-1593.155273,-1728.056396,-1084.217529,-3075.681641,9.0,2.0
4484.319824,4186.612793,4365.398926,3977.380127,-718.668762,-1593.839844,-1728.288696,-1085.072144,-3091.635986,9.0,2.0
4487.720215,4159.973633,4365.532227,3974.924561,-718.646362,-1593.777222,-1728.140381,-1086.417236,-3049.157227,9.0,2.0
4491.220215,4168.351074,4364.911133,3974.751221,-721.075439,-1594.585815,-1729.039185,-1086.547363,-3048.514893,9.0,2.0
4494.779785,4171.618652,4364.630859,3975.39209,-720.210632,-1595.254761,-1730.221924,-1088.628784,-3093.505127,9.0,2.0
4498.319824,4166.0,4364.192871,3974.716553,-721.368286,-1595.915649,-1730.378052,-1087.825195,-3094.123779,9.0,2.0
4501.720215,4170.021484,4363.717285,3973.707031,-720.90564,-1595.884155,-1730.206177,-1088.922241,-3094.006592,9.0,2.0
4505.220215,4185.519531,4363.196289,3974.916748,-721.017761,-1595.784668,-1729.416992,-1088.615234,-3090.761475,9.0,2.0
4508.669922,4183.295898,4362.163574,3972.495361,-721.81897,-1595.980957,-1728.802856,-1087.594482,-3088.950439,9.0,2.0
4512.129883,4184.027832,4362.24707,3972.602539,-720.309143,-1595.355957,-1728.400269,-1087.947632,-3083.989746,9.0,2.0
4515.529785,4183.383789,4361.874512,3971.16626,-719.458862,-1595.219238,-1727.650391,-1087.708374,-3090.53418,9.0,2.0
4519.069824,4184.56543,4361.37793,3973.169922,-721.099365,-1596.143799,-1728.260864,-1090.380859,-3092.135254,9.0,2.0
4522.629883,4183.935547,4360.574219,3972.996094,-721.058594,-1596.347046,-1728.380249,-1089.028931,-3091.275879,9.0,2.0
4526.069824,4183.778809,4360.325195,3973.454102,-721.604065,-1597.369629,-1729.139648,-1089.869995,-3087.401611,9.0,2.0
4529.629883,4184.22168,4359.23877,3973.442383,-722.419617,-1598.124512,-1730.971191,-1091.050537,-3061.622559,9.0,2.0
4533.029785,4183.374023,4359.89502,3972.635254,-722.455261,-1598.985718,-1732.28479,-1092.256836,-3092.46875,9.0,2.0
4536.569824,4184.320801,4359.533691,3970.936035,-724.353455,-1599.812988,-1733.91394,-1092.816162,-3097.532959,9.0,2.0
4539.970215,4183.162109,4359.216797,3971.728027,-724.290894,-1599.989136,-1734.487915,-1093.14624,-3096.918213,9.0,2.0
4543.470215,4183.74707,4358.871094,3970.510986,-726.961487,-1601.492554,-1735.719971,-1094.843262,-3099.792236,9.0,2.0
4546.879883,4168.746582,4357.630859,3969.429687,-727.223755,-1602.08667,-1736.99585,-1095.217773,-3101.536377,9.0,2.0
4550.419922,4169.526367,4357.109375,3970.460693,-729.864868,-1604.245972,-1738.383667,-1096.452393,-3102.076416,9.0,2.0
4553.879883,4168.79541,4357.040527,3969.34375,-730.253235,-1604.583862,-1738.095459,-1097.084961,-3093.58667,9.0,2.0
4557.419922,4169.044922,4356.211426,3970.362549,-730.904602,-1605.612915,-1740.052734,-1098.515747,-3102.967529,9.0,2.0
4560.879883,4168.547363,4355.787109,3969.748047,-731.554382,-1605.177246,-1740.663452,-1098.135864,-3094.776367,9.0,2.0
4564.379883,4168.732422,4355.410156,3969.64917,-733.061951,-1606.570923,-1741.620361,-1098.90918,-3090.364746,9.0,2.0
4567.879883,4168.770508,4355.107422,3968.025146,-733.853821,-1607.119507,-1742.503052,-1099.335083,-3096.707275,9.0,2.0
4571.279785,4168.34082,4354.490234,3967.645752,-734.140198,-1608.588989,-1743.204712,-1100.015503,-3067.411865,9.0,2.0
4574.779785,4168.5625,4353.800781,3968.314209,-734.444885,-1609.006348,-1744.368652,-1100.834229,-3065.099121,9.0,2.0
4578.220215,4167.828613,4353.171875,3968.557617,-737.052307,-1609.415161,-1744.76062,-1101.259888,-3067.477051,9.0,2.0
4581.779785,4167.996094,4352.620605,3967.375488,-736.31958,-1609.986938,-1745.733276,-1099.674438,-3101.927734,9.0,2.0
4585.220215,4167.064453,4351.680176,3967.645996,-736.925537,-1610.430054,-1746.180298,-1100.412231,-3112.639648,9.0,2.0
4588.720215,4167.370117,4351.232422,3968.999023,-737.307739,-1611.311035,-1747.081787,-1103.490601,-3112.536377,9.0,2.0
4592.169922,4167.077148,4351.393066,3968.208008,-739.551636,-1612.201172,-1748.054443,-1104.236206,-3111.373047,9.0,2.0
4595.669922,4166.824707,4350.762695,3968.438965,-740.526733,-1613.221924,-1749.115234,-1105.036255,-3114.400879,9.0,2.0
4599.129883,4180.157715,4350.146484,3968.873535,-740.402222,-1613.442139,-1750.109619,-1105.814941,-3112.868896,9.0,2.0
4602.720215,4180.986816,4350.675781,3968.029785,-742.320129,-1614.245483,-1750.223877,-1104.776123,-3116.2146,9.0,2.0
4606.220215,4181.063477,4349.76416,3967.76709,-743.378418,-1614.589966,-1751.411865,-1106.77832,-3116.429932,9.0,2.0
4609.669922,4164.51416,4348.358398,3967.573486,-744.272278,-1616.030273,-1753.298706,-1108.156006,-3114.031006,9.0,2.0
4613.220215,4165.768066,4348.139648,3967.479004,-745.574646,-1616.782471,-1754.251343,-1108.772339,-3118.523682,9.0,2.0
4616.669922,4164.822266,4347.613281,3967.178955,-745.638733,-1617.712891,-1754.865967,-1109.690552,-3118.993896,9.0,2.0
4620.169922,4164.516602,4346.605469,3967.306396,-747.449341,-1618.956665,-1756.726074,-1110.748657,-3120.760986,9.0,2.0
4623.629883,4163.158691,4346.072266,3967.154785,-747.678406,-1620.055542,-1757.931885,-1111.662842,-3122.510986,9.0,2.0
4627.169922,4163.697754,4345.940918,3966.681396,-749.741211,-1621.255859,-1758.805786,-1113.236938,-3121.811035,9.0,2.0
4630.629883,4163.027344,4344.970215,3967.071533,-750.068176,-1621.473389,-1760.109253,-1114.448975,-3120.285889,9.0,2.0
4634.169922,4163.404297,4344.608398,3967.337646,-751.425171,-1622.534058,-1761.437012,-1114.841187,-3121.615234,9.0,2.0
4637.629883,4162.791992,4344.269043,3967.481445,-752.41864,-1623.162598,-1761.866455,-1115.499512,-3123.183105,9.0,2.0
4641.169922,4163.35791,4343.747559,3967.765625,-753.127075,-1624.16394,-1762.712769,-1115.880493,-3121.676514,9.0,2.0
4644.629883,4162.461914,4343.42627,3967.812988,-753.924866,-1624.965698,-1763.650879,-1117.751343,-3123.93335,9.0,2.0
4648.129883,4162.918457,4342.506836,3967.358887,-753.946045,-1626.16272,-1764.699585,-1118.821289,-3127.432373,9.0,2.0
4651.629883,4162.566895,4342.175781,3966.712158,-754.878784,-1626.84375,-1765.629883,-1119.003296,-3128.107178,9.0,2.0
4655.129883,4161.818848,4341.558105,3967.30249,-757.176941,-1627.952637,-1767.001221,-1121.050171,-3129.561768,9.0,2.0
4658.669922,4162.276855,4341.630371,3965.841064,-757.809753,-1628.577881,-1767.317627,-1121.153564,-3127.975098,9.0,2.0
4662.129883,4161.088379,4340.833984,3965.674561,-758.420837,-1628.989502,-1768.226196,-1120.710327,-3129.741699,9.0,2.0
4665.629883,4161.709961,4340.428711,3965.423096,-758.606262,-1629.749512,-1768.697754,-1122.107788,-3128.817383,9.0,2.0
4669.069824,4160.269531,4339.881348,3964.079346,-759.9823,-1630.914673,-1769.718506,-1123.49292,-3128.454834,9.0,2.0
4672.569824,4160.621094,4339.793457,3964.974121,-761.054443,-1631.640625,-1770.785034,-1124.041382,-3129.854004,9.0,2.0
4676.029785,4159.974121,4339.143066,3963.815186,-761.019531,-1632.253296,-1771.49231,-1124.552979,-3131.435547,9.0,2.0
4679.529785,4159.591309,4339.502441,3963.252441,-762.207153,-1632.812866,-1772.315063,-1125.51709,-3128.102295,9.0,2.0
4682.970215,4174.274414,4338.693848,3962.236572,-764.291992,-1633.258057,-1772.615723,-1126.240112,-3131.352539,9.0,2.0
4686.529785,4159.708008,4337.622559,3962.592529,-763.10553,-1634.280762,-1773.499634,-1126.471191,-3133.125,9.0,2.0
4689.919922,4158.229004,4337.067871,3960.768555,-764.772766,-1634.646484,-1774.01062,-1127.523682,-3131.168701,9.0,2.0
4693.470215,4159.334473,4336.912109,3961.902588,-766.589417,-1635.072632,-1774.989746,-1126.934814,-3133.707031,9.0,2.0
4696.970215,4159.044922,4336.717773,3962.029785,-764.91626,-1635.72998,-1775.290161,-1128.623413,-3135.973145,9.0,2.0
4700.419922,4158.73291,4336.477051,3960.864258,-767.353516,-1636.444458,-1775.895142,-1128.869019,-3132.527588,9.0,2.0
4703.970215,4159.267578,4336.516113,3961.980225,-766.587952,-1636.368652,-1776.490845,-1128.778809,-3137.331787,9.0,2.0
4707.419922,4158.525391,4335.864258,3960.425537,-768.026917,-1637.21228,-1777.353638,-1128.125366,-3132.592773,9.0,2.0
4710.919922,4173.370605,4335.205078,3960.487793,-768.890991,-1637.689331,-1777.223022,-1129.417236,-3136.396729,9.0,2.0
4714.379883,4173.168945,4334.998535,3960.47168,-767.750977,-1637.514038,-1777.859253,-1129.405029,-3139.374023,9.0,2.0
4717.970215,4159.274414,4335.324219,3959.889404,-770.252441,-1638.13562,-1777.623291,-1130.293091,-3141.531738,9.0,2.0
4721.379883,4158.241699,4334.23877,3960.263672,-769.043823,-1638.314819,-1778.455811,-1130.233032,-3142.986572,9.0,2.0
4724.919922,4158.547363,4333.974609,3960.175537,-770.827087,-1639.255493,-1779.099976,-1131.199585,-3141.317383,9.0,2.0
4728.379883,4158.344727,4333.562012,3959.17334,-771.345398,-1639.149902,-1779.231567,-1131.317749,-3143.696045,9.0,2.0
4731.919922,4158.827148,4332.943848,3959.666748,-771.916748,-1639.596924,-1780.097168,-1131.653931,-3144.187012,9.0,2.0
4735.470215,4158.850586,4333.15332,3961.177979,-770.825134,-1639.875488,-1780.10083,-1131.36145,-3135.487305,9.0,2.0
4738.879883,4158.120117,4332.820801,3960.557373,-771.37439,-1640.175049,-1780.833618,-1132.251343,-3143.704102,9.0,2.0
4742.419922,4158.854492,4332.564941,3959.866211,-773.417603,-1641.351807,-1781.228027,-1133.09021,-3146.461914,9.0,2.0
4745.879883,4172.587402,4331.767578,3959.780518,-774.565002,-1641.974487,-1782.52124,-1134.409668,-3147.584229,9.0,2.0
4749.419922,4173.391113,4331.801758,3959.537354,-774.310486,-1642.463257,-1783.211304,-1134.397339,-3145.60083,9.0,2.0
4752.879883,4172.736816,4331.09375,3957.796387,-774.919922,-1642.342285,-1783.739502,-1134.974365,-3145.099365,9.0,2.0
4756.419922,4173.007324,4330.975586,3955.270264,-775.513184,-1643.208862,-1783.475586,-1135.381592,-3145.878418,9.0,2.0
4759.819824,4171.727539,4330.094727,3910.425781,-775.64325,-1644.261719,-1785.353027,-1138.236816,-3130.736328,9.0,2.0
4763.319824,4172.533203,4330.030273,3957.393311,-776.337097,-1645.280884,-1786.146973,-1138.164307,-3149.509277,9.0,2.0
4766.779785,4171.287109,4327.614746,3959.216553,-777.609436,-1646.428833,-1787.553345,-1139.623535,-3152.048584,9.0,2.0
4770.279785,4171.091309,4328.432617,3958.191406,-778.592346,-1647.610107,-1788.784668,-1140.215576,-3152.684326,9.0,2.0
4773.720215,4170.192871,4328.057129,3959.190674,-778.536865,-1647.149048,-1788.521118,-1141.14624,-3153.729736,9.0,2.0
4777.220215,4170.937012,4326.77002,3958.679199,-779.962158,-1648.408569,-1789.882935,-1141.450806,-3153.650391,9.0,2.0
4780.720215,4170.275879,4325.529297,3959.398682,-780.809021,-1649.405762,-1790.658447,-1142.625732,-3153.454102,9.0,2.0
4784.169922,4169.314941,4325.452148,3959.039062,-782.795349,-1650.509888,-1791.90918,-1143.246948,-3154.259521,9.0,2.0
4787.669922,4168.849121,4325.194336,3959.0271,-783.73645,-1651.650024,-1792.943237,-1143.533447,-3118.912354,9.0,2.0
4791.069824,4155.551758,4325.07666,3959.137939,-782.883362,-1651.356079,-1793.151123,-1145.633301,-3108.138916,9.0,2.0
4794.569824,4154.133789,4333.989258,3959.300781,-785.634583,-1653.633789,-1795.565918,-1146.963623,-3113.79248,9.0,2.0
4798.029785,4153.572754,4328.287109,3959.264648,-784.498718,-1653.465088,-1795.168335,-1147.585693,-3111.322998,9.0,2.0
4801.529785,4154.080078,4325.56543,3958.947266,-785.924622,-1654.516479,-1796.376953,-1149.524902,-3111.664795,9.0,2.0
4804.970215,4153.957031,4324.6875,3959.275879,-787.190796,-1654.787964,-1797.158447,-1148.729858,-3155.782227,9.0,2.0
4808.470215,4168.964355,4323.858398,3959.601807,-787.476318,-1655.378052,-1798.321411,-1148.201294,-3159.056641,9.0,2.0
4811.919922,4168.816895,4323.043457,3958.819824,-788.78363,-1656.076782,-1798.545166,-1149.623413,-3155.800293,9.0,2.0
4815.419922,4169.493164,4322.68457,3959.27832,-789.513855,-1656.809204,-1799.301025,-1149.456543,-3158.371582,9.0,2.0
4818.970215,4169.476074,4322.200195,3959.385742,-790.835632,-1656.668823,-1799.721436,-1149.941895,-3160.941406,9.0,2.0
4822.419922,4153.543457,4321.636719,3959.440674,-790.674438,-1657.637329,-1799.978394,-1150.457397,-3160.499512,9.0,2.0
4825.919922,4128.835937,4321.675781,3959.496338,-790.956848,-1657.564087,-1800.79126,-1150.313721,-3162.14624,9.0,2.0
4829.379883,4153.591309,4321.395996,3959.757568,-790.48468,-1657.289429,-1801.057129,-1151.352783,-3162.460449,9.0,2.0
4832.919922,4153.703613,4320.708496,3958.853027,-792.585571,-1658.911499,-1802.073975,-1151.302734,-3162.748047,9.0,2.0
4836.319824,4166.149902,4320.236328,3958.858643,-791.665833,-1658.740234,-1801.334106,-1152.529785,-3164.99292,9.0,2.0
4839.819824,4168.162598,4319.349609,3958.352783,-793.882629,-1660.228027,-1803.496826,-1151.599121,-3165.66333,9.0,2.0
4843.279785,4167.475098,4319.60498,3958.360596,-792.99231,-1659.963867,-1803.587036,-1152.586792,-3165.798584,9.0,2.0
4846.819824,4168.085449,4319.187012,3958.862305,-793.38501,-1659.906372,-1803.779297,-1152.571167,-3162.981689,9.0,2.0
4850.279785,4166.849121,4319.021973,3958.612793,-794.121643,-1661.166138,-1804.235229,-1153.887451,-3165.127197,9.0,2.0
4853.819824,4167.524902,4319.08252,3958.224365,-795.262939,-1661.936523,-1805.940796,-1154.271606,-3166.084961,9.0,2.0
4857.220215,4166.26416,4318.635742,3956.457031,-795.56134,-1662.060669,-1806.018921,-1155.201904,-3167.85376,9.0,2.0
4860.779785,4152.306641,4318.282715,3957.125732,-795.794922,-1663.324829,-1806.338379,-1155.150269,-3170.199951,9.0,2.0
4864.279785,4151.852539,4317.626953,3957.69458,-796.799438,-1663.305786,-1807.128662,-1155.766357,-3167.255859,9.0,2.0
4867.669922,4150.282227,4317.09082,3954.365234,-799.898804,-1664.77417,-1808.770386,-1156.825439,-3169.795898,9.0,2.0
4871.169922,4151.195312,4317.233887,3955.537354,-798.945679,-1664.154419,-1808.522583,-1157.863159,-3169.823486,9.0,2.0
4874.629883,4150.617676,4316.775391,3953.982422,-799.811279,-1665.51001,-1809.360229,-1158.606689,-3172.91748,9.0,2.0
4878.129883,4150.916992,4316.246094,3954.679932,-799.81012,-1665.911377,-1810.208984,-1158.832397,-3173.237793,9.0,2.0
4881.529785,4150.459961,4316.129883,3953.166016,-800.385742,-1667.062134,-1811.24939,-1160.4021,-3173.584717,9.0,2.0
4885.029785,4150.962891,4316.229492,3954.060303,-800.596313,-1666.860962,-1811.481934,-1160.697388,-3175.092773,9.0,2.0
4888.419922,4165.006348,4315.074219,3952.28125,-802.941162,-1668.155151,-1813.719116,-1161.491577,-3173.787109,9.0,2.0
4891.970215,4165.179687,4315.130859,3952.462646,-803.165161,-1668.608276,-1813.235718,-1161.522217,-3174.550049,9.0,2.0
4895.379883,4164.599609,4314.810547,3952.104248,-803.517639,-1670.414673,-1814.180542,-1161.908569,-3174.525879,9.0,2.0
4898.919922,4165.404297,4314.407715,3952.804932,-804.856689,-1669.859009,-1815.06897,-1162.924072,-3174.178467,9.0,2.0
4902.470215,4165.633789,4314.023926,3952.716553,-806.462097,-1672.026733,-1815.109131,-1162.796143,-3165.003174,9.0,2.0
4905.919922,4149.631348,4313.625488,3951.356689,-806.545898,-1671.762207,-1816.05835,-1164.171509,-3177.144043,9.0,2.0
4909.470215,4149.973633,4313.368164,3951.135498,-808.141785,-1671.342651,-1817.01001,-1165.3396,-3130.289307,9.0,2.0
4912.879883,4149.010742,4312.526855,3951.348145,-807.726746,-1671.937988,-1817.887695,-1166.068481,-3131.331787,9.0,2.0
4916.419922,4149.681152,4312.654297,3951.7854,-808.223877,-1672.532593,-1817.895508,-1166.56958,-3131.083008,9.0,2.0
4919.819824,4148.51123,4312.211914,3951.266357,-808.842957,-1673.222046,-1818.503174,-1167.031372,-3137.707275,9.0,2.0
4923.379883,4150.087402,4312.085937,3951.40918,-807.961853,-1672.952759,-1819.237305,-1166.164795,-3138.10498,9.0,2.0
4926.819824,4149.652832,4312.0625,3951.226074,-808.31543,-1673.428711,-1819.863525,-1166.455078,-3180.753906,9.0,2.0
4930.319824,4164.887695,4311.288574,3950.003418,-810.535217,-1674.662231,-1820.623535,-1167.19043,-3183.000244,9.0,2.0
4933.779785,4164.318848,4310.95166,3951.856445,-809.459534,-1674.765137,-1820.595581,-1167.533325,-3185.228027,9.0,2.0
4937.319824,4165.015137,4310.553223,3950.827148,-811.151001,-1675.49231,-1821.104248,-1167.511963,-3184.058105,9.0,2.0
4940.720215,4164.022949,4310.343262,3951.819824,-810.190674,-1674.982422,-1821.65332,-1168.503662,-3185.393555,9.0,2.0
4944.220215,4164.658203,4310.708984,3951.24585,-811.020142,-1675.551147,-1822.537231,-1168.440674,-3185.689941,9.0,2.0
4947.779785,4164.39502,4309.454102,3951.0625,-811.735535,-1676.765747,-1823.765137,-1169.085815,-3183.936035,9.0,2.0
4951.22998,4163.179199,4308.791504,3951.177002,-814.476379,-1677.072388,-1823.751587,-1170.298706,-3183.613037,9.0,2.0
4954.779785,4163.945801,4308.291504,3950.465088,-812.931274,-1677.603882,-1824.188232,-1170.089844,-3186.021729,9.0,2.0
4958.220215,4162.584961,4307.328613,3949.652832,-815.890564,-1678.72876,-1825.364258,-1170.563599,-3189.398193,9.0,2.0
4961.669922,4146.989258,4306.970703,3950.764404,-815.129578,-1678.371094,-1825.700928,-1171.137695,-3188.293701,9.0,2.0
4965.069824,4146.816406,4306.552734,3950.308838,-816.163452,-1679.647827,-1826.070557,-1171.029297,-3191.42334,9.0,2.0
4968.629883,4147.768555,4306.146484,3950.282959,-816.43573,-1680.505371,-1827.050537,-1171.397827,-3190.853271,9.0,2.0
4972.069824,4147.225098,4306.124023,3950.081299,-816.998291,-1682.189209,-1827.288818,-1172.625488,-3190.174316,9.0,2.0
4975.629883,4147.547852,4305.191895,3949.211914,-817.947693,-1682.149048,-1828.408081,-1174.156738,-3192.621338,9.0,2.0
4979.029785,4146.37793,4304.702637,3950.130615,-818.273254,-1682.511719,-1829.461792,-1173.665894,-3193.668213,9.0,2.0
4982.470215,4146.80127,4303.878906,3949.705566,-819.574158,-1683.128296,-1830.272949,-1175.6073,-3192.78125,9.0,2.0
4985.970215,4161.722656,4303.624512,3948.995361,-820.225098,-1683.5177,-1831.223999,-1175.909302,-3192.931396,9.0,2.0
4989.379883,4161.378418,4302.822754,3949.484375,-822.354126,-1684.322388,-1832.158813,-1177.96228,-3191.372559,9.0,2.0
4992.879883,4161.77002,4302.760742,3949.834717,-821.728516,-1685.481934,-1833.174072,-1177.9021,-3189.382812,9.0,2.0
4996.279785,4161.297363,4302.354004,3949.425537,-822.234863,-1685.878418,-1833.441162,-1178.695435,-3190.176758,9.0,2.0
4999.779785,4146.237305,4301.853027,3949.348389,-822.605774,-1686.324951,-1833.983765,-1178.596069,-3148.119385,9.0,2.0
5003.220215,4146.197754,4301.309082,3950.004883,-823.176758,-1686.517456,-1834.721436,-1179.208862,-3145.654785,9.0,2.0
5006.720215,4145.599121,4300.865723,3949.054443,-826.122742,-1687.915039,-1835.559937,-1179.461304,-3146.431885,9.0,2.0
5010.129883,4144.88916,4300.500488,3949.922363,-824.680786,-1688.206421,-1836.391479,-1179.304321,-3152.023437,9.0,2.0
5013.669922,4145.85791,4300.094727,3949.131836,-826.257568,-1688.897339,-1837.000244,-1180.121338,-3148.585449,9.0,2.0
5017.129883,4145.11377,4299.917969,3949.523193,-825.899597,-1689.454346,-1837.83728,-1180.96521,-3153.404053,9.0,2.0
5020.629883,4144.783203,4299.099609,3949.434082,-826.589722,-1689.696167,-1838.073364,-1181.107178,-3155.090088,9.0,2.0
5024.069824,4144.099609,4298.364746,3948.94751,-827.889404,-1690.491455,-1838.407959,-1181.465454,-3198.091064,9.0,2.0
5027.629883,4161.083008,4299.23877,3948.903564,-826.93042,-1690.065674,-1838.563721,-1180.944458,-3200.846924,9.0,2.0
5031.169922,4160.106934,4298.780762,3948.865723,-828.59906,-1690.792236,-1839.490601,-1180.952637,-3200.093994,9.0,2.0
5034.629883,4142.786133,4297.72998,3948.599609,-829.158813,-1690.953735,-1839.673828,-1181.283081,-3204.057861,9.0,2.0
5038.169922,4160.004883,4297.35791,3948.439209,-829.513184,-1691.7146,-1839.999023,-1181.066895,-3202.477783,9.0,2.0
5041.569824,4143.617676,4296.788086,3948.800293,-830.022644,-1692.719849,-1840.487671,-1183.023071,-3203.266357,9.0,2.0
5045.129883,4144.944824,4296.250977,3948.396729,-829.277527,-1692.169189,-1840.829468,-1182.383423,-3201.463623,9.0,2.0
5048.629883,4143.88623,4295.898437,3948.585937,-831.457336,-1693.45752,-1842.069702,-1183.313477,-3204.454834,9.0,2.0
5052.169922,4144.040039,4293.515625,3948.029297,-832.120422,-1694.326416,-1842.862671,-1183.289673,-3203.862305,9.0,2.0
5055.629883,4143.64209,4294.724609,3947.797119,-831.381592,-1694.161255,-1843.364746,-1184.238159,-3204.823975,9.0,2.0
5059.129883,4143.805176,4294.910156,3948.458984,-832.325806,-1695.356812,-1844.285889,-1184.804565,-3205.963867,9.0,2.0
5062.529785,4142.231934,4293.719727,3947.895996,-833.196289,-1695.550659,-1845.067993,-1185.418823,-3207.883301,9.0,2.0
5066.220215,4143.935547,4293.215332,3947.577881,-835.553772,-1695.536255,-1844.622559,-1183.72168,-3207.594482,10.0,3.0
5069.779785,4142.925781,4293.341797,3947.290039,-834.336243,-1696.314453,-1845.85376,-1185.799438,-3207.656982,10.0,3.0
5073.220215,4142.538086,4292.770996,3946.360352,-835.155945,-1697.647705,-1846.660767,-1186.433838,-3207.983643,10.0,3.0
5076.720215,4142.736816,4293.078125,3947.115234,-837.292847,-1698.475464,-1848.100464,-1189.315063,-3209.783447,10.0,3.0
5080.129883,4142.01416,4292.227539,3944.984619,-837.204041,-1698.614014,-1847.851929,-1189.238403,-3209.790771,10.0,3.0
5083.669922,4142.296875,4292.013672,3946.05127,-837.896484,-1699.688721,-1848.691284,-1190.313477,-3210.829102,10.0,3.0
5087.069824,4141.503418,4291.740723,3943.946289,-839.154114,-1700.807983,-1849.639648,-1191.11145,-3211.846436,10.0,3.0
5090.629883,4142.375,4291.501465,3943.490479,-839.463989,-1700.619751,-1850.048828,-1191.634521,-3211.926514,10.0,3.0
5094.080078,4141.95459,4290.782715,3944.302979,-840.331055,-1702.072998,-1851.382324,-1192.95752,-3212.627441,10.0,3.0
5097.629883,4141.706543,4290.185547,3944.571777,-839.865051,-1701.723999,-1849.063843,-1185.600464,-3199.841309,10.0,3.0
5101.069824,4141.4375,4290.562012,3946.169434,-826.883911,-1672.275391,-1793.917358,-1102.358032,-3064.918701,10.0,3.0
5104.569824,4150.270996,4325.942871,3971.231934,-611.631958,-1418.174072,-1535.58667,-883.254395,-2901.180908,10.0,3.0
5108.029785,4233.158691,4431.825684,3957.314209,-717.560425,-1594.316528,-1695.030273,-987.659302,-2955.164551,10.0,3.0
5111.569824,4091.827637,4261.294434,3947.753906,-894.313721,-1726.360596,-1849.833008,-1161.91394,-3085.338623,10.0,3.0
5115.129883,3841.18335,4096.229004,3816.898926,-981.683289,-1809.149048,-1919.178467,-1185.485718,-3097.876221,10.0,3.0
5118.569824,3813.842041,3947.160156,3818.467285,-1158.487183,-3055.343018,-2739.875244,-1891.864868,-3438.960937,10.0,3.0
5122.129883,3830.489502,4502.021484,4191.26123,-1432.200928,-2493.017578,-2619.450439,-1841.087891,-5472.042969,10.0,3.0
5125.529785,4254.638184,4318.483398,3973.414307,-1328.135864,-2088.788086,-7555.195312,-2729.916016,-3493.480225,10.0,3.0
5129.220215,4637.946289,2797.446289,3355.986084,-1285.31958,-2083.305176,-6668.468262,-2720.06958,-4468.055176,10.0,3.0
5132.720215,4338.365723,4048.919189,3809.454834,-809.283386,-2733.586426,-8293.397461,-4701.80127,-6205.874512,10.0,3.0
5136.419922,3701.393066,3827.042969,3663.171143,-832.220642,-1975.603638,-6612.550293,-6256.020996,-6476.72168,10.0,3.0
5139.819824,4039.228516,3705.082275,3878.828857,-1116.740356,-1831.326782,-1811.437866,-1362.108521,-5780.8125,10.0,3.0
5143.379883,3912.0979,3358.54834,3903.017334,-1455.309692,-1472.959473,-1624.935303,-1250.060059,-6126.632324,10.0,3.0
5146.819824,3727.463623,3666.504395,3623.296875,-6217.984863,-3741.143311,-1817.280029,-1007.112671,-3804.532471,10.0,3.0
5150.319824,3537.070312,4135.853027,3440.2854,-902.459473,-2037.974731,-2362.438965,-5711.348145,-7302.947754,10.0,3.0
5153.879883,3962.487305,2138.267822,3710.883301,-869.227722,-1340.656982,-1495.846802,-1983.312012,-6496.79541,10.0,3.0
5157.379883,3847.631592,3850.718018,3163.849609,-326.410645,-1321.116943,-1620.919678,-1260.119263,-6455.703613,10.0,3.0
5160.919922,3745.024414,3825.6875,3703.512695,96.0839,-785.337036,-1178.460937,-1000.954895,-7141.283203,10.0,3.0
5164.319824,3896.14502,3932.85791,3696.6521,-465.068237,-6680.146484,-4438.248535,-3658.441406,-7031.304199,10.0,3.0
5167.879883,3599.20752,3880.762695,3555.577148,-743.62439,-1394.376587,-1601.036621,-1796.894531,-6300.933594,10.0,3.0
5171.319824,3845.197266,4093.580078,3751.174561,-640.991211,-1393.783325,-1547.585693,-1406.003784,-6829.84375,10.0,3.0
5174.879883,4078.474609,4045.603516,3654.128662,-772.031738,-1867.005615,-2188.927734,-1565.12854,-6386.244141,10.0,3.0
5178.319824,4076.421143,4123.044434,3873.541504,-730.514709,-1700.448975,-2065.822998,-1524.755737,-6386.932129,10.0,3.0
5181.819824,3835.824219,3885.525391,3774.692139,-1240.907959,-2054.844727,-2253.89209,-1558.190674,-5974.273437,10.0,3.0
5185.220215,3947.814941,3937.724121,3843.58667,-1367.461914,-2167.988037,-2357.693604,-1643.169067,-5580.095703,10.0,3.0
5188.720215,4395.243164,4093.567383,3868.895264,-1411.959229,-2187.814941,-2379.143799,-1657.787231,-5938.991211,10.0,3.0
5192.169922,3998.000732,4027.231934,3882.403809,-1444.901001,-2253.080566,-2447.363037,-1712.046631,-5760.541504,10.0,3.0
5195.720215,3809.896973,3918.341309,3848.393799,-1425.830933,-2255.360352,-2511.06543,-1764.93689,-5857.932129,10.0,3.0
5199.279785,3608.848633,3804.298828,3773.584229,-1447.103149,-2319.905518,-2575.645264,-1830.824585,-5595.389648,10.0,3.0
5202.720215,3459.357178,3814.192627,3754.586914,-1433.725586,-2320.20459,-2583.46875,-1891.514404,-5513.376953,10.0,3.0
5206.279785,3429.429199,3812.62793,3750.692871,-1366.769775,-2280.991943,-2548.278809,-1848.35022,-5574.864746,10.0,3.0
5209.779785,3432.761963,3857.622314,3763.527588,-1358.710083,-2256.936279,-2530.39624,-1784.918579,-5915.830078,10.0,3.0
5213.220215,3424.640869,3912.089111,3763.729004,-1342.956909,-2296.362061,-2458.064697,-4590.070801,-5943.025391,10.0,3.0
5216.629883,3885.284424,3890.487793,3758.860352,-893.914612,-1938.710693,-2577.058594,-4926.950684,-5637.129395,10.0,3.0
5220.129883,3528.115723,3739.256592,3577.135498,-1156.846558,-1971.54248,-2621.90625,-5434.558105,-5430.972656,10.0,3.0
5223.529785,3489.89209,3652.229736,3588.373535,-1334.298096,-2034.956055,-2497.803955,-5102.039551,-5519.672852,10.0,3.0
5227.069824,3539.178467,3662.91748,3598.675537,-1353.344971,-2093.139404,-2728.150635,-5472.592773,-5400.641113,10.0,3.0
5230.529785,3528.505371,3610.852539,3538.204346,-1485.457153,-2274.466797,-3049.636719,-5754.90918,-5321.456543,10.0,3.0
5234.029785,3561.181641,3565.427979,3502.890137,-1631.786377,-2445.792969,-3271.87793,-5885.772461,-5265.342285,10.0,3.0
5237.529785,3597.743896,3546.924805,3491.335937,-1729.72583,-2555.545166,-3491.056641,-5961.936523,-5198.835937,10.0,3.0
5240.970215,3598.157471,3507.137207,3518.477295,-1833.59021,-2714.401367,-3734.381348,-6002.838379,-5134.421387,10.0,3.0
5244.470215,3628.303467,3499.735352,3497.171875,-1941.378052,-2811.998779,-3883.58374,-5998.135742,-5084.371582,10.0,3.0
5247.879883,3631.046143,3482.138672,3505.616699,-2036.335205,-2958.879395,-4060.077637,-5974.375,-5043.343262,10.0,3.0
5251.379883,3638.176758,3469.876221,3526.747559,-2041.889282,-2973.352783,-4121.504395,-5919.146484,-4996.990723,10.0,3.0
5254.879883,3660.45459,3458.74292,3530.43335,-2130.666992,-3132.54248,-4307.946289,-5874.710449,-4944.330566,10.0,3.0
5258.419922,3654.519043,3440.494385,3542.233154,-2240.390869,-3275.83252,-4510.29834,-5808.550781,-4892.859863,10.0,3.0
5261.879883,3698.651611,3424.831543,3562.322021,-2255.760254,-3231.968506,-4406.391602,-5736.459961,-4879.994629,10.0,3.0
5265.419922,3694.752686,3422.733643,3535.79541,-2245.210937,-3257.162354,-4447.47998,-5674.193848,-4849.76416,10.0,3.0
5268.879883,3700.760986,3440.082764,3548.657471,-2297.619873,-3347.856201,-4583.269043,-5593.101562,-4792.026855,10.0,3.0
5272.319824,3713.55127,3395.322754,3558.636475,-2332.340088,-3318.862793,-4429.308594,-5537.150879,-4812.650879,10.0,3.0
5275.720215,3709.012207,3433.240967,3550.96167,-2244.718506,-3234.730225,-4386.782227,-5501.380371,-4773.898926,10.0,3.0
5279.169922,3707.234619,3427.145996,3543.969482,-2251.615479,-3236.639404,-4351.007324,-5448.904785,-4767.028809,10.0,3.0
5282.629883,3731.386475,3440.555664,3550.167725,-2168.027832,-3100.308838,-4162.135254,-5418.293457,-4758.190918,10.0,3.0
5286.029785,3709.239746,3455.122803,3529.387451,-2145.982422,-3075.169189,-4149.223633,-5369.043457,-4722.465332,10.0,3.0
5289.470215,3709.897461,3458.481689,3545.205566,-2149.265869,-3082.960449,-4153.341309,-5326.230469,-4717.583984,10.0,3.0
5292.879883,3715.339355,3451.121826,3563.818359,-2127.846436,-2987.69165,-3980.400391,-5285.118652,-4720.600586,10.0,3.0
5296.319824,3710.85376,3465.715576,3539.604492,-2063.436035,-2879.42041,-3815.806396,-5255.108398,-4703.585449,10.0,3.0
5299.720215,3707.640869,3482.390625,3549.89209,-2043.931885,-2875.340088,-3825.858643,-5224.184082,-4689.430664,10.0,3.0
5303.129883,3708.676025,3489.379639,3566.076416,-2036.403687,-2906.887207,-3859.743408,-5178.481934,-4664.016113,10.0,3.0
5306.529785,3711.523437,3454.011475,3546.790527,-2064.254395,-2885.793213,-3801.400146,-5135.97168,-4674.98584,10.0,3.0
5309.970215,3732.98291,3483.937988,3563.406738,-2021.128662,-2832.424561,-3708.810059,-5093.113281,-4663.600098,10.0,3.0
5313.379883,3713.201172,3488.743164,3550.403564,-1987.053955,-2799.218994,-3644.249512,-5049.242676,-4644.986816,10.0,3.0
5316.879883,3725.635498,3485.378418,3564.77417,-1974.660645,-2772.107422,-3619.646484,-5018.95459,-4626.356934,10.0,3.0
5320.319824,3730.051025,3498.501709,3563.157715,-1973.162354,-2749.37085,-3543.118652,-4974.080078,-4622.90918,10.0,3.0
5323.720215,3732.868896,3524.642578,3577.852539,-1973.080566,-2762.794678,-3605.666992,-4945.808105,-4617.091797,10.0,3.0
5327.169922,3736.952393,3496.735352,3563.399902,-1995.980591,-2842.387207,-3724.476807,-4902.286621,-4574.416504,10.0,3.0
5330.569824,3743.445557,3510.410156,3579.05957,-2047.041626,-2874.640625,-3756.973389,-4866.076172,-4564.149414,10.0,3.0
5334.029785,3752.19043,3491.137451,3562.774414,-2068.638184,-2890.468506,-3757.524902,-4829.474121,-4547.28125,10.0,3.0
5337.419922,3733.703613,3503.064697,3582.323486,-2077.041504,-2838.955811,-3635.949463,-4792.288574,-4538.731934,10.0,3.0
5340.879883,3759.415283,3510.431396,3585.08667,-2002.573364,-2769.208008,-3485.293945,-4762.506836,-4553.009277,10.0,3.0
5344.279785,3746.942139,3538.538818,3567.921631,-1945.457642,-2730.595215,-3423.472412,-4722.901855,-4527.871094,10.0,3.0
5347.720215,3749.24292,3523.461182,3584.91626,-1934.092896,-2682.323975,-3286.836426,-4662.681152,-4553.27002,10.0,3.0
5351.069824,3749.959229,3531.843994,3585.51001,-1898.413818,-2576.289062,-3150.62793,-4621.867676,-4531.964355,10.0,3.0
5354.529785,3750.931885,3531.732422,3595.770508,-1849.209106,-2513.552734,-3033.152832,-4559.981445,-4532.522461,10.0,3.0
5357.879883,3759.536133,3562.918701,3596.237061,-1826.927856,-2527.120117,-3016.712158,-4507.139648,-4530.68457,10.0,3.0
5361.319824,3751.950439,3546.479004,3595.012939,-1824.397583,-2512.823242,-2991.020508,-4495.304199,-4507.349609,10.0,3.0
5364.779785,3744.472412,3554.842285,3597.493896,-1818.020508,-2536.430176,-2973.231934,-4438.145508,-4508.033203,10.0,3.0
5368.169922,3755.390869,3545.213379,3602.983154,-1825.873901,-2508.444336,-2959.06958,-4377.121582,-4496.247559,10.0,3.0
5371.629883,3747.773682,3567.221924,3605.95166,-1820.358643,-2505.806885,-2953.616455,-4358.001465,-4500.125,10.0,3.0
5374.970215,3758.981934,3563.99585,3610.260742,-1814.256958,-2482.068359,-2917.171143,-4305.637695,-4487.175781,10.0,3.0
5378.419922,3775.724365,3578.956299,3620.519775,-1810.263184,-2501.186279,-2929.649414,-4287.403809,-4497.417969,10.0,3.0
5381.779785,3767.807861,3571.755371,3617.167725,-1823.313477,-2526.072998,-2988.261475,-4247.983398,-4467.409668,10.0,3.0
5385.220215,3768.968506,3588.460205,3609.262451,-1840.991089,-2535.868896,-3015.293457,-4208.769043,-4477.45752,10.0,3.0
5388.629883,3768.087402,3594.106689,3601.612061,-1865.338867,-2594.622314,-3112.984375,-4217.228516,-4436.916992,10.0,3.0
5392.069824,3770.406494,3622.809326,3592.886719,-1928.526611,-2747.71875,-3492.27002,-4168.484375,-4380.12793,10.0,3.0
5395.490234,3785.658203,3586.039062,3585.002197,-1983.581665,-2740.600098,-3303.979248,-4148.822266,-4373.684082,10.0,3.0
5398.919922,3801.838135,3553.981689,3611.043701,-1905.092285,-2606.601562,-3008.087158,-4074.495605,-4410.149414,10.0,3.0
5402.379883,3799.548096,3561.874756,3609.766846,-1851.351318,-2503.828857,-2832.016113,-3986.982422,-4387.879395,10.0,3.0
5405.779785,3780.35083,3553.890625,3618.67334,-1825.442505,-2435.69751,-2734.637695,-3901.24292,-4397.656738,10.0,3.0
5409.240234,3795.437744,3559.010742,3628.585693,-1753.922974,-2456.470947,-2740.268555,-3828.763184,-4389.372559,10.0,3.0
5412.629883,3794.467041,3562.724854,3635.375,-1776.778687,-2451.052734,-2775.401367,-3797.003662,-4381.008789,10.0,3.0
5416.069824,3797.349854,3565.069092,3628.973145,-1758.17688,-2467.083496,-2777.614258,-3761.695557,-4387.230469,10.0,3.0
5419.470215,3785.577148,3569.625977,3634.079834,-1773.291504,-2463.03833,-2764.767822,-3723.806885,-4381.467285,10.0,3.0
5422.919922,3798.554932,3575.80249,3618.078857,-1772.12854,-2464.217773,-2793.127197,-3705.053955,-4354.213867,10.0,3.0
5426.279785,3784.613037,3578.882324,3622.080078,-1788.233887,-2429.400879,-2810.549561,-3680.843994,-4339.703125,10.0,3.0
5429.720215,3802.301758,3578.900391,3611.121582,-1766.946655,-2484.67041,-2808.032959,-3657.226318,-4307.989746,10.0,3.0
5433.129883,3804.385498,3565.246338,3605.195557,-1791.327759,-2473.005615,-2884.60791,-3627.729736,-4299.483887,10.0,3.0
5436.569824,3800.301025,3566.199463,3623.303955,-1793.274658,-2513.661133,-2823.821045,-3590.488281,-4303.510742,10.0,3.0
5439.970215,3761.49292,3567.051758,3427.586182,-1778.459106,-2488.499756,-2811.460205,-3550.538818,-4308.941895,10.0,3.0
5443.419922,3819.366699,3584.103027,3621.491455,-1796.563599,-2493.845459,-2836.968262,-3538.592285,-4290.994629,10.0,3.0
5446.879883,3811.815918,3576.423828,3618.741699,-1782.753052,-2486.896973,-2854.18042,-3519.03125,-4292.353516,10.0,3.0
5450.279785,3821.2854,3573.592529,3610.291504,-1802.151245,-2505.898193,-2851.700684,-3493.085205,-4294.861816,10.0,3.0
5453.720215,3819.477783,3587.342773,3623.260254,-1799.372314,-2553.195312,-2875.891602,-3462.781006,-4280.49707,10.0,3.0
5457.129883,3816.776855,3583.782959,3590.008789,-1818.200317,-2515.490967,-2861.662109,-3441.518311,-4283.779297,10.0,3.0
5460.569824,3832.600098,3606.490234,3588.406982,-1809.963623,-2510.279785,-2865.695801,-3424.100342,-4272.592285,10.0,3.0
5463.919922,3828.065918,3593.759277,3609.507324,-1828.660767,-2528.104736,-2851.77002,-3404.604736,-4231.530762,10.0,3.0
5467.379883,3823.185791,3578.990234,3615.039307,-1842.952026,-2528.102783,-3020.212402,-3302.131592,-4223.986816,10.0,3.0
5470.779785,3818.965088,3580.662109,3588.479492,-1839.074097,-2556.651855,-2944.826416,-3316.168457,-4229.991699,10.0,3.0
5474.220215,3828.086182,3590.226318,3585.473389,-1841.397949,-2540.584717,-2947.827637,-3295.940918,-4207.112793,10.0,3.0
5477.629883,3843.588135,3581.891846,3585.799805,-1857.599243,-2539.434326,-3048.685303,-3187.035645,-4212.248047,10.0,3.0
5481.069824,3802.457764,3589.80835,3601.020508,-1880.221802,-2571.923096,-3056.561768,-3195.812744,-4180.559082,10.0,3.0
5484.529785,3842.331055,3599.556396,3578.184326,-1886.53479,-2558.108154,-3039.837158,-3156.251953,-4178.713867,10.0,3.0
5487.919922,3844.968262,3599.545898,3599.246582,-1901.742065,-2577.707764,-3141.447998,-3075.596924,-4162.924805,10.0,3.0
5491.379883,3841.411621,3516.099609,3590.348389,-1930.591309,-2578.191162,-3262.446777,-3066.887451,-4153.066406,10.0,3.0
5494.720215,3848.058838,3594.631836,3577.475586,-1969.164062,-2610.728271,-3254.655518,-2992.538574,-4150.336426,10.0,3.0
5498.169922,3849.848145,3589.632568,3574.377441,-1967.23999,-2647.226318,-3349.850586,-2928.833008,-4137.419434,10.0,3.0
5501.569824,3855.994629,3580.679932,3576.4021,-1976.641968,-2699.296875,-3501.171875,-2809.258789,-4077.421387,10.0,3.0
5504.970215,3850.511475,3575.971191,3572.540771,-2059.403076,-2868.949951,-3601.628906,-2743.872314,-4112.418945,10.0,3.0
5508.379883,3866.657227,3579.81665,3555.814697,-2131.977783,-2935.0271,-3601.834961,-2700.971436,-4082.94873,10.0,3.0
5511.819824,3883.765381,3589.161377,3519.232666,-2166.893555,-3062.568604,-3664.393799,-2621.497559,-4075.762939,10.0,3.0
5515.220215,3857.25293,3604.09082,3522.519775,-2297.356689,-3210.242187,-3649.791992,-2576.372314,-4058.216553,10.0,3.0
5518.669922,3874.991455,3621.609131,3527.349609,-2373.932129,-3270.408203,-3624.764404,-2530.464844,-4031.762939,10.0,3.0
5522.069824,3881.627441,3613.902588,3527.584961,-2433.614502,-3320.657959,-3589.225586,-2478.443115,-4035.091553,10.0,3.0
5525.470215,3884.011719,3605.665039,3534.528809,-2436.017822,-3358.131836,-3492.840576,-2419.185547,-4023.11499,10.0,3.0
5528.919922,3891.826416,3629.574219,3526.690674,-2478.041016,-3421.497559,-3458.34668,-2415.668701,-4008.440186,10.0,3.0
5532.319824,3890.58252,3621.418213,3533.702393,-2486.496094,-3357.749268,-3451.047852,-2399.310547,-4022.597168,10.0,3.0
5535.779785,3908.618408,3627.608887,3515.267334,-2488.069092,-3338.050049,-3396.802002,-2387.68457,-4018.685303,10.0,3.0
5539.169922,3895.541504,3648.04126,3495.386475,-2420.651367,-3400.330566,-3445.874268,-2360.999023,-3995.333252,10.0,3.0
5542.629883,3855.038574,3647.275635,3547.531738,-2446.77832,-3308.416748,-3367.412354,-2344.915283,-4001.071045,10.0,3.0
5546.029785,3885.07373,3673.133545,3542.58374,-2440.503418,-3299.401123,-3342.234863,-2332.062744,-3982.765381,10.0,3.0
5549.569824,3893.797607,3680.425293,3570.89624,-2446.270508,-3460.066406,-3009.338623,-2222.734131,-3971.541504,11.0,1.0
5552.970215,3900.376709,3715.545654,3530.901855,-2215.355713,-3254.654541,-3285.032715,-2292.53833,-3991.490723,11.0,1.0
5556.419922,3903.952148,3690.878906,3580.638672,-2388.086182,-3239.368408,-3292.642334,-2330.328857,-4005.970459,11.0,1.0
5559.819824,3894.918945,3701.908447,3566.843994,-2394.936768,-3258.08667,-3323.028809,-2341.065186,-4023.115234,11.0,1.0
5563.279785,3907.242432,3696.916016,3570.450195,-2404.885742,-3253.183105,-3293.598145,-2300.694092,-4003.31543,11.0,1.0
5566.720215,3901.460205,3695.125,3580.94751,-2376.986816,-3224.478027,-3262.212402,-2270.367676,-3973.725586,11.0,1.0
5570.129883,3889.387939,3716.609375,3590.295166,-2346.655762,-3186.580322,-3211.695801,-2263.172363,-3959.884521,11.0,1.0
5573.569824,3898.90332,3731.314697,3588.132568,-2354.637451,-3183.919434,-3213.520264,-2233.150635,-3958.204346,11.0,1.0
5576.970215,3897.318359,3733.884521,3582.469482,-2330.300781,-3142.886963,-3171.324951,-2207.939941,-3953.974609,11.0,1.0
5580.419922,3903.043457,3694.683838,3617.230225,-2252.733154,-3021.550293,-3018.010986,-2130.334229,-3943.950928,11.0,1.0
5583.779785,3929.127197,3775.580322,3670.948975,-2072.675293,-2825.205811,-2877.973633,-2110.454834,-4065.004883,11.0,1.0
5587.220215,3895.274658,3852.190186,3711.871338,-1876.986328,-2644.741943,-2717.078857,-2011.927979,-3707.436035,11.0,1.0
5590.629883,3891.632568,3918.366943,3733.242432,-1767.472168,-2477.928955,-2533.357422,-1864.159546,-3672.298584,11.0,1.0
5594.129883,3897.473145,3929.808594,3781.89917,-1649.89917,-2490.531006,-2549.217529,-1548.010254,-3330.153809,11.0,1.0
5597.529785,3943.323242,3971.569336,3708.003662,-1664.485474,-2339.765381,-2307.407959,-1371.740234,-3368.01123,11.0,1.0
5600.970215,3921.405273,3971.948975,3646.243164,-1429.790161,-2078.385742,-2046.640869,-1173.071289,-3220.725098,11.0,1.0
5604.379883,3961.3125,4028.217041,3658.692627,-1160.682739,-1812.854858,-1834.383789,-1062.030884,-2998.251221,11.0,1.0
5607.879883,4005.821289,4153.359863,3646.181641,-921.981506,-1635.854126,-1699.806641,-951.956909,-2808.001953,11.0,1.0
5611.319824,3964.125732,4238.032227,3690.853271,-778.995117,-1533.77832,-1624.125854,-925.437561,-2758.912842,11.0,1.0
5614.720215,4108.307129,4262.702637,3764.366943,-725.542236,-1470.500977,-1601.630859,-917.133362,-2805.501221,11.0,1.0
5618.169922,4131.474121,4302.100098,3835.642822,-678.439758,-1444.030273,-1586.091919,-916.844666,-2827.572021,11.0,1.0
5621.569824,4158.220703,4331.996582,3909.145508,-632.598694,-1429.180542,-1600.238281,-879.056763,-2822.877197,11.0,1.0
5625.029785,4164.875977,4372.413086,3957.002441,-610.18866,-1451.54834,-1597.477539,-850.694824,-2792.063721,11.0,1.0
5628.419922,4193.048828,4407.537109,3967.55957,-628.001099,-1447.518311,-1577.55542,-837.973145,-2783.718018,11.0,1.0
5631.879883,4209.667969,4407.615234,3972.562988,-614.778015,-1429.309326,-1566.74939,-831.341431,-2775.034912,11.0,1.0
5635.279785,4205.4375,4410.124512,3976.688477,-603.472595,-1421.585083,-1562.090698,-817.266907,-2777.610107,11.0,1.0
5638.720215,4205.682617,4416.364258,3979.061523,-600.061584,-1418.959595,-1513.656616,-816.598877,-2780.671875,11.0,1.0
5642.129883,4208.461914,4419.797852,3979.174316,-596.161682,-1415.949341,-1554.566895,-811.459595,-2782.354736,11.0,1.0
5645.569824,4210.648926,4420.008789,3978.056641,-594.639221,-1412.8479,-1552.253174,-812.878418,-2782.092041,11.0,1.0
5649.029785,4211.480469,4419.665527,3980.030273,-592.040039,-1409.360352,-1551.377197,-814.477966,-2778.44873,11.0,1.0
5652.379883,4210.797852,4418.510254,3979.712891,-591.064941,-1361.308472,-1549.292236,-816.907898,-2774.983643,11.0,1.0
5655.819824,4199.867187,4417.522461,3979.4375,-589.110291,-1406.779785,-1546.1427,-818.901184,-2773.919678,11.0,1.0
5659.220215,4212.284668,4418.727539,3979.220703,-589.357971,-1404.834351,-1542.734619,-818.545288,-2770.016113,11.0,1.0
5662.669922,4213.826172,4416.804199,3979.999756,-577.187805,-1402.809937,-1542.4021,-816.663208,-2766.934326,11.0,1.0
5666.029785,4213.334961,4417.457031,3979.281982,-577.921814,-1401.571899,-1539.846313,-816.790527,-2766.631348,11.0,1.0
5669.470215,4215.060547,4416.814453,3979.355225,-583.244812,-1399.956543,-1536.402466,-816.555603,-2765.086914,11.0,1.0
5672.819824,4201.883301,4415.891113,3979.687744,-582.521118,-1399.2677,-1536.169067,-816.342896,-2765.161133,11.0,1.0
5676.220215,4202.841309,4415.79834,3933.287354,-581.578064,-1398.748047,-1537.162842,-815.205444,-2765.372314,11.0,1.0
5679.569824,4202.29834,4416.15918,3979.861328,-581.243042,-1397.665283,-1536.297852,-814.923096,-2761.831543,11.0,1.0
5682.970215,4202.868164,4415.564453,3977.74707,-580.40387,-1397.085083,-1537.687744,-813.502686,-2761.336914,11.0,1.0
5686.379883,4202.074219,4415.116699,3978.863525,-581.329895,-1395.869019,-1537.117432,-813.528381,-2764.092285,11.0,1.0
5689.819824,4215.944336,4408.943359,3978.833008,-580.957397,-1395.965576,-1537.697998,-814.190979,-2763.113525,11.0,1.0
5693.279785,4203.032715,4413.527832,3978.394531,-579.813843,-1395.830566,-1536.841064,-810.992981,-2761.5979,11.0,1.0
5696.669922,4202.456055,4410.26416,3978.313721,-580.300598,-1394.257324,-1536.112305,-810.63678,-2761.093018,11.0,1.0
5700.129883,4202.717773,4412.861816,3979.488281,-577.818237,-1393.683105,-1536.239746,-811.257935,-2762.772461,11.0,1.0
5703.529785,4203.139648,4412.351074,3978.975586,-578.974792,-1394.523437,-1536.196533,-811.298828,-2761.0979,11.0,1.0
5706.970215,4208.273437,4411.845215,3978.650635,-580.401428,-1394.168335,-1534.038452,-809.618225,-2761.119629,11.0,1.0
5710.379883,4211.001953,4411.320801,3978.670166,-579.948608,-1392.7854,-1537.81189,-812.306824,-2763.552002,11.0,1.0
5713.819824,4215.508789,4411.276367,3978.265381,-580.451721,-1395.036865,-1536.397461,-810.49408,-2767.120605,11.0,1.0
5717.220215,4215.342773,4410.375,3978.307373,-580.253784,-1393.283081,-1536.075073,-809.969238,-2761.741943,11.0,1.0
5720.629883,4215.662109,4409.351074,3969.092773,-578.682739,-1393.591309,-1536.306885,-808.926331,-2764.318848,11.0,1.0
5724.029785,4202.754395,4405.823242,3977.890381,-578.902344,-1393.710815,-1535.082886,-808.568604,-2763.116699,11.0,1.0
5727.470215,4202.378418,4409.224121,3977.868652,-578.485718,-1392.766968,-1535.218384,-809.866028,-2761.705811,11.0,1.0
5730.919922,4203.535156,4408.110352,3978.19043,-579.730652,-1394.043213,-1536.631836,-809.763611,-2762.787598,11.0,1.0
5734.279785,4202.638184,4407.296875,3978.543701,-579.343994,-1392.943237,-1536.038208,-810.007812,-2764.675049,11.0,1.0
5737.720215,4203.948242,4407.443359,3978.102539,-581.045105,-1392.839722,-1535.769897,-809.199036,-2764.723389,11.0,1.0
5741.129883,4202.655762,4406.966797,3978.821289,-580.008484,-1392.096436,-1536.175171,-805.287842,-2765.161865,11.0,1.0
5744.569824,4204.230957,4406.92334,3978.456055,-581.043213,-1391.818359,-1535.342651,-810.371277,-2764.641846,11.0,1.0
5747.970215,4204.132812,4406.005859,3978.419678,-579.325317,-1388.960937,-1536.517456,-807.993958,-2761.299561,11.0,1.0
5751.419922,4203.853516,4405.630371,3978.721191,-580.134521,-1395.865112,-1536.287598,-809.399841,-2763.309814,11.0,1.0
5754.819824,4203.397461,4404.993164,3978.5896,-580.502747,-1392.863281,-1535.818237,-807.921204,-2758.746582,11.0,1.0
5758.279785,4203.766602,4404.875488,3978.600586,-579.219971,-1391.290405,-1535.679565,-808.326721,-2760.086426,11.0,1.0
5761.669922,4202.305664,4403.854492,3979.735596,-579.157776,-1391.796265,-1533.721924,-808.400635,-2758.744385,11.0,1.0
5765.129883,4203.589844,4403.989258,3978.571533,-579.932007,-1390.032959,-1536.286865,-809.391907,-2761.406494,11.0,1.0
5768.529785,4202.779297,4403.242676,3978.609131,-578.612183,-1393.858887,-1536.159546,-811.243408,-2762.596924,11.0,1.0
5771.970215,4203.803711,4402.938965,3978.632812,-580.192078,-1392.360107,-1535.772949,-808.163818,-2756.866455,11.0,1.0
5775.419922,4215.936035,4402.576172,3978.50293,-580.809448,-1393.286865,-1536.523926,-805.452637,-2760.041748,11.0,1.0
5778.819824,4215.072754,4402.074219,3978.428955,-580.523193,-1394.433594,-1535.38562,-805.833008,-2767.830566,11.0,1.0
5782.279785,4215.900391,4401.48877,3978.234619,-580.375183,-1393.521484,-1534.81543,-809.359985,-2768.002686,11.0,1.0
5785.669922,4203.287109,4387.918945,3979.164795,-580.514587,-1392.498169,-1535.662354,-808.534851,-2761.474121,11.0,1.0
5789.129883,4200.899414,4399.94043,3978.584717,-580.171021,-1392.779785,-1535.125854,-810.337708,-2763.545166,11.0,1.0
5792.529785,4203.078613,4399.710937,3978.363281,-579.914612,-1393.811768,-1534.407471,-809.145569,-2764.007324,11.0,1.0
5795.970215,4203.494629,4399.611816,3977.843018,-582.821716,-1391.062134,-1537.009399,-807.573242,-2761.395508,11.0,1.0
5799.379883,4202.086914,4399.245117,3978.37207,-584.090759,-1393.93811,-1535.520386,-810.374146,-2760.678223,11.0,1.0
5802.819824,4203.045898,4399.849609,3978.466064,-582.223755,-1394.848877,-1537.629517,-810.539978,-2764.555176,11.0,1.0
5806.220215,4200.177734,4398.891113,3978.47998,-583.27533,-1395.256836,-1537.616455,-810.628723,-2764.246338,11.0,1.0
5809.669922,4203.15918,4398.140137,3978.365723,-583.062683,-1394.355469,-1538.205688,-811.098572,-2761.759521,11.0,1.0
5813.129883,4202.743652,4398.333008,3979.098877,-582.205383,-1395.165161,-1538.888062,-809.388428,-2775.544922,11.0,1.0
5816.529785,4214.692383,4398.071777,3978.693604,-582.300476,-1395.641357,-1537.076538,-809.67688,-2817.374756,11.0,1.0
5819.970215,4214.848633,4398.019531,3980.331055,-582.701782,-1394.449951,-1536.852295,-812.091614,-2813.915527,11.0,1.0
5823.379883,4214.438965,4397.263184,3977.022705,-584.043091,-1395.169678,-1539.187256,-811.727966,-2811.114502,11.0,1.0
5826.819824,4213.376465,4396.79541,3977.661133,-584.525085,-1398.676758,-1539.974731,-812.461609,-2809.825928,11.0,1.0
5830.220215,4214.664062,4396.487793,3973.514404,-585.04895,-1397.105957,-1540.201782,-812.389221,-2814.141846,11.0,1.0
5833.669922,4215.013184,4396.27002,3978.405029,-584.635071,-1394.904907,-1539.936157,-812.764343,-2763.677002,11.0,1.0
5837.029785,4213.839844,4395.961914,3980.339844,-584.143005,-1397.159302,-1541.040771,-813.335449,-2764.288574,11.0,1.0
5840.470215,4214.399902,4391.815918,3979.306885,-586.342773,-1397.054321,-1541.447754,-813.931702,-2763.735596,11.0,1.0
5843.879883,4213.927246,4395.525879,3977.851562,-585.97467,-1397.164795,-1542.612183,-812.267334,-2763.743896,11.0,1.0
5847.319824,4201.693848,4392.27832,3978.721191,-587.932068,-1397.852661,-1541.090454,-814.671997,-2768.601074,11.0,1.0
5850.720215,4201.209473,4392.714844,3978.305908,-587.649841,-1398.0177,-1541.140747,-813.662659,-2768.746826,11.0,1.0
5854.169922,4201.799805,4393.188965,3979.232422,-586.736389,-1397.60083,-1544.196655,-812.442993,-2770.646973,11.0,1.0
5857.629883,4201.656738,4393.254395,3979.342285,-585.454834,-1396.534668,-1541.448242,-814.192993,-2814.563965,11.0,1.0
5861.029785,4197.98584,4392.291016,3978.33667,-585.457214,-1398.80249,-1541.9552,-814.900269,-2820.619873,11.0,1.0
5864.470215,4202.112793,4391.789062,3978.745117,-588.614563,-1399.022217,-1543.031616,-817.523743,-2820.399658,11.0,1.0
5867.879883,4199.96875,4391.269531,3978.431885,-587.412231,-1398.508179,-1541.996094,-815.29425,-2819.517334,11.0,1.0
5871.319824,4199.260254,4390.833984,3977.420654,-582.291687,-1398.762451,-1542.77356,-815.581238,-2820.040771,11.0,1.0
5874.720215,4200.183105,4390.308105,3978.162354,-589.374268,-1399.186035,-1542.728882,-814.379639,-2819.474121,11.0,1.0
5878.169922,4202.98291,4389.866699,3978.543701,-588.234436,-1399.123779,-1539.85437,-814.878113,-2817.272705,11.0,1.0
5881.569824,4199.571289,4389.668945,3978.243164,-588.549011,-1398.857056,-1542.5354,-814.889832,-2821.169434,11.0,1.0
5885.029785,4201.097168,4389.036621,3978.673828,-586.895691,-1397.659912,-1542.244385,-811.901184,-2772.60376,11.0,1.0
5888.419922,4200.287109,4388.654297,3979.446533,-588.062683,-1398.758301,-1541.615112,-814.174866,-2802.363525,11.0,1.0
5891.879883,4213.30957,4388.17334,3978.707764,-587.388672,-1395.919434,-1541.765625,-812.72406,-2767.122314,11.0,1.0
5895.279785,4212.289062,4388.286133,3978.202148,-586.245422,-1397.888062,-1541.977539,-813.560608,-2816.378662,11.0,1.0
5898.720215,4213.158203,4388.09668,3979.537598,-588.351074,-1398.396362,-1541.171997,-813.302795,-2816.796875,11.0,1.0
5902.169922,4201.31543,4386.489258,3979.112793,-588.016174,-1398.13208,-1540.671265,-813.837341,-2818.903564,11.0,1.0
5905.569824,4200.588867,4386.995605,3979.772705,-588.011658,-1397.882568,-1541.709961,-813.048584,-2820.6604,11.0,1.0
5909.029785,4201.263184,4387.167969,3978.651367,-586.755981,-1397.928345,-1542.010742,-813.056091,-2769.171143,11.0,1.0
5912.419922,4200.31543,4385.200684,3978.506348,-588.301086,-1399.570801,-1542.496948,-813.579468,-2764.895508,11.0,1.0
5915.879883,4201.103027,4385.482422,3979.269287,-587.669922,-1399.048584,-1542.946655,-813.173523,-2768.325439,11.0,1.0
5919.279785,4200.389648,4384.866699,3978.548096,-587.716675,-1399.294678,-1543.318726,-814.240723,-2770.38208,11.0,1.0
5922.720215,4199.992676,4384.362793,3979.028076,-590.328369,-1399.632202,-1542.741333,-814.579224,-2769.964844,11.0,1.0
5926.129883,4199.917969,4383.96582,3978.491943,-589.292358,-1399.359741,-1542.874023,-814.513855,-2774.266602,11.0,1.0
5929.569824,4200.794434,4384.030762,3979.008301,-589.534058,-1400.297363,-1543.307983,-814.954346,-2771.922607,11.0,1.0
5932.970215,4199.780273,4382.952637,3978.748291,-590.951721,-1400.166504,-1542.979492,-815.076233,-2769.441406,11.0,1.0
5936.379883,4200.489746,4383.092285,3978.956787,-589.199524,-1400.074707,-1544.152954,-814.567261,-2769.512207,11.0,1.0
5939.819824,4200.297363,4382.496582,3976.528564,-590.585571,-1401.608765,-1544.093384,-815.802002,-2771.909912,11.0,1.0
5943.169922,4211.075195,4381.473633,3978.383789,-590.774841,-1400.875122,-1544.350098,-816.145142,-2769.562012,11.0,1.0
5946.629883,4212.179687,4381.899902,3978.791992,-590.051941,-1400.970581,-1543.571533,-814.545044,-2771.634766,11.0,1.0
5950.029785,4210.925293,4381.48877,3979.004395,-590.304871,-1401.85376,-1544.741089,-816.469543,-2773.479736,11.0,1.0
5953.470215,4211.208984,4381.288086,3979.333496,-591.748657,-1402.243896,-1544.851807,-816.339172,-2770.15918,11.0,1.0
5956.879883,4210.184082,4380.218262,3979.331299,-592.283691,-1402.076294,-1545.939453,-816.475952,-2771.606201,11.0,1.0
5960.319824,4210.991211,4379.926758,3978.772461,-593.171753,-1403.718384,-1545.847046,-817.226868,-2768.519043,11.0,1.0
5963.720215,4198.975098,4379.737305,3978.89209,-593.757141,-1402.340698,-1547.176636,-816.701233,-2773.233398,11.0,1.0
5967.169922,4210.455078,4379.260254,3978.563477,-593.528931,-1404.058716,-1547.55603,-817.541382,-2800.94458,11.0,1.0
5970.529785,4207.640137,4378.472656,3978.547363,-592.784912,-1404.312256,-1548.291626,-818.695251,-2829.837402,11.0,1.0
5973.970215,4210.375,4379.04541,3979.326172,-592.945923,-1403.59082,-1547.85498,-818.434326,-2827.768799,11.0,1.0
5977.379883,4209.334473,4378.287598,3979.508545,-594.536011,-1404.407593,-1548.582275,-818.541931,-2828.249512,11.0,1.0
5980.819824,4210.223633,4377.945312,3980.054932,-595.008118,-1405.037964,-1549.327759,-818.675659,-2826.763916,11.0,1.0
5984.279785,4210.151367,4377.37207,3979.18457,-594.250183,-1402.926025,-1548.021973,-819.608154,-2821.807373,11.0,1.0
5987.669922,4209.937988,4377.034668,3979.918945,-593.996948,-1406.374268,-1549.554932,-816.104919,-2773.744629,11.0,1.0
5991.129883,4198.26416,4376.563477,3979.279297,-597.649231,-1404.463623,-1550.867798,-820.830383,-2774.008545,11.0,1.0
5994.529785,4197.681641,4375.689941,3978.784424,-597.081543,-1407.495972,-1551.278931,-823.389099,-2776.097412,11.0,1.0
5997.970215,4197.529785,4375.624023,3978.639893,-599.232117,-1407.144531,-1550.148437,-820.409851,-2773.727783,11.0,1.0
6001.319824,4197.003906,4374.212402,3979.030762,-595.555481,-1407.717163,-1551.826416,-822.567871,-2780.975098,11.0,1.0
6004.779785,4196.473633,4375.069824,3979.908447,-596.661865,-1408.435425,-1550.843994,-822.715454,-2776.169434,11.0,1.0
6008.169922,4197.317871,4374.636719,3979.927734,-599.051819,-1408.684814,-1552.223389,-822.262024,-2779.109375,11.0,1.0
6011.629883,4197.531738,4374.319336,3979.98877,-598.297852,-1408.692261,-1557.228516,-822.745605,-2777.408447,11.0,1.0
6015.029785,4197.329102,4373.627441,3978.83252,-597.784302,-1409.309692,-1552.481812,-822.917175,-2777.197021,11.0,1.0
6018.470215,4197.299316,4373.557617,3979.24707,-598.751099,-1409.452759,-1553.332764,-823.044128,-2776.114746,11.0,1.0
6021.919922,4197.418457,4371.212402,3977.827148,-600.692871,-1409.583618,-1553.143555,-823.08197,-2777.864502,11.0,1.0
6025.319824,4195.287598,4371.061523,3978.643555,-601.173218,-1409.665894,-1554.113647,-822.567444,-2778.869629,11.0,1.0
6028.720215,4194.01709,4371.932129,3979.019043,-600.237366,-1409.712036,-1554.053955,-820.38385,-2778.281006,11.0,1.0
6032.129883,4196.084961,4371.259766,3978.098877,-600.78125,-1409.61145,-1553.415405,-822.865845,-2781.70752,11.0,1.0
6035.529785,4196.084961,4371.193359,3978.105713,-598.803528,-1409.002441,-1553.743042,-824.794739,-2778.486084,11.0,1.0
6038.919922,4196.203125,4371.697754,3979.340332,-600.774719,-1411.765747,-1555.599854,-824.330261,-2782.028564,11.0,1.0
6042.379883,4197.081543,4371.318848,3978.327393,-602.225586,-1410.744263,-1554.968872,-823.658936,-2829.718018,11.0,1.0
6045.779785,4196.157715,4369.379395,3977.314453,-600.088379,-1410.633423,-1556.74646,-823.62854,-2834.194092,11.0,1.0
6049.220215,4196.128418,4370.708496,3977.9646,-611.320312,-1412.366211,-1555.673584,-824.6521,-2832.282959,11.0,1.0
6052.629883,4196.364746,4369.925293,3977.002441,-600.861938,-1411.071533,-1555.600098,-823.866394,-2836.481934,11.0,1.0
6056.069824,4193.040039,4369.361816,3978.033936,-602.408325,-1411.112305,-1560.514038,-824.124573,-2833.374512,11.0,1.0
6059.470215,4193.361816,4367.841797,3978.399414,-606.811707,-1411.686646,-1553.569214,-824.539062,-2832.616455,11.0,1.0
6062.919922,4194.799316,4366.024902,3978.137451,-602.139526,-1408.862549,-1555.360962,-822.378479,-2842.802002,11.0,1.0
6066.379883,4196.212891,4368.314941,3974.799805,-602.290955,-1411.776489,-1551.666748,-824.458313,-2833.790283,11.0,1.0
6069.779785,4194.006348,4367.686035,3976.955322,-598.499695,-1408.918091,-1557.337891,-824.166809,-2836.338867,11.0,1.0
6073.220215,4196.384766,4367.528809,3979.185059,-601.721375,-1412.385742,-1557.847656,-825.185547,-2838.635498,11.0,1.0
6076.629883,4194.648926,4367.786621,3976.520508,-604.4953,-1412.043213,-1555.756226,-824.260376,-2835.57959,11.0,1.0
6080.069824,4195.73877,4366.430664,3976.993896,-602.409302,-1413.86853,-1557.390869,-823.544861,-2835.705078,11.0,1.0
6083.470215,4195.47168,4363.932617,3977.646484,-604.867004,-1411.89624,-1556.288818,-824.846558,-2833.388672,11.0,1.0
6086.919922,4196.913086,4366.262695,3977.633545,-603.573547,-1412.130615,-1556.725098,-823.402649,-2833.703857,11.0,1.0
6090.319824,4195.57666,4365.427734,3977.690186,-604.478027,-1411.584351,-1557.25415,-824.886597,-2836.975098,11.0,1.0
6093.779785,4196.053711,4365.195312,3977.227539,-603.778259,-1413.765625,-1557.667725,-825.751221,-2838.745605,11.0,1.0
6097.169922,4194.879883,4364.250488,3976.439453,-605.634033,-1413.529907,-1558.518188,-824.975647,-2839.166504,11.0,1.0
6100.629883,4195.172363,4363.908691,3976.936523,-604.582275,-1414.876221,-1558.227783,-826.01062,-2831.298828,11.0,1.0
6104.129883,4195.547363,4363.924805,3976.932129,-605.529663,-1414.300293,-1554.932007,-827.155029,-2840.323242,11.0,1.0
6107.529785,4195.106445,4363.15625,3977.218506,-604.952148,-1415.224609,-1557.61438,-827.213257,-2839.081299,11.0,1.0
6110.970215,4195.446777,4363.571777,3976.74707,-605.570435,-1415.643555,-1561.021362,-824.926453,-2841.99292,11.0,1.0
6114.379883,4205.106445,4362.196289,3976.450928,-608.062439,-1415.982788,-1559.91626,-828.505005,-2787.641846,11.0,1.0
6117.819824,4205.84082,4361.930664,3975.676758,-606.478882,-1416.573608,-1561.991943,-829.682373,-2785.52124,11.0,1.0
6121.220215,4193.585449,4361.277344,3976.73999,-608.73645,-1418.159912,-1561.655151,-827.651611,-2787.044189,11.0,1.0
6124.669922,4194.813965,4361.296875,3976.82373,-608.914001,-1417.940063,-1562.523804,-828.858398,-2784.667725,11.0,1.0
6128.029785,4193.23584,4360.710449,3974.966797,-608.497192,-1418.629028,-1562.128906,-831.791077,-2786.625,11.0,1.0
6131.470215,4193.84668,4359.866211,3974.796143,-609.468567,-1418.895752,-1563.915283,-830.366333,-2800.209717,11.0,1.0
6134.879883,4192.952637,4359.461426,3974.72168,-609.491699,-1419.320679,-1563.949951,-829.600586,-2845.444824,11.0,1.0
6138.319824,4193.402832,4360.307617,3974.601807,-611.002197,-1419.319214,-1563.574951,-830.23584,-2844.959961,11.0,1.0
6141.720215,4192.899902,4359.110352,3974.929932,-611.695007,-1419.82666,-1564.324707,-832.479187,-2843.968994,11.0,1.0
6145.169922,4193.595215,4358.649902,3974.297363,-611.537537,-1420.437866,-1565.803223,-830.017761,-2843.969727,11.0,1.0
6148.629883,4193.127441,4358.253906,3974.445068,-611.007996,-1421.484497,-1566.175781,-831.633728,-2838.36084,11.0,1.0
6152.129883,4191.810547,4357.188477,3973.199951,-612.70575,-1421.92395,-1563.362549,-832.801453,-2840.033203,12.0,2.0
6155.569824,4192.409668,4356.992187,3972.412109,-612.811829,-1422.672852,-1565.872437,-832.762207,-2791.234131,12.0,2.0
6158.970215,4190.708008,4356.879883,3972.679199,-614.338562,-1422.479248,-1566.662109,-831.816528,-2788.560791,12.0,2.0
6162.419922,4191.255371,4356.115723,3972.749268,-614.990723,-1422.783813,-1567.321045,-833.860962,-2788.070557,12.0,2.0
6165.819824,4202.892578,4356.292969,3972.966064,-613.411865,-1421.354248,-1567.252075,-833.663269,-2790.575928,12.0,2.0
6169.279785,4203.166016,4355.611328,3971.924561,-613.983459,-1423.71875,-1568.634521,-833.766663,-2789.770264,12.0,2.0
6172.669922,4190.13916,4355.607422,3972.738037,-615.433044,-1424.479004,-1568.973145,-833.971069,-2791.673096,12.0,2.0
6176.129883,4190.472168,4355.174316,3972.233887,-614.867004,-1424.53186,-1569.046143,-834.375305,-2792.777588,12.0,2.0
6179.529785,4190.085937,4354.939453,3971.659668,-614.710266,-1424.454224,-1569.071411,-834.02417,-2794.245117,12.0,2.0
6182.970215,4190.189453,4354.441406,3972.116455,-616.933472,-1424.58313,-1569.175049,-835.020203,-2799.393066,12.0,2.0
6186.419922,4190.160156,4354.661621,3972.755859,-616.075256,-1424.850098,-1569.609741,-833.950378,-2793.274658,12.0,2.0
6189.819824,4189.81543,4354.321777,3973.105713,-616.253479,-1424.849976,-1568.6521,-834.97821,-2790.895752,12.0,2.0
6193.279785,4190.334961,4354.04834,3972.821289,-614.965759,-1424.098145,-1567.621948,-833.843994,-2789.145996,12.0,2.0
6196.669922,4189.654785,4353.422363,3971.827881,-615.675598,-1424.05542,-1567.052734,-833.5849,-2792.556641,12.0,2.0
6200.129883,4189.657715,4353.03125,3972.368408,-613.732483,-1423.069946,-1565.897949,-833.523132,-2792.124512,12.0,2.0
6203.470215,4188.941895,4353.341797,3972.814697,-612.968018,-1422.646362,-1565.696411,-833.653015,-2795.59082,12.0,2.0
6206.919922,4189.5,4352.660156,3971.951172,-614.054321,-1423.261475,-1565.858398,-834.168213,-2789.042725,12.0,2.0
6210.319824,4189.529297,4351.78418,3971.494629,-613.974121,-1423.183716,-1566.125732,-835.227112,-2791.658691,12.0,2.0
6213.779785,4189.57666,4351.90625,3972.502197,-613.527344,-1424.637695,-1566.740723,-835.305908,-2838.805908,12.0,2.0
6217.169922,4189.067871,4351.414062,3973.214355,-615.428101,-1424.66687,-1567.66333,-835.894226,-2846.774902,12.0,2.0
6220.629883,4189.80957,4350.983398,3971.899658,-615.036682,-1425.594482,-1568.730103,-836.050049,-2847.400879,12.0,2.0
6223.970215,4200.743164,4350.732422,3972.044189,-616.275452,-1426.635376,-1570.03479,-837.483337,-2847.915039,12.0,2.0
6227.419922,4189.319336,4350.005371,3972.11792,-618.110046,-1427.866455,-1569.727905,-838.361938,-2849.10498,12.0,2.0
6230.879883,4189.131836,4349.807129,3971.980469,-618.866821,-1429.230957,-1572.616333,-839.967102,-2853.873047,12.0,2.0
6234.279785,4200.32959,4349.130859,3971.92749,-619.387451,-1429.920898,-1573.71106,-839.026001,-2855.199951,12.0,2.0
6237.720215,4200.675293,4348.662109,3972.363281,-620.177002,-1429.838501,-1572.04248,-839.971191,-2853.587646,12.0,2.0
6241.129883,4200.174805,4348.812988,3973.500488,-618.642761,-1430.603027,-1575.183838,-843.287292,-2853.504395,12.0,2.0
6244.569824,4201.757324,4348.593262,3973.486816,-623.351074,-1432.899414,-1576.388794,-842.61731,-2852.686523,12.0,2.0
6247.970215,4199.486816,4347.669434,3972.62915,-624.758911,-1433.140381,-1576.663696,-843.120422,-2851.716309,12.0,2.0
6251.419922,4199.996094,4347.675781,3973.247314,-625.119019,-1432.968262,-1577.984497,-843.521606,-2854.008545,12.0,2.0
6254.819824,4199.210937,4346.749023,3972.317871,-626.714355,-1434.830688,-1578.564819,-846.55011,-2854.786133,12.0,2.0
6258.279785,4187.305664,4346.80127,3972.606201,-626.039001,-1435.043213,-1579.809082,-845.455566,-2803.990967,12.0,2.0
6261.629883,4186.402832,4346.118164,3972.600586,-626.852905,-1435.862915,-1580.333984,-847.225281,-2800.357666,12.0,2.0
6265.069824,4187.726074,4346.053223,3972.492676,-627.278198,-1436.296265,-1580.721924,-847.408386,-2802.626221,12.0,2.0
6268.529785,4186.801758,4345.153809,3972.818359,-627.942627,-1436.726074,-1581.644165,-848.341736,-2802.094482,12.0,2.0
6271.919922,4186.031738,4344.953613,3972.661377,-629.656799,-1437.029785,-1582.038696,-848.836365,-2803.746338,12.0,2.0
6275.379883,4186.619141,4344.007812,3972.436523,-629.001587,-1437.851318,-1582.895142,-848.61676,-2806.389404,12.0,2.0
6278.779785,4185.79541,4344.420898,3972.568848,-629.826172,-1438.001099,-1583.109253,-849.279541,-2806.340576,12.0,2.0
6282.220215,4186.088867,4343.586426,3972.249512,-629.878235,-1438.595215,-1586.098145,-849.264221,-2808.68335,12.0,2.0
6285.629883,4184.766602,4343.086914,3971.977783,-628.572388,-1438.912598,-1585.655762,-848.769653,-2806.549072,12.0,2.0
6289.069824,4186.445312,4344.768555,3973.357666,-630.762756,-1438.729004,-1584.023926,-850.145447,-2809.604736,12.0,2.0
6292.470215,4185.540527,4342.798828,3972.475342,-631.43103,-1440.826294,-1585.147339,-850.283447,-2814.253418,12.0,2.0
6295.919922,4186.312012,4342.463867,3972.136963,-633.08783,-1440.120483,-1585.880249,-851.721069,-2816.736084,12.0,2.0
6299.319824,4185.037109,4341.615234,3972.061279,-633.109375,-1441.207886,-1586.911133,-852.185608,-2812.729736,12.0,2.0
6302.779785,4185.398437,4341.574219,3971.972168,-633.508667,-1441.394775,-1587.469604,-852.557556,-2816.087891,12.0,2.0
6306.129883,4184.727539,4340.793945,3971.083252,-633.215637,-1441.441406,-1587.580322,-852.769348,-2815.579102,12.0,2.0
6309.569824,4184.741211,4340.681641,3972.052002,-634.852478,-1442.174683,-1588.250366,-853.514099,-2815.795166,12.0,2.0
6312.970215,4197.875,4340.588867,3971.26709,-630.428162,-1442.367676,-1588.928223,-853.172363,-2816.867676,12.0,2.0
6316.379883,4181.086914,4339.879395,3970.583984,-636.0625,-1442.981567,-1589.385254,-855.110107,-2873.610107,12.0,2.0
6319.819824,4185.209473,4339.746582,3971.063965,-635.288269,-1443.165894,-1590.112427,-854.823181,-2874.134033,12.0,2.0
6323.220215,4184.404297,4339.07373,3970.699463,-637.772888,-1443.96521,-1591.009155,-855.930298,-2875.242187,12.0,2.0
6326.669922,4197.348145,4338.734863,3969.519043,-637.643982,-1444.775024,-1591.277954,-855.404358,-2875.332764,12.0,2.0
6330.029785,4196.254395,4338.171875,3969.229736,-637.289307,-1445.194946,-1591.855591,-856.774231,-2875.003174,12.0,2.0
6333.470215,4197.516113,4338.269043,3969.763428,-637.691833,-1444.956787,-1592.358154,-856.458252,-2876.883057,12.0,2.0
6336.879883,4183.930176,4337.780273,3968.727295,-638.447937,-1445.852661,-1591.743408,-857.597656,-2878.382812,12.0,2.0
6340.319824,4184.072754,4337.079102,3967.7146,-640.039673,-1447.009277,-1593.909424,-861.148376,-2878.473145,12.0,2.0
6343.720215,4183.648437,4337.056152,3969.873535,-641.475403,-1446.954468,-1593.887207,-857.649963,-2877.800537,12.0,2.0
6347.169922,4184.158203,4336.597656,3968.712158,-640.75415,-1447.274902,-1594.154419,-858.316589,-2879.185547,12.0,2.0
6350.629883,4184.211914,4336.71875,3969.74292,-639.860962,-1447.227905,-1594.973389,-858.676208,-2880.841309,12.0,2.0
6354.029785,4182.693848,4335.897949,3967.861084,-641.486633,-1448.703613,-1595.925293,-860.154785,-2881.422363,12.0,2.0
6357.470215,4183.166504,4335.653809,3968.415771,-643.781067,-1449.265381,-1596.73291,-860.445557,-2883.172852,12.0,2.0
6360.879883,4195.960937,4335.28418,3967.77124,-643.608643,-1449.642334,-1597.965942,-860.758118,-2881.680664,12.0,2.0
6364.319824,4183.000488,4335.066406,3967.515869,-643.799561,-1450.671997,-1598.218262,-862.294495,-2882.490234,12.0,2.0
6367.669922,4181.464355,4334.460937,3968.145996,-645.579956,-1451.089355,-1599.450928,-862.869202,-2883.240234,12.0,2.0
6371.129883,4182.244141,4334.210449,3968.149658,-645.191345,-1452.179565,-1599.820679,-863.020752,-2884.5979,12.0,2.0
6374.529785,4181.102051,4333.476074,3966.480713,-646.170837,-1453.438232,-1600.717407,-864.461487,-2884.426514,12.0,2.0
6377.970215,4181.445312,4333.441895,3968.198242,-646.715149,-1453.049438,-1601.777832,-865.528687,-2883.286865,12.0,2.0
6381.379883,4180.558105,4332.75293,3967.455811,-648.226868,-1454.927856,-1603.261963,-867.190125,-2885.665039,12.0,2.0
6384.819824,4180.862305,4332.214844,3966.966797,-650.232605,-1456.091797,-1603.608887,-867.418579,-2884.450684,12.0,2.0
6388.220215,4179.135742,4332.079102,3967.447021,-651.451721,-1456.69519,-1604.57373,-868.297668,-2828.141357,12.0,2.0
6391.669922,4179.901855,4331.69873,3966.557617,-651.529053,-1457.114502,-1605.526245,-867.931702,-2827.80835,12.0,2.0
6395.129883,4180.080078,4331.415039,3967.207764,-651.094543,-1457.678955,-1606.62146,-869.715576,-2829.195068,12.0,2.0
6398.529785,4179.157715,4330.915527,3967.423584,-651.987915,-1458.750366,-1607.703125,-869.21759,-2831.162109,12.0,2.0
6401.970215,4179.370605,4330.571777,3967.835937,-652.617981,-1459.700195,-1608.385742,-870.521179,-2832.237305,12.0,2.0
6405.379883,4178.577637,4330.037598,3966.79126,-654.68634,-1460.473755,-1608.572388,-871.299622,-2833.316895,12.0,2.0
6408.819824,4191.635742,4329.517578,3966.708496,-655.409363,-1460.536499,-1610.699219,-871.400757,-2833.346191,12.0,2.0
6412.279785,4191.580078,4329.663086,3966.86792,-655.217896,-1462.044922,-1611.328003,-871.854492,-2834.942871,12.0,2.0
6415.720215,4190.696777,4329.106445,3967.029541,-657.478271,-1462.338257,-1611.957397,-873.308655,-2834.51709,12.0,2.0
6419.069824,4190.032227,4328.622559,3967.444336,-656.112061,-1462.647827,-1612.356079,-873.615967,-2837.758789,12.0,2.0
6422.470215,4188.519531,4328.273926,3967.641602,-656.88031,-1463.636353,-1613.338501,-875.024963,-2836.286621,12.0,2.0
6425.879883,4177.089355,4327.687988,3968.679443,-657.571289,-1464.147095,-1613.905884,-875.615173,-2837.898682,12.0,2.0
6429.319824,4177.585937,4327.423828,3967.736816,-659.370056,-1465.122559,-1615.023437,-875.922852,-2838.008789,12.0,2.0
6432.779785,4177.263672,4327.145508,3967.753174,-658.934204,-1465.371216,-1614.877075,-875.815613,-2841.053467,12.0,2.0
6436.169922,4176.953613,4326.97168,3967.564941,-659.693359,-1465.10144,-1615.238525,-876.281677,-2838.759521,12.0,2.0
6439.629883,4177.165527,4325.924316,3967.780518,-660.970337,-1466.109497,-1616.323608,-877.40918,-2842.980957,12.0,2.0
6443.029785,4176.060059,4325.905762,3967.546631,-660.927551,-1466.960327,-1616.932739,-877.967407,-2843.163574,12.0,2.0
6446.470215,4176.776855,4325.719238,3968.098633,-661.016235,-1466.943848,-1617.350586,-878.603821,-2846.912842,12.0,2.0
6449.879883,4175.946289,4325.200195,3968.77124,-662.948914,-1466.648071,-1617.691528,-878.812195,-2842.740723,12.0,2.0
6453.319824,4176.303711,4325.047363,3967.80835,-662.97998,-1468.190674,-1618.368896,-880.147095,-2843.483643,12.0,2.0
6456.720215,4176.013184,4324.666504,3968.277344,-664.443665,-1468.292358,-1618.678955,-880.30658,-2843.468262,12.0,2.0
6460.169922,4176.21875,4324.050293,3967.762207,-664.060608,-1468.439331,-1619.167725,-880.619446,-2843.508057,12.0,2.0
6463.569824,4175.636719,4324.089844,3968.373535,-663.714478,-1468.840576,-1619.41626,-881.232361,-2844.265381,12.0,2.0
6467.029785,4175.622559,4323.384766,3967.927979,-663.985718,-1469.006348,-1619.62854,-881.188538,-2847.287842,12.0,2.0
6470.379883,4174.947266,4322.667969,3968.229248,-664.161804,-1469.338867,-1620.209595,-881.04187,-2848.126953,12.0,2.0
6473.819824,4172.400391,4322.760742,3967.585205,-665.441223,-1469.966797,-1620.912231,-880.951172,-2847.149658,12.0,2.0
6477.279785,4175.850586,4322.588867,3966.984131,-664.6203,-1470.140259,-1620.79187,-881.807007,-2849.151367,12.0,2.0
6480.629883,4174.484375,4321.378418,3967.604248,-665.157776,-1470.429687,-1620.908081,-881.467346,-2849.463867,12.0,2.0
6484.069824,4175.571777,4321.669434,3967.481689,-665.887512,-1471.276611,-1621.399292,-882.596252,-2848.943848,12.0,2.0
6487.470215,4175.073242,4320.920898,3966.983398,-667.316895,-1471.072876,-1622.23938,-882.207703,-2848.80127,12.0,2.0
6490.919922,4175.241699,4320.894531,3967.492432,-667.094482,-1471.720215,-1622.867065,-883.143677,-2852.049316,12.0,2.0
6494.319824,4174.927734,4320.149414,3967.123535,-667.595276,-1472.464233,-1623.333496,-883.992798,-2852.270996,12.0,2.0
6497.779785,4175.166016,4319.734375,3966.164551,-667.454956,-1472.717163,-1624.353149,-884.176636,-2875.041992,12.0,2.0
6501.129883,4174.120605,4319.141113,3965.910889,-667.650269,-1473.123657,-1624.318481,-884.453674,-2911.395752,12.0,2.0
6504.569824,4174.835937,4318.901367,3966.354004,-668.894714,-1473.813843,-1624.946899,-885.446411,-2911.40918,12.0,2.0
6507.970215,4174.400879,4318.385742,3965.478516,-670.066833,-1473.69519,-1624.970093,-885.166382,-2911.369629,12.0,2.0
6511.419922,4175.047363,4318.414062,3965.98291,-669.331909,-1474.056519,-1625.431641,-884.955811,-2911.031982,12.0,2.0
6514.879883,4174.530762,4318.195801,3965.751221,-669.781128,-1473.870117,-1625.960937,-885.54187,-2912.675537,12.0,2.0
6518.279785,4174.455566,4317.554199,3966.270264,-668.941833,-1474.529297,-1626.401123,-885.404175,-2912.089111,12.0,2.0
6521.720215,4174.70166,4317.402832,3964.80542,-671.292297,-1475.159912,-1626.918823,-886.21936,-2911.765137,12.0,2.0
6525.129883,4174.137695,4316.963379,3965.236328,-671.152771,-1475.308228,-1627.550415,-886.057678,-2912.493896,12.0,2.0
6528.569824,4174.119629,4316.285645,3964.603027,-671.840942,-1476.450317,-1628.036011,-887.416504,-2913.318604,12.0,2.0
6531.970215,4173.455566,4316.10791,3964.595215,-673.241943,-1476.508911,-1628.645386,-888.101807,-2860.83252,12.0,2.0
6535.419922,4173.92041,4315.625488,3963.866699,-672.659302,-1477.146484,-1629.527588,-888.353821,-2857.440186,12.0,2.0
6538.779785,4173.033203,4315.368164,3963.033691,-672.913147,-1478.567505,-1630.790649,-890.42572,-2858.342529,12.0,2.0
6542.220215,4172.983398,4314.959473,3962.353271,-673.257996,-1478.400024,-1630.903564,-890.019043,-2860.299561,12.0,2.0
6545.629883,4173.138184,4314.980469,3962.553223,-674.652893,-1478.765137,-1631.142944,-890.280579,-2860.968994,12.0,2.0
6549.069824,4187.925293,4315.029785,3962.111816,-674.150574,-1479.55957,-1632.087646,-891.522949,-2862.524658,12.0,2.0
6552.470215,4171.796875,4313.977051,3961.722412,-677.334839,-1480.785767,-1633.237427,-892.158081,-2861.808594,12.0,2.0
6555.919922,4172.692871,4313.649414,3961.678467,-677.452942,-1481.404053,-1634.23291,-892.949768,-2861.668945,12.0,2.0
6559.379883,4171.91748,4313.42627,3961.538574,-677.874268,-1482.299194,-1634.978394,-893.711548,-2865.297363,12.0,2.0
6562.779785,4171.708984,4313.047363,3961.237305,-677.820068,-1482.986328,-1635.962036,-894.608093,-2865.513916,12.0,2.0
6566.220215,4185.946777,4312.440918,3960.599365,-678.839233,-1484.052124,-1636.633667,-895.764465,-2869.570068,12.0,2.0
6569.629883,4184.659668,4312.14209,3960.826416,-679.863037,-1484.963867,-1637.863525,-897.17749,-2869.813721,12.0,2.0
6573.069824,4185.317871,4311.525879,3960.440918,-681.326477,-1485.760986,-1638.470215,-896.975464,-2867.72168,12.0,2.0
6576.470215,4184.891113,4311.614258,3960.900635,-682.565613,-1485.771118,-1638.665039,-897.782654,-2873.211914,12.0,2.0
6579.919922,4185.195312,4310.966309,3960.526123,-682.635925,-1486.260132,-1639.431885,-898.332642,-2867.296631,12.0,2.0
6583.279785,4183.794922,4310.809082,3960.910156,-681.857971,-1487.08606,-1640.160034,-899.671692,-2903.264648,12.0,2.0
6586.720215,4184.49707,4310.754883,3960.91748,-682.81781,-1487.41272,-1640.840454,-900.217102,-2923.065674,12.0,2.0
6590.069824,4169.512207,4310.335937,3960.887207,-683.335144,-1488.187256,-1641.470215,-901.076538,-2922.983887,12.0,2.0
6593.470215,4169.290039,4309.545898,3960.111572,-684.585205,-1489.214722,-1642.633789,-901.914246,-2920.721436,12.0,2.0
6596.919922,4169.420898,4309.515625,3960.456543,-685.535645,-1489.254272,-1642.542114,-901.481812,-2922.38208,12.0,2.0
6600.319824,4168.935059,4309.095215,3960.901855,-686.532349,-1490.647461,-1643.919434,-902.291016,-2874.853271,12.0,2.0
6603.720215,4169.188965,4308.939941,3960.501709,-686.04187,-1490.264648,-1644.138428,-902.708252,-2868.321533,12.0,2.0
6607.129883,4168.879883,4308.507812,3960.685791,-687.563293,-1491.047607,-1644.737427,-904.902405,-2872.280273,12.0,2.0
6610.569824,4168.915039,4308.119141,3960.359863,-687.601746,-1491.886597,-1645.708862,-906.944824,-2873.124268,12.0,2.0
6613.970215,4170.61084,4307.473633,3960.225098,-690.208374,-1492.616577,-1645.991943,-903.497253,-2875.225342,12.0,2.0
6617.379883,4168.576172,4305.608398,3960.192383,-688.210144,-1492.115723,-1646.551514,-903.954041,-2873.141113,12.0,2.0
6620.720215,4167.864258,4306.985352,3960.744385,-688.780945,-1493.281494,-1647.652832,-905.274536,-2874.343506,12.0,2.0
6624.169922,4168.049316,4306.645508,3960.480469,-690.74176,-1493.703125,-1647.989502,-906.077209,-2875.898926,12.0,2.0
6627.569824,4167.203613,4306.253906,3961.290771,-691.263123,-1494.717407,-1648.708496,-906.741089,-2877.70874,12.0,2.0
6631.029785,4168.224121,4305.616211,3959.633057,-690.720093,-1498.227295,-1649.745239,-905.647461,-2878.792725,12.0,2.0
6634.419922,4167.229492,4305.52832,3960.727051,-692.729736,-1494.808838,-1649.811768,-906.802368,-2888.914551,12.0,2.0
6637.879883,4167.80957,4304.835937,3960.19043,-692.619385,-1495.247681,-1649.457397,-907.115417,-2932.052002,12.0,2.0
6641.319824,4167.566406,4304.797852,3960.355713,-692.061096,-1495.690796,-1650.704468,-908.000122,-2931.202148,12.0,2.0
6644.720215,4181.032227,4304.772949,3960.26001,-694.547729,-1496.284546,-1651.131104,-908.442688,-2919.171143,12.0,2.0
6648.169922,4181.402344,4304.172852,3960.391113,-694.435974,-1497.653076,-1651.840454,-908.993713,-2929.168213,12.0,2.0
6651.529785,4165.365723,4303.43457,3960.31543,-693.886169,-1498.034546,-1652.017212,-908.756531,-2932.906982,12.0,2.0
6654.970215,4166.453125,4303.394043,3960.384277,-694.343811,-1498.480347,-1652.497559,-908.857788,-2881.694824,12.0,2.0
6658.379883,4165.48291,4302.836426,3959.857666,-695.849548,-1497.809937,-1652.677979,-908.161804,-2882.24585,12.0,2.0
6661.819824,4180.883301,4302.393555,3959.606201,-695.453613,-1498.781372,-1652.595825,-910.311462,-2879.876709,12.0,2.0
6665.220215,4179.89209,4302.658691,3960.311035,-697.076843,-1499.070923,-1654.03772,-910.243042,-2889.523682,12.0,2.0
6668.669922,4166.100586,4302.035645,3959.916748,-696.802063,-1499.784912,-1654.546631,-911.942993,-2884.451904,12.0,2.0
6672.069824,4165.029785,4301.228516,3959.800293,-697.26886,-1500.543335,-1655.377808,-912.991272,-2885.687988,12.0,2.0
6675.529785,4165.697266,4301.135254,3959.348145,-697.134827,-1500.930054,-1655.500366,-912.329712,-2884.138672,12.0,2.0
6678.970215,4165.474121,4300.793457,3959.659668,-698.879395,-1500.930786,-1655.929687,-912.980042,-2887.609375,12.0,2.0
6682.379883,4164.852051,4300.436523,3958.79248,-697.806152,-1501.101929,-1658.115601,-912.652832,-2888.292725,12.0,2.0
6685.819824,4165.506836,4300.289062,3960.350586,-698.290955,-1501.283325,-1656.587769,-913.50769,-2909.241943,12.0,2.0
6689.220215,4165.344727,4299.946289,3960.428223,-699.502747,-1501.347534,-1656.213257,-912.969727,-2940.4646,12.0,2.0
6692.669922,4165.888184,4299.989258,3959.717773,-699.175232,-1501.257568,-1656.85022,-914.564636,-2939.330322,12.0,2.0
6696.029785,4164.776855,4298.835449,3958.837646,-698.471069,-1501.949219,-1657.423218,-914.784851,-2895.801514,12.0,2.0
6699.470215,4165.672363,4299.020996,3959.754639,-698.905884,-1502.233398,-1657.837646,-914.687988,-2887.947998,12.0,2.0
6702.879883,4165.887695,4298.654785,3958.403076,-699.024292,-1502.494141,-1658.144897,-914.686462,-2888.563721,12.0,2.0
6706.319824,4165.599121,4298.398437,3958.690674,-700.618164,-1503.407471,-1658.845459,-915.789795,-2927.54541,12.0,2.0
6709.720215,4165.225586,4298.012207,3958.263428,-701.910706,-1503.901855,-1659.538208,-916.506287,-2894.390381,12.0,2.0
6713.169922,4180.109863,4297.770996,3959.536377,-701.540039,-1502.913574,-1660.032715,-917.706543,-2894.350342,12.0,2.0
6716.529785,4179.052246,4296.877441,3958.131104,-700.805725,-1504.838989,-1660.598022,-916.625916,-2894.608887,12.0,2.0
6719.970215,4179.469238,4296.361816,3957.904297,-701.613403,-1504.607544,-1661.231079,-917.677979,-2898.855713,12.0,2.0
6723.419922,4179.842773,4296.187988,3956.51001,-702.750488,-1506.049316,-1661.323242,-919.086243,-2910.291016,12.0,2.0
6726.819824,4164.117676,4295.221191,3955.471191,-703.505432,-1506.64563,-1660.831421,-919.488098,-2936.532471,12.0,2.0
6730.279785,4164.687012,4294.426758,3956.417969,-702.46521,-1507.51355,-1663.327637,-917.705811,-2942.03125,12.0,2.0
6733.669922,4164.077637,4294.181641,3956.619873,-704.625122,-1507.478638,-1664.088257,-920.668091,-2893.535889,12.0,2.0
6737.129883,4164.392578,4293.885254,3955.773682,-704.151917,-1507.76416,-1665.380615,-921.461731,-2896.827637,12.0,2.0
6740.470215,4178.386719,4293.408691,3954.407227,-705.103943,-1509.041138,-1666.209351,-922.032654,-2909.199951,12.0,2.0
6743.919922,4178.753906,4292.464355,3954.783691,-707.044922,-1510.414551,-1667.376953,-923.078857,-2948.582764,12.0,2.0
6747.279785,4177.65332,4291.981934,3954.764648,-706.50885,-1510.725342,-1668.020264,-924.154175,-2899.743164,12.0,2.0
6750.720215,4178.5,4292.132812,3953.960937,-706.847473,-1510.410767,-1668.084717,-923.477112,-2903.677734,12.0,2.0
6754.220215,4177.197754,4291.431152,3953.486084,-712.460754,-1514.703857,-1671.356323,-928.418213,-2904.760742,13.0,3.0
6757.669922,4177.308594,4290.475586,3953.718262,-712.097412,-1515.017456,-1671.872559,-928.601318,-2925.391357,13.0,3.0
6761.129883,4176.244629,4289.901367,3953.371826,-713.573242,-1516.229492,-1672.013428,-930.443359,-2955.013428,13.0,3.0
6764.529785,4176.16748,4289.384766,3952.863281,-712.192688,-1516.998779,-1672.974243,-930.056396,-2900.436035,13.0,3.0
6767.970215,4175.391602,4288.897461,3952.049316,-715.710327,-1517.93396,-1673.848999,-931.775452,-2900.271484,13.0,3.0
6771.379883,4175.176758,4288.877441,3953.737793,-715.310486,-1517.835815,-1673.861206,-931.815735,-2902.670654,13.0,3.0
6774.819824,4175.56543,4288.168457,3952.314697,-716.098694,-1519.306152,-1675.103271,-932.495605,-2932.158447,13.0,3.0
6778.220215,4174.343262,4287.394043,3952.014648,-717.888916,-1521.128296,-1676.050049,-933.465454,-2956.492432,13.0,3.0
6781.669922,4160.462402,4286.877441,3952.023193,-717.700012,-1521.635376,-1676.045654,-929.974976,-2949.58374,13.0,3.0
6785.029785,4173.942871,4286.464844,3953.053955,-711.66748,-1506.478882,-1647.498779,-894.562012,-2855.456299,13.0,3.0
6788.470215,4176.778809,4300.446289,3967.722656,-596.900391,-1353.893799,-1485.197021,-718.625244,-2729.148437,13.0,3.0
6791.879883,4244.84375,4427.557617,3977.60498,-459.74585,-1335.234497,-1556.630005,-811.314514,-2769.142578,13.0,3.0
6795.319824,4106.649902,4230.538086,3927.287354,-756.74353,-1538.00061,-1665.892822,-888.789856,-2861.548828,13.0,3.0
6798.720215,4156.583008,4217.193848,3917.0625,-846.435364,-1615.655396,-1737.362061,-969.03418,-2982.252686,13.0,3.0
6802.169922,4001.626465,3922.584229,3857.699707,-1318.522583,-2028.807007,-2100.52417,-1256.821167,-3155.197266,13.0,3.0
6805.629883,4335.927246,4294.39209,3877.254639,-839.405579,-3584.061035,-3491.001709,-1718.096436,-4014.03833,13.0,3.0
6808.970215,3608.427979,4499.726074,2369.919678,-1632.990356,-1449.473633,-1467.942017,-484.059082,-2541.236084,13.0,3.0
6812.419922,4269.889648,4712.096191,2563.131592,-880.697266,-897.215332,-1387.842529,-445.357178,-4949.575684,13.0,3.0
6815.779785,3971.1604,2165.617432,3754.28125,-241.262085,-950.766907,-1661.515503,-379.647308,-5485.118652,13.0,3.0
6819.220215,3376.394531,3326.99292,3820.516357,-214.725723,-913.175781,-1189.373047,-2737.577393,-6256.692871,13.0,3.0
6822.569824,3460.922119,3535.516602,3660.560303,1.23266,-858.841309,-1408.103394,-3030.726807,-5934.166016,13.0,3.0
6826.029785,3686.171875,3294.673584,3767.295654,-653.453308,-1315.379517,-1581.391113,-6277.242187,-6241.711426,13.0,3.0
6829.419922,3615.694824,3312.055664,3608.217041,-916.9104,-1857.941406,-2667.256104,-5930.208008,-6431.998047,13.0,3.0
6832.879883,3893.68042,3836.096191,3722.096436,-851.991699,-1946.977295,-1896.655884,-5366.905273,-5872.291016,13.0,3.0
6836.279785,3681.624268,4052.661377,3726.02124,-608.475281,-1846.048828,-2272.610107,-4632.617187,-5907.653809,13.0,3.0
6839.720215,3679.927002,4203.580078,3707.866455,-696.426086,-1636.848145,-1790.476807,-5403.101562,-6077.097168,13.0,3.0
6843.169922,3711.087402,4175.841309,3713.477295,-539.015137,-1690.736694,-1380.417358,-5898.450684,-5830.126953,13.0,3.0
6846.529785,3991.853027,4083.049072,3790.046875,-248.371841,-1495.921387,-1308.00061,-5729.138672,-5488.009277,13.0,3.0
6849.970215,3879.009766,3782.545166,3571.880615,-149.065369,-1303.622803,-1531.052612,-1479.976318,-5927.250977,13.0,3.0
6853.379883,3765.696533,3976.651855,3733.389404,-343.098389,-1067.182251,-1590.437134,-1855.608521,-6112.718262,13.0,3.0
6856.819824,3840.83252,4005.225342,3729.029785,-355.02002,-1624.663574,-2235.56543,-2048.314941,-7098.304199,13.0,3.0
6860.220215,3570.207764,4098.530762,3535.82251,-502.670013,-1271.536011,-1662.664673,-2899.529053,-6677.428223,13.0,3.0
6863.669922,3713.994873,4077.104248,3781.121338,-533.319153,-1285.391113,-1628.378052,-1304.047241,-6803.74707,13.0,3.0
6867.069824,3720.8479,4232.785156,3811.289551,-643.43158,-1552.467529,-1846.386353,-1254.884888,-6690.816895,13.0,3.0
6870.529785,3900.937744,3956.110352,3763.159424,-902.914734,-1765.500244,-2019.591431,-1343.471802,-6565.212891,13.0,3.0
6873.919922,3839.344482,3882.888428,3861.582275,-1001.031372,-1824.909424,-2080.682861,-1392.571655,-6351.65332,13.0,3.0
6877.379883,4053.981934,4029.625977,3947.289062,-1214.811279,-1981.274414,-2245.604492,-1492.113159,-5659.08252,13.0,3.0
6880.779785,3929.306885,3951.559814,3880.75,-1405.324585,-2142.847168,-2353.324463,-1570.460449,-5174.813477,13.0,3.0
6884.220215,3650.873047,3800.537598,3816.81958,-1427.363647,-2160.227539,-2381.963867,-1565.49585,-5231.901367,13.0,3.0
6887.669922,3592.034424,3758.173828,3777.921631,-1464.298828,-2205.390137,-2417.312012,-1579.696899,-5106.439941,13.0,3.0
6891.069824,3611.37793,3771.217041,3759.32373,-1432.093018,-2203.418701,-2438.294678,-1610.655884,-5068.814453,13.0,3.0
6894.529785,3612.677002,3796.638916,3748.918701,-1362.902344,-2189.805176,-2457.842041,-1636.254517,-4912.607422,13.0,3.0
6897.879883,3637.979492,3833.163818,3765.027832,-1359.796875,-2223.07959,-2496.409668,-1671.560425,-4874.445801,13.0,3.0
6901.319824,3625.069824,3882.340332,3774.536377,-1323.803589,-2219.018311,-2515.549316,-1702.378418,-4750.289551,13.0,3.0
6904.720215,3728.20459,3925.387695,3777.362305,-1331.717407,-2250.02417,-2542.884277,-1690.856567,-5793.978516,13.0,3.0
6908.169922,3747.262939,3950.744141,3792.121826,-1258.322632,-2201.952148,-2512.447021,-1662.078979,-5893.363281,13.0,3.0
6911.529785,3717.539062,3949.340576,3760.103516,-1199.374756,-2074.05835,-2362.274414,-1613.016968,-6048.346191,13.0,3.0
6914.970215,3679.784668,4009.172119,3797.721924,-1245.29541,-2129.204346,-2379.859863,-1614.688843,-5760.80127,13.0,3.0
6918.379883,3726.065674,3997.950439,3777.330811,-1109.570801,-1843.459961,-2334.275146,-3726.46167,-5651.813965,13.0,3.0
6921.819824,3391.784668,3790.130859,3646.803711,-1071.311157,-1945.854858,-2442.392578,-4374.112793,-5356.415527,13.0,3.0
6925.279785,3517.046387,3562.499268,3506.449219,-1316.916504,-2273.69043,-3055.904785,-4670.068848,-5259.266602,13.0,3.0
6928.629883,3618.304443,3623.728271,3614.584229,-1437.598145,-2141.07373,-2888.853271,-5007.606445,-4958.624512,13.0,3.0
6932.069824,3582.599365,3626.71167,3586.373535,-1505.542603,-2289.37793,-3036.520264,-5036.539062,-4981.851562,13.0,3.0
6935.470215,3589.427246,3551.101562,3558.164062,-1585.49353,-2324.370361,-3083.093994,-5074.295898,-4909.019043,13.0,3.0
6938.919922,3613.356934,3540.262939,3542.150635,-1682.419922,-2500.787109,-3427.296631,-5211.081055,-4823.431641,13.0,3.0
6942.279785,3637.760742,3505.79126,3547.380615,-1819.823975,-2680.376221,-3649.5979,-5251.006348,-4783.25293,13.0,3.0
6945.720215,3642.608887,3488.345459,3548.315918,-1932.455566,-2820.942627,-3871.877686,-5266.584961,-4740.331543,13.0,3.0
6949.129883,3684.629639,3476.739258,3558.183594,-1940.914307,-2761.306152,-3747.036377,-5236.958496,-4719.972656,13.0,3.0
6952.569824,3659.956299,3480.173828,3557.368896,-1964.46936,-2848.003174,-3930.436523,-5207.181641,-4660.409668,13.0,3.0
6955.970215,3669.022461,3468.226562,3566.763672,-2035.571533,-2955.187988,-4052.867676,-5197.48584,-4626.038574,13.0,3.0
6959.419922,3715.388916,3441.385742,3580.229492,-2040.677246,-2910.029541,-3948.809082,-5174.532227,-4620.920898,13.0,3.0
6962.779785,3683.839844,3471.993408,3536.718262,-2063.464111,-2999.606201,-4088.848389,-5129.288086,-4569.050781,13.0,3.0
6966.220215,3705.681152,3456.27124,3570.723389,-2138.834961,-3091.47168,-4233.362305,-5088.095703,-4530.959473,13.0,3.0
6969.669922,3720.786133,3420.5271,3594.003662,-2104.382324,-2917.963623,-3971.57666,-5099.210937,-4536.242676,13.0,3.0
6973.069824,3722.002686,3459.832764,3574.885742,-2094.930908,-2924.863525,-3961.086426,-5073.651367,-4504.34375,13.0,3.0
6976.529785,3721.88501,3455.54248,3575.164551,-2049.394043,-2927.878906,-4011.482666,-5034.331055,-4485.594727,13.0,3.0
6979.919922,3676.346191,3439.249268,3578.201172,-2045.92688,-2846.65918,-3808.77417,-5011.120605,-4490.549316,13.0,3.0
6983.379883,3726.771729,3435.547607,3573.260986,-1970.115967,-2769.844482,-3756.726074,-5008.804199,-4462.700195,13.0,3.0
6986.720215,3707.035156,3463.342529,3558.917236,-1987.310791,-2814.913574,-3834.72998,-4951.995605,-4433.422852,13.0,3.0
6990.169922,3736.9375,3451.656006,3573.263428,-1974.620361,-2712.232178,-3592.679687,-4935.836914,-4443.57373,13.0,3.0
6993.529785,3727.214844,3462.647461,3566.091797,-1911.769043,-2672.258057,-3573.513184,-4867.432617,-4440.037109,13.0,3.0
6996.970215,3726.404541,3489.769531,3590.322021,-1930.36499,-2737.880127,-3704.047119,-4851.352051,-4380.446777,13.0,3.0
7000.319824,3748.391602,3467.983643,3563.765381,-2037.602661,-2696.42334,-3557.767334,-4827.759766,-4402.995117,13.0,3.0
7003.779785,3759.350098,3439.141846,3588.233887,-1875.211304,-2510.581055,-3217.828369,-4784.851562,-4419.62793,13.0,3.0
7007.169922,3722.032471,3471.479736,3573.998535,-1774.325195,-2444.18042,-3166.657715,-4729.695312,-4411.730469,13.0,3.0
7010.629883,3733.428223,3485.447754,3593.210693,-1755.732788,-2398.695557,-3054.171387,-4693.67334,-4388.693848,13.0,3.0
7014.069824,3735.147217,3488.338379,3581.115479,-1732.780273,-2354.680908,-2925.102295,-4624.678711,-4412.240723,13.0,3.0
7017.470215,3724.306641,3504.12793,3566.359619,-1731.312988,-2337.773926,-2929.229492,-4590.759766,-4362.208984,13.0,3.0
7020.879883,3744.328125,3510.718018,3606.30249,-1714.967041,-2330.228271,-2874.349121,-4538.834473,-4383.186523,13.0,3.0
7024.220215,3749.049072,3497.897705,3574.820801,-1701.689819,-2308.789795,-2775.5979,-4468.638184,-4369.973633,13.0,3.0
7027.669922,3740.374756,3435.239502,3600.51709,-1691.126343,-2290.673584,-2773.618408,-4443.572754,-4373.533691,13.0,3.0
7031.069824,3711.531982,3510.301758,3599.858887,-1675.003174,-2268.164062,-2725.485107,-4383.775879,-4358.053223,13.0,3.0
7034.470215,3757.617187,3501.57959,3608.077393,-1656.240601,-2260.017822,-2657.093018,-4290.217773,-4353.066406,13.0,3.0
7037.879883,3743.957275,3496.182617,3640.562256,-1652.765015,-2236.86084,-2610.737549,-4208.563477,-4339.46875,13.0,3.0
7041.319824,3747.637695,3504.136963,3625.640869,-1641.482422,-2227.982666,-2526.663574,-4134.822266,-4337.766113,13.0,3.0
7044.720215,3764.169189,3545.271484,3595.366211,-1642.671021,-2239.330566,-2582.513672,-4104.106934,-4326.40625,13.0,3.0
7048.169922,3757.276855,3519.271729,3622.020264,-1631.510986,-2248.902588,-2547.418213,-4026.993652,-4324.233398,13.0,3.0
7051.629883,3762.366455,3517.203857,3630.326416,-1643.526123,-2252.504883,-2550.962891,-4023.942627,-4303.466797,13.0,3.0
7055.029785,3762.12793,3518.14502,3625.595703,-1627.040283,-2256.685303,-2546.274902,-3949.343506,-4302.260254,13.0,3.0
7058.470215,3768.193359,3531.199707,3633.683838,-1642.665405,-2233.610107,-2550.644043,-3880.499756,-4302.824219,13.0,3.0
7061.879883,3764.69043,3530.674316,3623.265381,-1640.847412,-2267.23584,-2566.076172,-3874.303711,-4304.986328,13.0,3.0
7065.319824,3767.040527,3538.533447,3636.973145,-1650.683838,-2270.290283,-2570.444824,-3841.834961,-4287.308105,13.0,3.0
7068.720215,3763.980957,3531.853516,3641.505127,-1650.501343,-2252.357666,-2575.303955,-3770.783691,-4204.058594,13.0,3.0
7072.169922,3774.737549,3556.709473,3650.958008,-1661.240234,-2285.247803,-2581.986572,-3765.428223,-4291.30957,13.0,3.0
7075.529785,3771.375,3575.955566,3629.557129,-1676.265869,-2304.840576,-2627.616699,-3762.974854,-4248.840332,13.0,3.0
7078.970215,3778.435791,3559.990723,3635.997803,-1670.076904,-2286.553467,-2596.303955,-3670.522461,-4256.617676,13.0,3.0
7082.379883,3785.92627,3570.084717,3642.90625,-1666.825317,-2315.80835,-2582.864502,-3646.049805,-4239.108398,13.0,3.0
7085.819824,3788.592529,3568.14624,3653.88208,-1684.292114,-2311.828369,-2620.278076,-3643.989014,-4221.349121,13.0,3.0
7089.220215,3776.237061,3574.148193,3616.117676,-1678.480957,-2300.891846,-2605.375,-3624.363037,-4218.214355,13.0,3.0
7092.669922,3788.084229,3552.405273,3637.013428,-1697.641113,-2320.63916,-2608.894043,-3547.171875,-4243.767578,13.0,3.0
7096.129883,3796.230957,3576.133789,3662.060791,-1689.860718,-2327.087402,-2604.932617,-3603.783203,-4160.476074,13.0,3.0
7099.529785,3783.84668,3559.580078,3641.269043,-1682.113281,-2325.403076,-2660.221924,-3536.771973,-4158.883301,13.0,3.0
7103.029785,3808.539062,3546.353027,3636.508301,-1665.557007,-2319.996582,-2624.952393,-3485.32373,-4170.613281,13.0,3.0
7106.419922,3806.134277,3562.739502,3624.090332,-1675.611084,-2340.345215,-2631.493652,-3459.570068,-4126.881836,13.0,3.0
7109.879883,3800.172119,3541.945068,3621.840332,-1672.81543,-2325.990723,-2692.808105,-3449.802734,-4100.668457,13.0,3.0
7113.279785,3812.674316,3528.90918,3611.672119,-1673.017822,-2326.665527,-2681.233887,-3413.587891,-4093.378662,13.0,3.0
7116.720215,3821.092041,3531.960693,3616.808838,-1687.480103,-2333.895508,-2688.14624,-3381.394287,-4088.486816,13.0,3.0
7120.129883,3821.419678,3526.223877,3613.915283,-1679.393555,-2334.668701,-2719.014648,-3325.572754,-4073.937744,13.0,3.0
7123.569824,3822.280518,3533.307129,3605.552002,-1697.949951,-2337.474609,-2750.786133,-3282.934326,-4058.849854,13.0,3.0
7126.970215,3834.287598,3524.70166,3601.114502,-1720.940796,-2354.621826,-2768.038086,-3251.061035,-4071.255371,13.0,3.0
7130.419922,3829.546875,3546.903076,3617.286133,-1720.068848,-2329.297119,-2702.10791,-3232.190674,-4071.068115,13.0,3.0
7133.879883,3818.244385,3532.412842,3628.448975,-1709.065186,-2345.879639,-2735.496826,-3197.343018,-4065.73584,13.0,3.0
7137.220215,3836.134521,3550.818848,3586.295166,-1724.904785,-2358.912598,-2731.724121,-3200.769775,-4065.06958,13.0,3.0
7140.669922,3833.331543,3561.58252,3603.133545,-1728.724731,-2375.144043,-2701.622314,-3186.50415,-4075.150879,13.0,3.0
7144.069824,3833.954102,3558.11377,3613.647461,-1728.228149,-2344.356934,-2714.920898,-3178.027344,-4055.477051,13.0,3.0
7147.470215,3826.982178,3558.957275,3608.25,-1717.391113,-2363.47998,-2764.639404,-3141.303467,-4036.489746,13.0,3.0
7150.879883,3840.411621,3578.662598,3602.075439,-1744.900269,-2390.303223,-2771.611572,-3134.614014,-4038.1875,13.0,3.0
7154.319824,3851.580811,3574.32959,3613.959473,-1763.494629,-2377.833984,-2828.206055,-3047.746094,-3987.894043,13.0,3.0
7157.720215,3836.962158,3570.180176,3616.612061,-1767.675659,-2416.035645,-2928.636963,-2939.256104,-3984.782959,13.0,3.0
7161.169922,3844.241699,3560.94165,3606.191895,-1812.858276,-2426.314209,-3045.579102,-2888.953369,-3972.228516,13.0,3.0
7164.569824,3849.26001,3566.718994,3602.482422,-1844.324951,-2459.031738,-3098.879395,-2880.270996,-3970.795654,13.0,3.0
7168.029785,3860.59668,3557.143066,3589.391602,-1866.566895,-2437.281006,-2988.896973,-2870.509277,-3959.805908,13.0,3.0
7171.419922,3869.302002,3576.366211,3594.457764,-1845.325195,-2438.506592,-3061.317627,-2869.750244,-3982.129395,13.0,3.0
7174.879883,3868.435303,3596.961182,3593.280273,-1847.715576,-2413.843506,-2958.633789,-2880.517578,-3941.966064,13.0,3.0
7178.319824,3871.023926,3601.213623,3566.827637,-1854.703003,-2428.999756,-3039.634766,-2820.515381,-3943.117187,13.0,3.0
7181.720215,3848.457764,3593.366455,3598.468018,-1832.368042,-2451.323975,-3199.576416,-2746.205322,-3955.436768,13.0,3.0
7185.169922,3864.845947,3601.897705,3608.203369,-1895.171631,-2508.74707,-3132.541748,-2760.01123,-3930.557373,13.0,3.0
7188.569824,3862.643066,3593.788818,3591.568115,-1899.366699,-2499.905762,-3197.135254,-2683.431641,-3906.491455,13.0,3.0
7192.029785,3873.110107,3580.58374,3589.832764,-1907.193237,-2557.628906,-3264.38208,-2681.297607,-3917.615479,13.0,3.0
7195.419922,3868.992432,3614.145752,3584.22583,-1931.757935,-2548.506836,-3203.359619,-2710.76709,-3915.312012,13.0,3.0
7198.879883,3876.049561,3620.249023,3572.991455,-1919.434204,-2527.531982,-3189.353027,-2677.691895,-3912.047363,13.0,3.0
7202.279785,3869.066406,3624.911865,3598.771973,-1920.909424,-2547.688721,-3294.010986,-2586.766357,-3896.351074,13.0,3.0
7205.720215,3868.088379,3609.552002,3587.592529,-1935.020508,-2646.000244,-3386.429199,-2525.512451,-3880.046143,13.0,3.0
7209.129883,3881.680908,3611.996338,3596.467285,-2001.430908,-2734.162354,-3419.222412,-2463.355713,-3864.211426,13.0,3.0
7212.569824,3877.964355,3613.359131,3569.536621,-2072.653809,-2838.922852,-3468.060547,-2378.529541,-3852.452393,13.0,3.0
7216.029785,3886.382568,3615.604492,3564.658691,-2136.544922,-3028.331055,-3463.572021,-2325.336426,-3835.534668,13.0,3.0
7219.379883,3889.905029,3622.806641,3565.876465,-2226.686523,-3112.345459,-3432.892578,-2238.58667,-3838.587891,13.0,3.0
7222.819824,3888.105957,3607.833496,3566.662842,-2324.393799,-3171.750244,-3382.658691,-2204.940918,-3816.632812,13.0,3.0
7226.220215,3899.906006,3625.417969,3573.983887,-2356.98584,-3172.756104,-3338.620361,-2169.281006,-3805.201904,13.0,3.0
7229.669922,3906.135742,3622.526367,3570.380127,-2344.799072,-3177.907227,-3324.995605,-2170.499512,-3803.614258,13.0,3.0
7233.069824,3902.092285,3664.143555,3579.720947,-2333.067627,-3155.003174,-3290.280762,-2120.03833,-3802.065918,13.0,3.0
7236.629883,3906.58252,3675.349609,3595.804687,-2329.236328,-3298.590088,-3001.138916,-2044.258179,-3935.081055,14.0,1.0
7240.029785,3915.766846,3663.313477,3561.192627,-2418.084473,-2664.2771,-3411.383789,-2178.384277,-3811.642578,14.0,1.0
7243.470215,3876.210449,3625.578613,3581.782227,-2270.498535,-3093.141846,-3262.801025,-2133.749023,-3786.648926,14.0,1.0
7246.879883,3899.959961,3675.283936,3596.381104,-2310.073975,-3083.082275,-3203.296875,-2103.088623,-3790.408447,14.0,1.0
7250.319824,3904.191895,3698.004395,3596.625732,-2294.873047,-3111.705811,-3207.005615,-2105.936768,-3788.276123,14.0,1.0
7253.720215,3908.148926,3705.72168,3609.588867,-2288.959717,-3107.274658,-3233.234131,-2127.416504,-3800.08252,14.0,1.0
7257.169922,3976.187744,3709.709961,3609.296387,-2264.782715,-3074.421387,-3230.145996,-2115.831787,-3772.213379,14.0,1.0
7260.629883,3911.657715,3688.234131,3611.566895,-2271.268555,-3044.046875,-3112.133057,-2050.29248,-3757.954102,14.0,1.0
7264.029785,3920.253662,3716.480713,3620.227295,-2246.270508,-3039.814941,-3109.151855,-2041.417114,-3764.378662,14.0,1.0
7267.470215,3913.093994,3730.692383,3591.326904,-2240.398437,-3010.831299,-2993.42334,-1959.251831,-3737.16626,14.0,1.0
7270.879883,3898.061523,3739.665771,3653.312988,-2075.453369,-2788.417969,-2807.015137,-1895.733032,-3764.076172,14.0,1.0
7274.319824,3919.07373,3792.55835,3680.167236,-1908.468262,-2622.301514,-2748.079102,-1920.944214,-3845.654785,14.0,1.0
7277.720215,3906.913818,3874.692383,3740.457275,-1711.296753,-2412.737549,-2520.009033,-1633.093506,-3395.002686,14.0,1.0
7281.169922,3911.116943,3920.782715,3750.480469,-1648.884644,-2270.239502,-2455.928223,-1596.578979,-3320.450684,14.0,1.0
7284.529785,3917.806152,3948.622559,3791.734863,-1597.254517,-2308.835205,-2321.731201,-1226.750732,-3105.138672,14.0,1.0
7287.970215,3925.415039,3954.268799,3692.908447,-1495.379272,-2097.479736,-2055.458008,-1049.054321,-3040.750977,14.0,1.0
7291.379883,3933.015381,3989.674072,3668.157227,-1226.71167,-1805.691895,-1791.421265,-865.149231,-2852.75708,14.0,1.0
7294.819824,3988.512695,4073.046387,3661.735107,-941.890991,-1540.725586,-1611.709839,-772.496521,-2602.276611,14.0,1.0
7298.279785,4050.656494,4195.20459,3680.666748,-729.434326,-1400.645874,-1493.754272,-695.546387,-2450.292969,14.0,1.0
7301.669922,3997.919922,4257.938477,3720.262939,-630.975281,-1316.814209,-1442.674438,-683.462708,-2506.818604,14.0,1.0
7305.129883,4139.487793,4280.186035,3797.642334,-576.930786,-1285.459229,-1426.980713,-676.901672,-2583.052002,14.0,1.0
7308.529785,4163.888672,4316.868652,3885.706787,-533.791016,-1257.874512,-1424.108643,-657.411316,-2542.096924,14.0,1.0
7311.970215,4162.39209,4352.529297,3947.676514,-490.643982,-1264.62854,-1423.709961,-605.601807,-2517.30249,14.0,1.0
7315.379883,4188.10498,4399.676758,3971.211182,-503.748566,-1266.73999,-1397.188721,-600.526611,-2508.290039,14.0,1.0
7318.819824,4215.176758,4408.831543,3974.469238,-491.44281,-1242.831421,-1379.480103,-577.041077,-2491.449219,14.0,1.0
7322.220215,4213.307129,4408.788086,3982.015381,-473.776184,-1233.262817,-1372.217407,-565.449707,-2489.494141,14.0,1.0
7325.669922,4213.927734,4417.06543,3981.547119,-467.012482,-1228.223511,-1367.993042,-561.819458,-2490.439209,14.0,1.0
7329.029785,4216.375488,4420.834961,3981.694092,-462.720581,-1224.388428,-1363.935547,-559.165527,-2490.925537,14.0,1.0
7332.470215,4217.571777,4422.312012,3981.966309,-458.56076,-1221.138794,-1360.151733,-559.100952,-2488.492432,14.0,1.0
7335.879883,4227.405273,4422.172852,3982.62915,-457.366516,-1218.408203,-1358.336548,-560.332153,-2484.410889,14.0,1.0
7339.319824,4219.402832,4421.070312,3982.20166,-456.138062,-1217.259766,-1356.855347,-562.467957,-2489.77002,14.0,1.0
7342.779785,4220.48584,4420.442871,3983.402344,-453.293121,-1214.851685,-1354.417358,-562.628723,-2483.652588,14.0,1.0
7346.129883,4219.790527,4419.677246,3982.348389,-450.938538,-1212.692261,-1352.742554,-561.985474,-2476.307373,14.0,1.0
7349.569824,4221.384277,4419.245117,3983.295898,-450.005035,-1210.737793,-1350.541016,-560.352295,-2476.583252,14.0,1.0
7352.970215,4221.27832,4418.98877,3983.198486,-450.121338,-1209.580078,-1349.494019,-559.399231,-2472.999512,14.0,1.0
7356.419922,4222.954102,4418.710937,3983.739258,-448.206177,-1208.115234,-1348.343506,-558.550781,-2470.411377,14.0,1.0
7359.819824,4222.043457,4418.34082,3984.804199,-446.684052,-1207.064575,-1347.002319,-557.383057,-2469.018555,14.0,1.0
7363.279785,4223.783203,4418.137695,3984.506348,-444.719299,-1204.809326,-1345.974854,-556.115723,-2468.863281,14.0,1.0
7366.669922,4233.09082,4417.643066,3984.44165,-445.845673,-1204.342651,-1344.872681,-554.250793,-2468.929199,14.0,1.0
7370.129883,4234.012695,4417.562012,3983.797852,-445.135498,-1202.929199,-1344.130981,-554.390198,-2468.874268,14.0,1.0
7373.529785,4233.144531,4416.672363,3984.697998,-443.386169,-1203.037476,-1344.167847,-553.039307,-2469.125732,14.0,1.0
7376.970215,4234.077637,4416.449219,3984.208984,-442.564728,-1201.747192,-1343.352051,-552.16217,-2467.748047,14.0,1.0
7380.419922,4223.62793,4416.001953,3983.91333,-443.572723,-1201.857544,-1344.034058,-552.072632,-2467.129395,14.0,1.0
7383.819824,4222.976562,4415.439453,3983.021484,-442.93335,-1200.775024,-1342.283813,-550.30011,-2471.492676,14.0,1.0
7387.279785,4223.422852,4414.996094,3984.135742,-441.174225,-1200.169434,-1341.894287,-550.424316,-2466.317139,14.0,1.0
7390.669922,4222.611328,4414.600586,3983.838623,-442.11972,-1199.74707,-1341.161743,-550.478577,-2467.453369,14.0,1.0
7394.129883,4223.348633,4413.919922,3984.329102,-440.5578,-1199.124756,-1340.824463,-548.999817,-2467.036377,14.0,1.0
7397.529785,4223.257324,4413.544434,3983.905762,-439.9375,-1199.139038,-1340.178955,-548.363159,-2463.046387,14.0,1.0
7400.970215,4235.117676,4413.539062,3984.573975,-440.589508,-1197.994385,-1339.746094,-546.85083,-2463.533936,14.0,1.0
7404.379883,4234.501953,4413.414062,3984.799316,-440.396149,-1197.747681,-1339.216675,-546.312317,-2467.170654,14.0,1.0
7407.819824,4235.476074,4412.722656,3984.655029,-439.365082,-1197.157104,-1338.630737,-546.289246,-2466.531982,14.0,1.0
7411.220215,4234.820801,4412.54834,3984.461426,-440.668427,-1196.681885,-1338.484741,-545.725281,-2466.264648,14.0,1.0
7414.669922,4235.333496,4412.050293,3984.228027,-439.792847,-1195.984985,-1337.87915,-545.806091,-2465.841553,14.0,1.0
7418.069824,4233.979004,4410.891602,3983.605713,-439.956909,-1196.788818,-1338.187012,-545.505981,-2466.748291,14.0,1.0
7421.470215,4235.240234,4410.544434,3984.093262,-439.117432,-1195.995239,-1337.925781,-545.682373,-2467.742432,14.0,1.0
7424.919922,4234.98291,4409.818848,3983.386963,-440.238037,-1196.469116,-1338.513184,-546.158813,-2469.296631,14.0,1.0
7428.319824,4234.46875,4410.412598,3984.031006,-439.817657,-1195.968872,-1338.250244,-544.857605,-2466.608398,14.0,1.0
7431.779785,4234.886719,4409.875488,3984.679687,-438.548096,-1195.76123,-1337.716309,-543.36499,-2464.297119,14.0,1.0
7435.169922,4234.030762,4409.05957,3984.203613,-440.156677,-1196.411743,-1338.046509,-545.457825,-2466.456299,14.0,1.0
7438.629883,4223.778809,4408.491211,3982.900146,-439.671143,-1195.659424,-1337.677979,-544.314331,-2465.312988,14.0,1.0
7442.029785,4223.824707,4408.563965,3984.444824,-439.316559,-1195.722412,-1337.962769,-544.345764,-2466.346924,14.0,1.0
7445.470215,4234.296875,4408.008301,3984.34668,-440.077576,-1195.74353,-1338.247314,-545.299255,-2465.001709,14.0,1.0
7448.879883,4233.588867,4407.954102,3984.1875,-440.520874,-1196.021973,-1338.693726,-544.992493,-2465.190674,14.0,1.0
7452.319824,4234.731445,4407.578125,3983.916016,-440.554657,-1195.74939,-1338.729858,-545.208801,-2465.077637,14.0,1.0
7455.720215,4234.523437,4407.272949,3984.801514,-441.316437,-1196.144897,-1338.336914,-544.729492,-2464.721436,14.0,1.0
7459.169922,4235.259277,4407.124023,3984.402832,-440.710724,-1196.153442,-1338.645264,-544.355042,-2465.355469,14.0,1.0
7462.629883,4233.464844,4405.912598,3983.669434,-440.453522,-1196.636353,-1339.175171,-544.878113,-2463.862061,14.0,1.0
7466.029785,4233.273437,4405.496094,3983.472412,-440.767365,-1196.771118,-1339.555054,-544.749695,-2465.41626,14.0,1.0
7469.470215,4233.587891,4405.118164,3983.616455,-443.225952,-1197.078613,-1339.70874,-545.5354,-2467.956787,14.0,1.0
7472.879883,4223.835449,4404.344238,3983.811768,-442.507782,-1197.27124,-1340.041382,-546.383362,-2466.418701,14.0,1.0
7476.319824,4224.177246,4403.774902,3983.111816,-441.22641,-1196.704468,-1340.645996,-545.125793,-2466.39917,14.0,1.0
7479.720215,4222.714355,4403.591797,3983.455811,-443.121826,-1197.494019,-1340.237427,-544.635254,-2466.287598,14.0,1.0
7483.169922,4223.908691,4403.298828,3984.071533,-442.994965,-1197.8302,-1340.621826,-544.538574,-2465.334229,14.0,1.0
7486.569824,4223.419922,4402.935059,3983.912354,-442.642517,-1197.3927,-1340.734863,-544.515625,-2466.205078,14.0,1.0
7490.029785,4224.124023,4402.72168,3984.699707,-441.655518,-1197.647827,-1340.519775,-544.594788,-2467.138672,14.0,1.0
7493.419922,4222.853027,4402.306641,3983.863525,-442.802795,-1197.348999,-1340.987183,-543.59552,-2466.008545,14.0,1.0
7496.879883,4224.377441,4402.756348,3984.383545,-442.33255,-1196.993408,-1340.312134,-544.067749,-2467.303711,14.0,1.0
7500.279785,4222.961426,4401.851074,3984.165527,-441.679962,-1197.436646,-1340.422363,-543.470703,-2468.376709,14.0,1.0
7503.720215,4223.705566,4401.975098,3984.411865,-443.72937,-1197.459961,-1340.428833,-543.368225,-2467.365723,14.0,1.0
7507.169922,4223.949219,4401.644043,3984.372314,-442.85498,-1197.264404,-1340.305298,-542.832825,-2466.697021,14.0,1.0
7510.569824,4223.159668,4401.232422,3983.884766,-442.740173,-1197.707886,-1340.81311,-542.840515,-2466.028076,14.0,1.0
7514.029785,4223.929199,4400.930176,3984.713623,-441.314941,-1196.913696,-1340.545044,-542.397522,-2465.662598,14.0,1.0
7517.419922,4223.609863,4400.724121,3984.345215,-443.233368,-1196.949951,-1340.220337,-542.103027,-2465.189209,14.0,1.0
7520.879883,4224.744629,4400.934082,3984.468506,-441.485046,-1196.131348,-1340.139282,-542.010437,-2466.428955,14.0,1.0
7524.220215,4223.843262,4400.169922,3984.471191,-441.264496,-1196.178345,-1340.174805,-542.526062,-2467.899658,14.0,1.0
7527.669922,4224.602051,4399.690918,3982.519775,-442.635254,-1196.67688,-1340.804932,-541.304749,-2467.762207,14.0,1.0
7531.029785,4223.23291,4398.440918,3984.706299,-441.249512,-1196.727173,-1340.402466,-541.423157,-2468.702393,14.0,1.0
7534.470215,4224.067383,4399.041016,3984.32251,-443.554199,-1196.787109,-1340.209106,-541.830811,-2468.943848,14.0,1.0
7537.879883,4223.929687,4398.417969,3983.944092,-442.833984,-1196.48584,-1340.373413,-541.862488,-2476.461426,14.0,1.0
7541.319824,4225.115723,4398.458984,3984.525146,-442.253662,-1196.461792,-1340.471069,-541.590515,-2473.755371,14.0,1.0
7544.779785,4224.513184,4397.836426,3984.375977,-441.343384,-1196.381836,-1340.904053,-541.323547,-2470.329102,14.0,1.0
7548.169922,4223.760742,4397.837891,3984.272705,-442.529449,-1196.786133,-1341.130737,-540.924988,-2469.273926,14.0,1.0
7551.629883,4224.675293,4397.509766,3984.799561,-442.438263,-1196.065308,-1340.280396,-541.142029,-2469.166504,14.0,1.0
7555.029785,4224.515625,4397.07373,3984.945557,-442.073364,-1197.746704,-1340.04541,-540.449036,-2471.378418,14.0,1.0
7558.470215,4225.132812,4397.269043,3984.537842,-443.542053,-1197.005005,-1340.633179,-541.657471,-2472.137695,14.0,1.0
7561.879883,4233.640625,4396.36084,3984.412842,-442.099274,-1196.373169,-1340.327271,-540.931824,-2470.16748,14.0,1.0
7565.319824,4234.123047,4395.746094,3984.515625,-447.181885,-1196.992187,-1340.266724,-541.321594,-2470.997314,14.0,1.0
7568.720215,4233.344727,4395.893066,3984.421631,-444.10675,-1196.175781,-1340.510498,-541.30304,-2473.910889,14.0,1.0
7572.129883,4224.492676,4395.826172,3984.625977,-441.907837,-1196.098511,-1340.532227,-541.491394,-2475.432861,14.0,1.0
7575.529785,4224.033203,4395.538086,3984.169922,-442.864044,-1197.489868,-1341.405029,-542.248291,-2475.63916,14.0,1.0
7578.970215,4224.604004,4395.168945,3984.32373,-442.309082,-1196.4104,-1340.818604,-542.033264,-2473.883545,14.0,1.0
7582.379883,4223.956055,4395.29248,3984.104492,-442.813904,-1196.974731,-1341.093628,-542.662048,-2475.424561,14.0,1.0
7585.819824,4233.4375,4393.755859,3984.414795,-444.32666,-1198.157837,-1342.122925,-542.578491,-2472.911865,14.0,1.0
7589.279785,4223.688965,4393.977539,3984.070068,-443.503937,-1198.157715,-1341.951904,-542.902283,-2474.466064,14.0,1.0
7592.669922,4222.547852,4393.42041,3984.110596,-444.643494,-1198.339355,-1342.111572,-542.85437,-2473.997314,14.0,1.0
7596.129883,4223.757812,4392.305664,3983.877197,-443.775604,-1197.989258,-1342.444092,-543.399353,-2473.373535,14.0,1.0
7599.529785,4223.73584,4393.257324,3983.741699,-444.299896,-1198.234375,-1341.947998,-542.835022,-2473.725586,14.0,1.0
7602.970215,4223.819824,4392.205566,3983.915039,-443.808197,-1197.794189,-1342.046997,-542.750122,-2474.61377,14.0,1.0
7606.379883,4223.54834,4391.834473,3983.761963,-445.427124,-1198.809937,-1342.793945,-543.95282,-2475.842773,14.0,1.0
7609.819824,4223.47998,4391.631348,3984.330322,-445.053955,-1198.643188,-1342.51001,-544.722473,-2476.555176,14.0,1.0
7613.220215,4232.595703,4391.399414,3982.785156,-445.192383,-1199.554199,-1343.544189,-545.266846,-2475.95166,14.0,1.0
7616.669922,4233.281738,4391.23291,3983.583008,-445.975555,-1199.445923,-1343.147339,-544.791443,-2477.721191,14.0,1.0
7620.029785,4232.494629,4390.692383,3983.50415,-445.231628,-1199.732056,-1343.384644,-544.562134,-2481.242432,14.0,1.0
7623.470215,4233.45752,4390.729004,3983.756836,-447.313812,-1199.74231,-1343.299072,-544.878662,-2479.439209,14.0,1.0
7626.919922,4233.638672,4390.743652,3983.108643,-446.451752,-1200.25061,-1343.585693,-545.342102,-2482.098389,14.0,1.0
7630.319824,4232.942871,4390.338379,3983.115723,-446.63382,-1200.150879,-1344.085327,-545.64978,-2483.69458,14.0,1.0
7633.720215,4223.767578,4389.716797,3984.016846,-445.751434,-1199.720459,-1343.711548,-545.141296,-2537.86499,14.0,1.0
7637.069824,4222.901855,4389.20166,3983.714355,-445.965332,-1200.091187,-1343.775391,-545.076172,-2537.977051,14.0,1.0
7640.529785,4223.725098,4389.111328,3983.215332,-446.130402,-1200.242554,-1344.285278,-545.036743,-2538.382324,14.0,1.0
7643.919922,4223.020996,4388.380371,3983.202148,-447.266693,-1200.37915,-1344.592529,-545.21167,-2538.490234,14.0,1.0
7647.379883,4223.125,4387.846191,3983.153809,-446.657074,-1200.981079,-1344.843262,-545.778687,-2539.282471,14.0,1.0
7650.779785,4232.658203,4387.864746,3982.486328,-446.673737,-1200.968262,-1344.562378,-545.581604,-2539.040527,14.0,1.0
7654.220215,4233.30957,4387.672852,3982.993896,-446.976624,-1200.952881,-1344.97937,-546.099121,-2539.289795,14.0,1.0
7657.629883,4232.099121,4386.578125,3982.460937,-447.894196,-1201.795166,-1345.78479,-546.655884,-2539.556641,14.0,1.0
7661.129883,4233.480469,4386.908691,3982.675049,-448.820435,-1202.066772,-1345.804932,-545.547058,-2539.719238,14.0,1.0
7664.529785,4232.125977,4386.017578,3982.078125,-448.647247,-1202.965698,-1347.090332,-547.605957,-2539.584961,14.0,1.0
7667.970215,4232.463379,4385.999023,3982.995117,-448.448334,-1202.419312,-1346.588745,-546.99115,-2540.307373,14.0,1.0
7671.419922,4231.98291,4384.808594,3982.434326,-450.652039,-1203.798584,-1347.56958,-548.309021,-2539.426025,14.0,1.0
7674.819824,4231.470703,4384.647461,3982.074219,-451.085449,-1204.430786,-1347.750977,-548.266602,-2538.884766,14.0,1.0
7678.279785,4232.312988,4384.634766,3981.763184,-449.808319,-1204.105957,-1347.851929,-548.486877,-2538.863037,14.0,1.0
7681.669922,4230.816895,4383.978516,3982.037354,-451.6763,-1205.454834,-1348.769409,-549.647461,-2540.02002,14.0,1.0
7685.129883,4231.293945,4383.571289,3981.4104,-451.925079,-1205.413574,-1349.20459,-550.083252,-2540.299316,14.0,1.0
7688.529785,4221.043457,4382.794434,3981.65625,-452.073395,-1205.844971,-1349.169556,-549.998535,-2536.474365,14.0,1.0
7691.970215,4221.484375,4382.52002,3981.148437,-452.336578,-1206.27124,-1350.019287,-550.723755,-2540.104736,14.0,1.0
7695.379883,4220.765137,4382.179199,3981.266846,-453.335236,-1206.05896,-1349.97937,-550.118164,-2539.167725,14.0,1.0
7698.819824,4221.115234,4381.615723,3981.563965,-453.969238,-1207.33667,-1350.636719,-551.6203,-2539.931396,14.0,1.0
7702.220215,4229.735352,4380.847656,3980.73877,-455.281677,-1208.020264,-1351.471313,-551.957092,-2487.856445,14.0,1.0
7705.669922,4230.20459,4380.89209,3981.514893,-454.865387,-1207.893188,-1351.483154,-551.947754,-2480.53125,14.0,1.0
7709.129883,4230.125,4380.518066,3981.4104,-454.128601,-1207.894165,-1351.647461,-552.480774,-2481.627441,14.0,1.0
7712.529785,4229.319824,4379.672852,3981.308105,-454.585419,-1208.821045,-1352.350342,-552.542297,-2480.395752,14.0,1.0
7715.970215,4229.438477,4379.333008,3981.239746,-457.003265,-1209.446777,-1352.822144,-553.723755,-2482.269287,14.0,1.0
7719.379883,4218.655762,4378.547363,3981.099365,-456.419128,-1209.315186,-1352.726074,-553.880188,-2483.39624,14.0,1.0
7722.819824,4219.623047,4378.427246,3981.300293,-455.809265,-1209.810791,-1353.444824,-553.929016,-2482.061768,14.0,1.0
7726.220215,4229.07959,4377.91748,3981.009521,-458.062286,-1210.228149,-1353.515503,-553.842896,-2482.323242,14.0,1.0
7729.629883,4219.095215,4377.67627,3981.100342,-456.457642,-1210.064209,-1353.615967,-554.069458,-2483.099854,14.0,1.0
7732.970215,4228.341309,4377.238281,3981.035156,-456.426178,-1210.311646,-1354.122192,-554.726013,-2484.171631,14.0,1.0
7736.419922,4228.902832,4376.800781,3980.913574,-458.02417,-1210.585937,-1354.467407,-554.503113,-2486.393311,14.0,1.0
7739.819824,4228.626465,4376.416016,3981.163574,-457.967743,-1211.067139,-1354.31189,-554.787048,-2485.245605,14.0,1.0
7743.279785,4228.854492,4375.892578,3980.807373,-457.342041,-1211.070557,-1354.719116,-554.413452,-2487.826904,14.0,1.0
7746.669922,4217.907227,4375.498535,3981.037109,-458.545898,-1211.078979,-1354.308594,-554.643066,-2489.994629,14.0,1.0
7750.129883,4218.678223,4374.907227,3980.375488,-457.62738,-1210.71582,-1354.731079,-554.637146,-2487.896973,14.0,1.0
7753.569824,4228.489746,4374.783203,3980.107178,-457.731537,-1211.015503,-1354.980591,-554.901184,-2489.04126,14.0,1.0
7756.970215,4227.741211,4374.109863,3980.711426,-459.794434,-1211.682617,-1355.089966,-555.134094,-2492.480225,14.0,1.0
7760.419922,4228.314941,4373.891602,3980.9104,-458.692688,-1211.450562,-1354.979736,-554.931702,-2488.927246,14.0,1.0
7763.779785,4227.639648,4373.916016,3980.678467,-457.864532,-1211.428101,-1354.628662,-554.578979,-2491.340088,14.0,1.0
7767.220215,4218.977051,4374.005859,3980.487549,-458.020874,-1211.281006,-1354.858032,-555.020203,-2490.013916,14.0,1.0
7770.629883,4218.444824,4373.235352,3981.095947,-459.042755,-1211.147339,-1354.883789,-554.771301,-2488.40625,14.0,1.0
7774.069824,4219.214355,4373.248047,3980.891357,-458.735962,-1210.747803,-1354.436768,-555.179932,-2491.174072,14.0,1.0
7777.470215,4218.463379,4372.60498,3981.12085,-459.97525,-1211.726562,-1354.99939,-555.053162,-2493.00708,14.0,1.0
7780.919922,4219.050293,4372.966309,3980.601318,-459.48822,-1211.523071,-1355.326172,-555.845154,-2514.470459,14.0,1.0
7784.319824,4218.661133,4372.649414,3981.097412,-459.333099,-1211.973511,-1355.271362,-556.0401,-2550.336914,14.0,1.0
7787.779785,4229.429687,4372.264648,3981.266602,-458.598846,-1212.011841,-1355.325195,-556.228516,-2550.335205,14.0,1.0
7791.220215,4228.40625,4371.416016,3981.426514,-460.67923,-1212.369995,-1355.565674,-556.15564,-2550.060059,14.0,1.0
7794.629883,4228.640625,4371.753418,3981.655029,-459.829865,-1212.078491,-1355.770142,-556.222107,-2550.4375,14.0,1.0
7798.069824,4228.904785,4371.515625,3981.255859,-459.136139,-1212.434692,-1355.822632,-556.516541,-2504.960205,14.0,1.0
7801.470215,4228.174805,4370.89209,3981.79834,-461.114227,-1212.952148,-1356.114502,-556.285706,-2490.982422,14.0,1.0
7804.919922,4229.205566,4370.896484,3982.025391,-460.957336,-1213.160645,-1356.677734,-556.817322,-2491.894775,14.0,1.0
7808.279785,4227.379883,4369.94043,3981.760986,-460.994751,-1213.965942,-1357.337646,-557.86145,-2495.884521,14.0,1.0
7811.720215,4227.836426,4369.243164,3981.403809,-461.111237,-1213.989258,-1357.478271,-557.553467,-2494.59668,14.0,1.0
7815.129883,4227.802734,4369.429687,3982.08667,-461.077271,-1214.265259,-1357.714233,-557.999817,-2494.718506,14.0,1.0
7818.569824,4228.115234,4369.503906,3982.275391,-462.754913,-1214.886597,-1357.764771,-558.684753,-2495.400146,14.0,1.0
7821.970215,4217.46875,4368.805176,3982.308594,-463.878662,-1215.084106,-1358.400024,-558.945679,-2494.739502,14.0,1.0
7825.419922,4217.97998,4368.445312,3982.007568,-463.514191,-1215.969604,-1359.353882,-559.736633,-2497.880127,14.0,1.0
7828.819824,4217.560547,4368.277344,3983.0625,-463.681854,-1215.928955,-1359.276123,-560.499451,-2501.119629,14.0,1.0
7832.279785,4217.735352,4368.056152,3981.964355,-462.967133,-1216.256592,-1359.802734,-559.950989,-2497.810547,14.0,1.0
7835.720215,4217.604492,4367.745117,3982.100098,-465.338226,-1216.744629,-1360.027588,-560.614014,-2495.720459,14.0,1.0
7839.220215,4215.61084,4367.182129,3981.505859,-467.15863,-1218.674194,-1361.459595,-561.783997,-2511.760986,15.0,2.0
7842.669922,4216.670898,4366.728516,3982.564941,-466.534546,-1218.573608,-1361.963745,-562.306335,-2552.49292,15.0,2.0
7846.069824,4215.833984,4366.341309,3982.461182,-466.97934,-1219.158447,-1362.398193,-562.869995,-2553.577881,15.0,2.0
7849.529785,4216.584473,4366.298828,3982.74292,-466.165192,-1219.200928,-1362.636597,-562.862793,-2553.391846,15.0,2.0
7852.919922,4215.339355,4365.599609,3982.523682,-467.972229,-1220.221802,-1363.927368,-563.754456,-2555.022949,15.0,2.0
7856.379883,4215.769043,4365.112305,3982.541504,-468.026184,-1220.134155,-1363.902222,-564.141907,-2554.101318,15.0,2.0
7859.779785,4215.21582,4364.807617,3982.466064,-467.848755,-1221.158325,-1364.492676,-564.406128,-2556.391113,15.0,2.0
7863.220215,4215.652344,4364.790527,3983.037354,-468.149872,-1220.987671,-1364.72522,-564.532349,-2554.020996,15.0,2.0
7866.629883,4215.140137,4364.103027,3983.31665,-468.228302,-1221.28479,-1365.228149,-565.391174,-2555.977783,15.0,2.0
7870.069824,4215.339844,4363.645508,3982.720947,-469.545013,-1222.019531,-1365.428589,-565.636719,-2555.84375,15.0,2.0
7873.529785,4215.260254,4363.578125,3982.231445,-468.64856,-1221.814453,-1365.029297,-565.03009,-2553.766113,15.0,2.0
7876.919922,4225.01416,4363.583984,3983.304687,-469.898682,-1221.655762,-1365.168091,-564.734131,-2552.581299,15.0,2.0
7880.379883,4215.244141,4363.087402,3983.221191,-468.486725,-1220.98645,-1364.044678,-564.133484,-2552.105713,15.0,2.0
7883.720215,4214.319336,4362.789551,3982.598389,-468.545868,-1220.733154,-1363.064697,-563.993896,-2552.452148,15.0,2.0
7887.169922,4224.956055,4362.060059,3982.581299,-468.814026,-1220.613403,-1362.671143,-563.904785,-2552.166016,15.0,2.0
7890.569824,4224.345703,4361.670898,3982.513672,-468.421143,-1220.44873,-1361.895264,-563.779968,-2552.171387,15.0,2.0
7893.970215,4214.65918,4361.276855,3982.558105,-467.044495,-1219.930054,-1361.162598,-564.635498,-2552.44458,15.0,2.0
7897.379883,4214.251465,4360.61084,3982.668213,-467.847046,-1220.511108,-1361.821411,-565.140381,-2553.574219,15.0,2.0
7900.819824,4214.811035,4360.418457,3982.479492,-467.893738,-1220.714722,-1362.123779,-565.574585,-2553.18335,15.0,2.0
7904.220215,4224.546387,4360.306152,3982.936768,-468.45752,-1221.407471,-1362.672852,-565.635315,-2553.25708,15.0,2.0
7907.669922,4215.12793,4360.20166,3983.316406,-468.920074,-1222.199585,-1364.002563,-567.488953,-2554.590332,15.0,2.0
7911.029785,4214.348145,4359.657715,3982.080322,-468.714844,-1222.664307,-1364.874756,-567.740601,-2555.402588,15.0,2.0
7914.470215,4215.091797,4359.418945,3982.068115,-469.569702,-1223.623901,-1365.644409,-567.712708,-2557.023682,15.0,2.0
7917.919922,4214.975586,4358.91748,3981.981445,-471.002899,-1224.66394,-1366.860718,-569.508728,-2552.205078,15.0,2.0
7921.319824,4214.540039,4358.61084,3982.124512,-472.322021,-1225.485352,-1368.069092,-571.044861,-2501.391846,15.0,2.0
7924.779785,4214.927246,4358.038086,3981.888672,-472.033813,-1225.672607,-1368.15271,-569.616699,-2502.922852,15.0,2.0
7928.129883,4213.412109,4357.162598,3981.382568,-472.846069,-1225.919067,-1369.541626,-570.445923,-2503.048584,15.0,2.0
7931.569824,4214.543945,4357.199707,3981.418457,-474.113861,-1227.154541,-1369.748169,-572.440735,-2503.494385,15.0,2.0
7934.970215,4223.985352,4356.68457,3981.63916,-475.21106,-1227.891357,-1370.622437,-572.594543,-2506.659912,15.0,2.0
7938.419922,4224.909668,4356.269043,3981.028564,-475.658264,-1228.644775,-1371.367676,-573.290283,-2510.016357,15.0,2.0
7941.819824,4223.808594,4355.865234,3980.793945,-475.834778,-1228.868896,-1372.171753,-574.066162,-2505.88208,15.0,2.0
7945.279785,4224.517578,4355.48877,3980.671387,-476.076019,-1230.047241,-1372.910767,-574.433777,-2507.851807,15.0,2.0
7948.669922,4213.321777,4355.048828,3980.202148,-477.514954,-1230.805298,-1374.193115,-575.258545,-2507.243164,15.0,2.0
7952.129883,4213.851074,4354.348633,3979.532959,-478.036774,-1231.522583,-1375.280273,-576.5,-2510.707031,15.0,2.0
7955.569824,4213.203613,4354.054687,3979.044434,-479.764038,-1232.754883,-1375.791504,-577.513855,-2517.980225,15.0,2.0
7958.919922,4212.001465,4353.398437,3978.447754,-480.126007,-1232.682007,-1376.972656,-578.097595,-2513.524658,15.0,2.0
7962.379883,4212.494141,4352.450684,3979.041016,-481.545898,-1233.715332,-1377.975952,-578.30127,-2534.758545,15.0,2.0
7965.779785,4211.681641,4352.115723,3978.403809,-481.338623,-1234.86731,-1379.325073,-579.521729,-2535.95752,15.0,2.0
7969.220215,4212.049316,4352.018555,3977.60498,-481.794586,-1235.148682,-1379.559814,-580.492737,-2569.384521,15.0,2.0
7972.629883,4211.459473,4351.904785,3978.020752,-483.084595,-1235.470703,-1379.910034,-580.437683,-2519.820557,15.0,2.0
7976.069824,4212.354004,4351.94873,3977.937256,-483.97467,-1236.317993,-1380.194702,-581.03125,-2519.48877,15.0,2.0
7979.419922,4211.105469,4351.391113,3977.646973,-484.429352,-1237.028931,-1381.373901,-582.204468,-2528.885498,15.0,2.0
7982.879883,4211.250977,4351.006836,3977.801514,-485.108704,-1238.383301,-1382.479858,-583.386353,-2570.075195,15.0,2.0
7986.279785,4210.667969,4350.589844,3978.473145,-484.520874,-1238.915771,-1383.354248,-583.347473,-2521.20166,15.0,2.0
7989.720215,4210.817871,4350.012695,3977.446289,-485.945618,-1239.94873,-1384.674194,-584.691528,-2538.948975,15.0,2.0
7993.129883,4220.696289,4349.67627,3977.893555,-487.717163,-1240.44458,-1385.182007,-583.660461,-2546.8396,15.0,2.0
7996.569824,4210.139648,4349.450195,3977.523682,-488.136139,-1241.296387,-1386.052734,-585.792236,-2570.332275,15.0,2.0
8000.029785,4210.47998,4349.179687,3977.936035,-487.200439,-1241.179443,-1386.534424,-585.413391,-2537.602295,15.0,2.0
8003.379883,4209.220703,4348.976074,3978.026611,-488.187317,-1241.421143,-1386.773804,-586.798889,-2533.502441,15.0,2.0
8006.819824,4210.01709,4348.292969,3977.81958,-490.413452,-1242.87146,-1388.45813,-588.281372,-2526.072754,15.0,2.0
8010.220215,4208.992676,4348.095703,3978.51416,-491.169189,-1243.195068,-1388.499756,-587.31897,-2553.688965,15.0,2.0
8013.669922,4209.578613,4347.967773,3977.838623,-491.703217,-1243.226196,-1389.315674,-588.540344,-2582.256592,15.0,2.0
8017.069824,4208.934082,4347.281738,3978.592773,-491.550079,-1244.770508,-1390.082397,-589.411011,-2583.519043,15.0,2.0
8020.529785,4209.530273,4347.4375,3977.988037,-492.065948,-1245.194458,-1390.66626,-589.576355,-2581.744629,15.0,2.0
8023.919922,4208.248047,4346.483398,3977.863525,-493.794983,-1245.6875,-1392.054687,-591.27887,-2569.19458,15.0,2.0
8027.379883,4208.875488,4346.166016,3978.206299,-493.768036,-1246.536377,-1392.219849,-591.288208,-2553.266357,15.0,2.0
8030.779785,4208.079102,4345.692383,3977.136475,-494.202911,-1246.968994,-1393.309448,-591.900146,-2574.411377,15.0,2.0
8034.220215,4208.241211,4345.527832,3977.641602,-497.027069,-1247.843018,-1394.032837,-592.79364,-2575.12085,15.0,2.0
8037.669922,4208.792969,4345.428223,3978.468018,-495.9953,-1247.878418,-1394.600586,-593.312195,-2576.688477,15.0,2.0
8041.069824,4207.475586,4345.103027,3977.998291,-497.573059,-1249.121216,-1395.4729,-593.888672,-2537.821289,15.0,2.0
8044.529785,4208.178223,4345.009277,3978.315918,-496.302856,-1249.170532,-1396.06897,-594.436157,-2541.391602,15.0,2.0
8047.919922,4207.529297,4344.401855,3978.786133,-498.749268,-1250.35376,-1396.687744,-595.326233,-2553.439941,15.0,2.0
8051.379883,4208.036133,4344.439941,3978.799072,-498.58728,-1250.378052,-1395.404785,-596.654114,-2567.026367,15.0,2.0
8054.779785,4207.688965,4344.116699,3978.798584,-497.55365,-1250.458008,-1397.943115,-596.036438,-2568.068359,15.0,2.0
8058.220215,4218.34082,4342.513184,3978.729248,-500.945831,-1251.767212,-1398.208008,-596.485291,-2586.95459,15.0,2.0
8061.629883,4207.546875,4343.20459,3975.574707,-499.766876,-1252.370972,-1399.077881,-596.941956,-2544.196533,15.0,2.0
8065.069824,4207.197754,4343.086914,3979.046631,-501.506012,-1252.267578,-1399.777588,-598.412964,-2539.458496,15.0,2.0
8068.470215,4206.502441,4342.344238,3978.174072,-503.217499,-1253.698975,-1400.281128,-598.748596,-2572.246582,15.0,2.0
8071.919922,4207.375977,4342.254395,3978.334473,-502.445435,-1254.096191,-1400.80835,-599.295715,-2569.715576,15.0,2.0
8075.319824,4206.775879,4341.615723,3978.480225,-503.077515,-1254.655273,-1401.683838,-599.721375,-2541.424316,15.0,2.0
8078.779785,4207.490234,4341.315918,3978.099609,-503.237396,-1253.991943,-1402.222046,-599.885742,-2558.815918,15.0,2.0
8082.220215,4217.570312,4341.285645,3979.085449,-504.931366,-1255.383911,-1402.349487,-600.501221,-2566.530273,15.0,2.0
8085.629883,4217.493652,4341.165527,3978.073242,-504.408234,-1255.613525,-1403.083984,-601.432129,-2580.159424,15.0,2.0
8089.069824,4217.584473,4340.950195,3978.726562,-504.840942,-1256.282227,-1403.973511,-602.091919,-2573.344482,15.0,2.0
8092.470215,4206.38916,4340.609863,3977.893066,-505.799835,-1257.388672,-1404.700317,-602.297363,-2586.225586,15.0,2.0
8095.879883,4206.029785,4340.068848,3977.530273,-505.424591,-1257.961548,-1405.327393,-603.200073,-2575.324219,15.0,2.0
8099.279785,4205.742676,4339.418457,3977.9375,-506.498962,-1258.920532,-1405.872925,-604.259705,-2584.325928,15.0,2.0
8102.720215,4205.829102,4339.538086,3978.10083,-506.626465,-1258.793091,-1406.701538,-605.327942,-2560.830566,15.0,2.0
8106.129883,4205.027344,4338.751953,3977.188232,-507.109436,-1259.451416,-1408.988403,-605.222107,-2558.684326,15.0,2.0
8109.569824,4205.411133,4338.004883,3977.333984,-509.705658,-1261.229004,-1408.168579,-606.263733,-2580.012451,15.0,2.0
8112.919922,4204.027344,4337.710449,3976.348633,-509.809326,-1261.234741,-1409.154175,-606.922729,-2581.073486,15.0,2.0
8116.379883,4205.22168,4337.356445,3976.758789,-509.016724,-1261.041504,-1409.291382,-607.137695,-2590.808838,15.0,2.0
8119.779785,4204.628418,4336.925781,3976.865723,-509.131042,-1261.553711,-1409.235474,-606.737183,-2593.907715,15.0,2.0
8123.220215,4205.385742,4336.437012,3976.653076,-509.572174,-1261.494507,-1409.677246,-607.464233,-2585.766357,15.0,2.0
8126.669922,4205.003906,4336.060547,3976.198975,-511.295288,-1262.30835,-1409.092163,-607.797729,-2591.274902,15.0,2.0
8130.029785,4203.990723,4335.53418,3976.130371,-509.776062,-1262.292847,-1410.716064,-608.625427,-2562.478516,15.0,2.0
8133.470215,4204.484375,4335.548828,3976.321289,-511.872345,-1263.213623,-1411.602417,-609.490784,-2577.787598,15.0,2.0
8136.879883,4215.013184,4335.102539,3976.092041,-511.791412,-1263.541626,-1412.004639,-610.100647,-2589.785889,15.0,2.0
8140.319824,4215.28418,4334.615723,3975.613037,-513.507751,-1264.474121,-1414.273071,-611.102173,-2557.701904,15.0,2.0
8143.669922,4214.870117,4334.319824,3975.457275,-515.978516,-1264.556519,-1413.037231,-611.252625,-2568.084229,15.0,2.0
8147.129883,4215.009766,4334.499023,3974.741943,-512.832886,-1265.109619,-1413.325195,-611.56897,-2596.182373,15.0,2.0
8150.470215,4214.291992,4333.773926,3976.091553,-512.681519,-1265.049683,-1414.238525,-612.36145,-2560.833984,15.0,2.0
8153.919922,4215.097168,4333.133789,3975.554199,-515.389771,-1266.366333,-1415.256592,-612.694763,-2560.11377,15.0,2.0
8157.279785,4202.708984,4332.298828,3973.245361,-514.910706,-1266.918335,-1415.068115,-613.357178,-2561.344238,15.0,2.0
8160.720215,4210.494141,4332.693848,3974.102539,-515.047913,-1266.416138,-1414.861938,-613.350464,-2555.952393,15.0,2.0
8164.169922,4214.517578,4332.305176,3974.821289,-516.87915,-1267.682251,-1417.067017,-613.814514,-2567.042725,15.0,2.0
8167.569824,4214.065918,4331.906738,3974.828613,-517.390625,-1267.619385,-1417.301025,-615.130737,-2564.003174,15.0,2.0
8171.029785,4203.405762,4331.552246,3974.520752,-516.860474,-1268.331299,-1418.422974,-615.465393,-2561.826416,15.0,2.0
8174.419922,4202.064941,4330.838379,3974.489014,-518.6604,-1269.737427,-1419.528931,-616.18457,-2565.331299,15.0,2.0
8177.879883,4214.46875,4330.977051,3974.448975,-518.809937,-1269.331787,-1419.570312,-616.527649,-2562.682373,15.0,2.0
8181.279785,4214.052734,4330.629395,3974.525146,-518.114624,-1270.240723,-1420.510376,-616.848572,-2560.526855,15.0,2.0
8184.720215,4213.659668,4329.725586,3974.013184,-520.24408,-1270.720947,-1421.165405,-618.08429,-2562.51416,15.0,2.0
8188.129883,4201.640137,4329.615723,3973.905029,-520.692017,-1271.460083,-1421.720581,-618.558899,-2564.739258,15.0,2.0
8191.569824,4201.738281,4328.613281,3972.932617,-522.003601,-1272.860718,-1422.793823,-619.411316,-2564.87915,15.0,2.0
8194.969727,4201.09668,4328.330566,3972.991455,-523.178162,-1273.398193,-1423.149536,-620.191895,-2566.235596,15.0,2.0
8198.419922,4201.772461,4328.162598,3974.185791,-522.949829,-1273.719604,-1424.109009,-621.023193,-2563.398926,15.0,2.0
8201.820312,4200.62207,4327.645508,3973.209961,-523.620728,-1274.509033,-1424.844238,-622.372437,-2565.206055,15.0,2.0
8205.219727,4201.144043,4327.40918,3973.534424,-522.575806,-1274.174194,-1425.00061,-621.647095,-2582.899902,15.0,2.0
8208.629883,4200.798828,4326.789551,3974.04834,-524.196533,-1275.59314,-1426.401733,-623.856812,-2570.422852,15.0,2.0
8211.969727,4200.291016,4326.767578,3973.911377,-524.199707,-1275.976318,-1426.705688,-623.260132,-2567.261963,15.0,2.0
8215.419922,4200.790527,4326.125488,3973.387939,-526.06958,-1276.957275,-1427.444702,-624.204041,-2568.120117,15.0,2.0
8218.820312,4200.507812,4326.274902,3974.97168,-526.06665,-1277.271362,-1427.83313,-624.690979,-2572.164551,15.0,2.0
8222.219727,4199.944336,4325.189453,3973.292969,-526.554626,-1278.455933,-1429.473389,-625.8974,-2573.606689,15.0,2.0
8225.629883,4199.673828,4324.752441,3973.773926,-528.223633,-1278.869995,-1430.174194,-626.819336,-2575.915771,15.0,2.0
8229.070312,4210.964355,4324.502441,3973.378906,-527.605713,-1279.242432,-1430.795654,-628.150757,-2576.89917,15.0,2.0
8232.469727,4199.204102,4324.07959,3973.969971,-530.352722,-1280.508057,-1431.862915,-628.224915,-2583.933105,15.0,2.0
8235.919922,4199.692871,4323.837891,3973.604492,-530.068176,-1280.985474,-1432.249878,-629.179565,-2576.029785,15.0,2.0
8239.280273,4198.748047,4323.565918,3974.189941,-529.797913,-1281.423706,-1432.605103,-629.141907,-2574.759277,15.0,2.0
8242.719727,4210.328125,4322.922363,3974.046875,-532.34729,-1282.372803,-1433.75293,-630.096436,-2575.714111,15.0,2.0
8246.169922,4209.790527,4321.615234,3973.577881,-532.607849,-1283.631958,-1434.830688,-631.329224,-2577.317871,15.0,2.0
8249.570312,4197.926758,4321.898437,3974.007324,-532.652649,-1284.241211,-1435.721558,-633.089966,-2591.103271,15.0,2.0
8253.030273,4198.820801,4321.975098,3974.914307,-532.433411,-1284.224854,-1436.098145,-632.434814,-2581.466309,15.0,2.0
8256.419922,4198.056152,4321.437988,3974.196045,-533.814819,-1284.899902,-1436.909546,-633.04834,-2615.10083,15.0,2.0
8259.879883,4198.298828,4321.071777,3974.509521,-533.357666,-1284.974854,-1437.513672,-634.054749,-2597.894775,15.0,2.0
8263.280273,4197.739258,4320.505371,3975.039551,-534.104309,-1286.174805,-1438.039917,-633.946838,-2598.264893,15.0,2.0
8266.719727,4197.800781,4320.064453,3973.98877,-536.035217,-1286.656738,-1438.203003,-634.60791,-2591.88916,15.0,2.0
8270.129883,4197.421875,4319.665039,3974.677246,-535.988403,-1286.784912,-1438.809082,-634.991516,-2582.392578,15.0,2.0
8273.570312,4197.504883,4319.364746,3974.783203,-536.519653,-1287.399414,-1439.609375,-635.624573,-2588.131592,15.0,2.0
8276.969727,4197.129883,4319.196777,3974.207275,-537.846863,-1287.472412,-1439.883301,-635.919128,-2582.984863,15.0,2.0
8280.419922,4197.47998,4318.622559,3974.734863,-537.620178,-1287.672852,-1440.062866,-636.109314,-2595.139648,15.0,2.0
8283.820312,4197.030762,4318.596191,3974.509766,-537.956482,-1288.466187,-1440.376587,-636.113525,-2606.361572,15.0,2.0
8287.280273,4208.85498,4318.099609,3974.290283,-536.969299,-1288.329468,-1440.923462,-636.137085,-2589.198486,15.0,2.0
8290.719727,4208.263184,4317.749023,3974.831543,-537.733643,-1288.884521,-1441.576172,-637.392273,-2589.148926,15.0,2.0
8294.129883,4207.591309,4317.255371,3974.831787,-538.616577,-1288.860107,-1441.976562,-637.37323,-2587.952148,15.0,2.0
8297.570312,4197.242187,4316.988281,3974.587158,-539.228027,-1289.73877,-1442.452637,-638.278992,-2588.634277,15.0,2.0
8300.969727,4196.591797,4316.790039,3974.587402,-540.64801,-1289.991943,-1442.624268,-638.310181,-2591.986572,15.0,2.0
8304.379883,4196.699219,4316.461914,3974.640381,-539.031738,-1290.038208,-1442.911133,-638.478821,-2590.651855,15.0,2.0
8307.780273,4207.297852,4315.936523,3974.056885,-539.437988,-1290.426514,-1443.441406,-638.80835,-2602.772217,15.0,2.0
8311.219727,4207.89502,4316.021484,3974.30249,-539.847717,-1291.05481,-1444.269531,-639.914001,-2594.241699,15.0,2.0
8314.629883,4207.229004,4315.493652,3974.067627,-539.89856,-1291.057617,-1444.33313,-639.802795,-2591.632812,15.0,2.0
8318.070312,4207.651855,4314.964355,3974.42749,-541.548401,-1292.316162,-1444.934448,-640.384338,-2591.200684,15.0,2.0
8321.469727,4195.79541,4314.262695,3974.5625,-542.575256,-1292.086182,-1444.997803,-640.287109,-2595.641846,15.0,2.0
8324.879883,4196.244141,4314.387207,3974.169189,-541.118713,-1292.192627,-1445.565796,-641.138062,-2593.477539,15.0,2.0
8328.320312,4196.579102,4314.188965,3974.487061,-541.702881,-1292.717041,-1445.710937,-640.921509,-2597.556396,15.0,2.0
8331.719727,4195.646484,4313.50293,3974.496094,-543.693115,-1293.402344,-1446.798584,-642.667419,-2600.772705,15.0,2.0
8335.169922,4196.037109,4313.230469,3973.990967,-543.496216,-1294.239502,-1447.504395,-642.801941,-2600.5625,15.0,2.0
8338.570312,4195.181152,4312.755859,3974.024658,-543.593933,-1294.69751,-1447.562256,-643.475342,-2599.052246,15.0,2.0
8342.030273,4195.814941,4312.614746,3974.050781,-543.873657,-1294.887207,-1448.092896,-643.435974,-2616.233643,15.0,2.0
8345.419922,4194.679687,4311.927734,3973.868652,-545.126343,-1295.423706,-1448.629395,-644.453735,-2599.202881,15.0,2.0
8348.879883,4195.536133,4312.077637,3972.7854,-544.411804,-1295.762451,-1449.094116,-644.747925,-2608.053955,15.0,2.0
8352.280273,4194.936523,4311.487793,3973.638916,-544.530884,-1296.36853,-1449.502563,-645.262817,-2612.070312,15.0,2.0
8355.719727,4195.034668,4310.859375,3972.333008,-546.55188,-1297.125977,-1450.513306,-646.396667,-2602.952881,15.0,2.0
8359.129883,4194.04541,4310.71875,3973.265869,-547.271118,-1297.838257,-1451.655884,-647.424988,-2606.050537,15.0,2.0
8362.570312,4206.121582,4310.580078,3972.107422,-547.778809,-1298.635498,-1452.328979,-648.251343,-2603.394531,15.0,2.0
8365.969727,4205.136719,4309.566895,3970.900635,-549.447205,-1299.482788,-1452.678467,-648.475525,-2601.73999,15.0,2.0
8369.419922,4205.516602,4309.78125,3972.011475,-549.129517,-1299.796631,-1453.140625,-649.487793,-2600.69165,15.0,2.0
8372.879883,4205.436523,4309.263672,3971.642334,-549.874207,-1300.230225,-1453.806396,-649.685852,-2606.552002,15.0,2.0
8376.280273,4193.015137,4308.720215,3970.878418,-549.015381,-1300.750488,-1454.483276,-650.384583,-2621.298584,15.0,2.0
8379.719727,4193.111328,4308.17627,3971.174316,-549.760437,-1301.192871,-1455.341675,-651.225708,-2611.07959,15.0,2.0
8383.129883,4192.515137,4307.523437,3970.488281,-550.897522,-1302.54541,-1456.821655,-652.179565,-2619.599121,15.0,2.0
8386.570312,4192.06543,4306.78125,3969.959961,-552.749695,-1303.540527,-1457.818726,-652.815491,-2624.54834,15.0,2.0
8389.969727,4194.109863,4307.007324,3970.073242,-553.78125,-1303.68396,-1457.896118,-652.836487,-2611.426514,15.0,2.0
8393.419922,4192.432129,4306.535156,3970.36377,-553.448425,-1303.999756,-1458.755371,-653.614929,-2618.637939,15.0,2.0
8396.820312,4191.616699,4305.992676,3969.750244,-554.02594,-1305.21582,-1459.116089,-654.678833,-2610.319336,15.0,2.0
8400.280273,4191.844727,4305.69873,3969.707764,-553.731079,-1305.095703,-1460.197144,-654.718994,-2620.925537,15.0,2.0
8403.669922,4191.1875,4305.123047,3969.516357,-555.151489,-1307.958618,-1460.349243,-655.018982,-2644.758545,15.0,2.0
8407.129883,4191.458496,4305.394531,3969.339111,-555.639343,-1306.260498,-1461.347534,-655.929077,-2624.688965,15.0,2.0
8410.570312,4191.02002,4304.112793,3968.543945,-557.036682,-1308.067749,-1462.414551,-657.043091,-2646.316406,15.0,2.0
8413.969727,4190.214844,4303.697754,3968.692871,-558.45459,-1308.78418,-1463.536865,-658.472412,-2634.376709,15.0,2.0
8417.419922,4202.600586,4302.910645,3968.016113,-558.721802,-1309.294556,-1464.606934,-658.58374,-2634.198486,15.0,2.0
8420.879883,4202.350098,4302.888184,3968.316162,-557.532593,-1309.268799,-1464.72644,-658.66687,-2633.631348,15.0,2.0
8424.320312,4202.083008,4302.512207,3968.394531,-559.296265,-1310.196533,-1465.087036,-659.702209,-2643.757812,15.0,2.0
8427.669922,4200.806152,4301.909668,3968.321533,-560.012207,-1310.400391,-1465.550537,-659.948853,-2614.121582,15.0,2.0
8431.129883,4202.018555,4302.353027,3968.017578,-559.323547,-1310.727051,-1466.143433,-660.712769,-2615.330078,15.0,2.0
8434.530273,4189.209473,4301.937012,3968.531738,-559.930481,-1311.577759,-1466.497559,-660.522034,-2616.349121,15.0,2.0
8437.969727,4201.000977,4301.516602,3968.45166,-561.984436,-1312.375488,-1467.224487,-661.267151,-2619.096191,15.0,2.0
8441.469727,4201.306152,4301.270996,3968.795654,-563.168701,-1313.31189,-1468.456177,-662.505859,-2622.757568,16.0,3.0
8444.919922,4200.883789,4300.538086,3968.786621,-563.192017,-1314.05481,-1469.145996,-663.42926,-2614.256104,16.0,3.0
8448.320312,4188.75293,4300.351074,3968.454346,-563.217224,-1314.406982,-1469.752197,-664.533081,-2621.901611,16.0,3.0
8451.780273,4189.213379,4300.166992,3968.455078,-562.945801,-1314.947021,-1470.512207,-664.735291,-2621.935791,16.0,3.0
8455.219727,4188.806152,4299.847168,3968.491455,-563.272095,-1314.639526,-1470.615723,-665.002563,-2618.240234,16.0,3.0
8458.629883,4187.947266,4299.441406,3968.171631,-565.057312,-1315.56189,-1471.132935,-665.2995,-2623.720459,16.0,3.0
8462.070312,4188.086914,4299.055176,3968.148926,-565.628296,-1316.83606,-1471.873779,-666.097534,-2646.236816,16.0,3.0
8465.469727,4187.595703,4298.814941,3968.974854,-567.06134,-1317.180298,-1472.632202,-666.807739,-2624.678223,16.0,3.0
8468.919922,4188.060547,4298.651855,3969.227539,-566.189941,-1317.407471,-1471.499268,-662.940796,-2615.963135,16.0,3.0
8472.320312,4186.761719,4298.168457,3968.339111,-556.038513,-1288.854736,-1421.028687,-600.993408,-2542.84082,16.0,3.0
8475.719727,4194.048828,4327.291992,3979.6521,-373.323792,-1091.860962,-1239.096924,-440.695892,-2429.457031,16.0,3.0
8479.129883,4256.029297,4428.491699,3970.149658,-443.975677,-1265.9646,-1415.10083,-560.512207,-2471.138672,16.0,3.0
8482.570312,4122.624512,4244.268066,3948.520996,-659.740723,-1396.127808,-1527.649048,-695.647644,-2607.605957,16.0,3.0
8485.969727,3995.659424,4149.143555,3873.290771,-736.49646,-1458.80896,-1588.755249,-763.337219,-2752.278809,16.0,3.0
8489.379883,4401.115234,4136.942871,3965.410889,-1162.973633,-1834.747681,-1895.596313,-981.24054,-2814.280273,16.0,3.0
8492.820312,4364.339844,4091.737793,3616.727051,-3906.860352,-4283.272949,-2590.945312,-1275.58313,-5187.758301,16.0,3.0
8496.219727,2845.915527,2075.33667,3552.313232,-761.254822,-1077.750366,-1023.486755,-1704.25293,-6889.811523,16.0,3.0
8499.669922,3714.334229,3504.269531,3247.852783,185.312515,-1175.661011,-2683.438721,-4574.486816,-6687.127441,16.0,3.0
8503.070312,4910.75,3881.406006,2763.7854,-903.134888,-2381.872559,-3327.223877,-3411.536133,-6754.943359,16.0,3.0
8506.629883,3560.910889,4170.710449,3595.395752,190.45813,-937.262573,-2322.946777,-3076.059814,-5088.720703,16.0,3.0
8510.030273,4108.172363,3826.332764,3734.977783,-1566.634888,-677.161438,-5598.14502,-1283.176392,-5434.561035,16.0,3.0
8513.469727,3762.560303,3612.195068,4057.904297,-1049.004028,-5021.70166,-2671.202393,-1573.997803,-7234.28418,16.0,3.0
8516.879883,3654.662598,4015.125244,3821.096191,-1084.515747,-4199.844727,-3519.402344,-1613.817993,-7290.449707,16.0,3.0
8520.320312,3730.535156,3648.491699,3670.266602,-730.174255,-4176.276367,-2931.947998,-2272.86499,-7219.313965,16.0,3.0
8523.719727,3706.832031,3622.62793,3528.029541,-4501.581055,-5219.5,-4410.912598,-4168.777344,-5655.016602,16.0,3.0
8527.169922,3815.07666,3800.022949,3672.941406,-1012.252075,-1899.622681,-3991.458008,-2975.214355,-6285.571289,16.0,3.0
8530.570312,3632.481201,3923.641113,3633.770996,-274.995728,-1044.02356,-2679.303223,-2035.914307,-6762.322754,16.0,3.0
8534.030273,3466.839844,4102.45166,3524.859131,-69.749023,-698.447998,-4075.445557,-3573.988525,-6515.791016,16.0,3.0
8537.469727,3292.943604,4044.958496,3514.447021,-354.290955,-885.430908,-2155.277588,-6049.421875,-6075.245605,16.0,3.0
8540.879883,3380.083008,4091.956787,3583.755371,-286.443359,-1006.263794,-1370.377319,-2344.000732,-5376.231934,16.0,3.0
8544.280273,3685.418457,3993.85498,3495.835205,-19.657293,-1089.301758,-1729.36731,-2145.169189,-5935.175293,16.0,3.0
8547.669922,3750.129883,3996.522461,3593.227539,-992.534119,-3784.705566,-4240.837891,-3600.571533,-6394.987793,16.0,3.0
8551.070312,3377.673828,3790.922363,3446.878906,-648.98114,-1305.273804,-1887.575195,-5272.109863,-5241.306152,16.0,3.0
8554.469727,3580.956055,3780.150879,3505.270752,-650.06842,-1667.737671,-2033.454834,-2204.540039,-6105.973145,16.0,3.0
8557.919922,3653.333008,3821.917236,3590.952881,-763.775513,-2512.604736,-3475.952637,-3139.781982,-6454.491699,16.0,3.0
8561.379883,3356.416992,3757.23291,3563.837402,-847.725891,-1438.05127,-1688.079956,-1713.745728,-5899.016602,16.0,3.0
8564.879883,3650.586182,3806.273193,3669.379395,-805.542969,-1550.6521,-1885.561279,-1501.080811,-6578.26123,16.0,3.0
8568.280273,3515.578857,3978.533203,3756.415283,-994.203186,-1687.731445,-1860.041992,-1884.737061,-6175.185547,16.0,3.0
8571.719727,3827.522461,4002.541748,3784.517578,-885.810547,-1648.942017,-1901.796265,-1277.470825,-6102.120605,16.0,3.0
8575.219727,4121.026367,4056.738037,3806.570801,-876.514404,-1625.689209,-1930.605347,-1328.572388,-6251.381836,16.0,3.0
8578.629883,4020.736816,3981.313477,3773.483643,-1078.790039,-1715.705444,-1893.860962,-4080.466797,-5826.081055,16.0,3.0
8582.070312,3743.055908,3892.118408,3682.873779,-1029.879517,-1756.86792,-1973.4823,-1784.129395,-6066.81543,16.0,3.0
8585.469727,3641.643066,3865.533936,3707.966064,-992.534241,-1678.401123,-1909.724854,-2066.857178,-5751.895508,16.0,3.0
8588.919922,3653.659668,3850.878662,3685.193115,-906.490417,-1651.053833,-1966.143677,-1783.685181,-5906.141602,16.0,3.0
8592.320312,3565.334229,3891.119141,3753.343506,-992.69342,-1666.47522,-2004.524658,-2834.980957,-5763.962891,16.0,3.0
8595.820312,3524.072754,3785.625,3697.675537,-1064.805664,-1762.463623,-2028.270142,-1641.656982,-5962.602051,16.0,3.0
8599.219727,3712.052246,3922.614502,3779.219727,-1173.014282,-1856.067505,-2089.520264,-1373.561768,-5942.04248,16.0,3.0
8602.669922,3804.215576,3967.272949,3795.955811,-1172.09375,-1878.155273,-2043.812988,-2219.470703,-5579.732422,16.0,3.0
8606.030273,3740.143066,3835.974365,3750.371582,-1111.678589,-1798.97168,-2052.125,-2841.424805,-4977.717285,16.0,3.0
8609.469727,3676.665527,3801.137451,3639.327393,-1119.11084,-2389.08667,-3458.90625,-4515.959961,-5163.179199,16.0,3.0
8612.879883,3594.480713,3531.020752,3535.330566,-1428.135742,-2189.014893,-2684.87207,-3807.337402,-5154.547852,16.0,3.0
8616.320312,3627.648926,3608.726074,3579.31543,-1538.143677,-2521.861328,-3880.246338,-4985.544922,-4752.159668,16.0,3.0
8619.780273,3697.754883,3438.605225,3596.261475,-1837.195679,-2575.631836,-3334.534912,-4796.811523,-4543.785645,16.0,3.0
8623.169922,3678.367432,3528.655762,3540.906982,-1608.755615,-2545.092285,-3831.229492,-4998.25293,-4372.068359,16.0,3.0
8626.629883,3664.369385,3460.228271,3550.082764,-1831.994507,-2632.848633,-3674.357422,-5009.424316,-4392.818359,16.0,3.0
8629.969727,3670.2229,3456.632324,3566.633057,-1823.73291,-2621.501465,-3739.304932,-5036.432617,-4338.731445,16.0,3.0
8633.419922,3691.349121,3434.918701,3580.250244,-1942.695557,-2848.273926,-4069.301514,-5002.797852,-4265.428223,16.0,3.0
8636.780273,3728.55957,3406.545898,3606.45752,-2083.255859,-2999.488281,-4177.678223,-4975.870117,-4243.902344,16.0,3.0
8640.219727,3746.455322,3400.302246,3603.821289,-2058.375244,-2927.711914,-4037.357422,-4982.547363,-4261.247559,16.0,3.0
8643.629883,3739.224854,3415.294434,3571.077637,-1987.065674,-2890.153809,-4109.677734,-4942.691406,-4213.649902,16.0,3.0
8647.070312,3712.568115,3411.618408,3613.586182,-2116.633057,-3048.234619,-4230.603516,-4882.533203,-4181.309082,16.0,3.0
8650.469727,3752.809326,3404.957031,3606.905273,-2119.934814,-3055.150146,-4253.378418,-4831.387695,-4137.530762,16.0,3.0
8653.919922,3752.077637,3400.869629,3600.654053,-2177.887939,-3117.971924,-4287.315918,-4795.239746,-4123.995605,16.0,3.0
8657.379883,3757.325195,3404.160645,3596.186279,-2142.255859,-3074.970703,-4222.07959,-4778.16748,-4120.73877,16.0,3.0
8660.780273,3775.007568,3406.19458,3598.689453,-2090.729248,-2925.600586,-4039.179687,-4801.813477,-4101.882324,16.0,3.0
8664.219727,3775.814209,3424.70459,3593.254639,-2003.300415,-2813.553955,-3896.863281,-4790.317383,-4099.04834,16.0,3.0
8667.629883,3764.803223,3418.592285,3585.342041,-1941.810913,-2775.136963,-3849.846924,-4770.980469,-4084.381836,16.0,3.0
8671.070312,3755.802246,3419.390137,3598.873779,-1962.709473,-2804.374756,-3897.081787,-4717.968262,-4051.723633,16.0,3.0
8674.469727,3767.871094,3428.900879,3585.197998,-1976.146973,-2742.862549,-3796.174561,-4705.786133,-4063.90918,16.0,3.0
8677.919922,3780.246338,3427.217041,3599.38623,-1942.830444,-2680.688232,-3727.617432,-4673.407715,-4045.419922,16.0,3.0
8681.320312,3783.032959,3446.267334,3601.45874,-1905.229248,-2659.008057,-3707.15332,-4624.355469,-4037.984375,16.0,3.0
8684.780273,3745.415527,3436.627197,3596.768555,-1910.145264,-2651.158447,-3612.660889,-4597.003906,-4014.077393,16.0,3.0
8688.129883,3767.153076,3445.13916,3593.942139,-1851.873657,-2591.582031,-3558.1604,-4570.739746,-4029.812256,16.0,3.0
8691.570312,3784.73877,3459.818359,3618.426025,-1842.028076,-2578.861816,-3542.681885,-4548.727539,-4007.209229,16.0,3.0
8694.969727,3784.546875,3461.112793,3603.602051,-1871.042114,-2568.969727,-3494.317871,-4471.996582,-4009.689941,16.0,3.0
8698.419922,3776.378174,3459.890137,3601.518799,-1862.485352,-2537.77417,-3466.418457,-4480.757812,-3994.322998,16.0,3.0
8701.879883,3794.455078,3471.927246,3611.130127,-1819.826782,-2503.796143,-3367.956055,-4415.539551,-3990.744141,16.0,3.0
8705.280273,3782.372803,3479.421143,3614.727539,-1779.567871,-2451.834961,-3287.904541,-4366.237305,-3989.407715,16.0,3.0
8708.719727,3767.377197,3470.69043,3574.291504,-1731.662964,-2363.991943,-3113.947266,-4328.955566,-3985.04834,16.0,3.0
8712.129883,3748.536377,3487.724121,3616.726074,-1703.978516,-2307.144775,-3019.650391,-4271.229492,-4014.101074,16.0,3.0
8715.570312,3783.756348,3508.208252,3614.4646,-1673.565186,-2282.201904,-2994.216064,-4225.316406,-3987.486816,16.0,3.0
8718.919922,3767.138184,3488.719238,3603.173828,-1657.357178,-2237.689697,-2862.814453,-4173.745117,-3990.844482,16.0,3.0
8722.379883,3788.138916,3510.471191,3635.34082,-1625.218018,-2213.98584,-2823.270508,-4126.413086,-3953.835937,16.0,3.0
8725.780273,3803.265381,3509.875244,3632.071045,-1605.933838,-2206.598877,-2763.776123,-4079.749023,-3973.827393,16.0,3.0
8729.219727,3764.547363,3515.743408,3625.523193,-1592.533447,-2192.949463,-2755.264404,-4013.632568,-3964.042236,16.0,3.0
8732.629883,3789.376953,3522.814941,3634.130127,-1604.408936,-2186.460449,-2762.608643,-3972.121826,-3962.620117,16.0,3.0
8736.070312,3793.998535,3519.704102,3623.957275,-1584.807861,-2169.077148,-2659.786865,-3913.246338,-3965.620361,16.0,3.0
8739.530273,3800.548584,3529.431885,3625.103271,-1555.519287,-2133.927246,-2560.488281,-3826.116699,-3976.25293,16.0,3.0
8742.919922,3784.544678,3530.511475,3636.589111,-1567.243408,-2132.637451,-2582.1604,-3783.154541,-3941.99292,16.0,3.0
8746.379883,3782.928467,3548.526123,3634.979736,-1535.633911,-2124.172119,-2546.034668,-3756.676025,-3940.382568,16.0,3.0
8749.780273,3790.912598,3512.588867,3527.971191,-1537.626953,-2119.643799,-2512.455322,-3647.149658,-3951.411377,16.0,3.0
8753.219727,3792.148437,3507.330566,3643.824951,-1547.435913,-2110.515869,-2503.950195,-3603.210205,-3952.406494,16.0,3.0
8756.629883,3790.795654,3543.645752,3643.792969,-1551.000244,-2105.916504,-2520.606689,-3548.552246,-3854.494629,16.0,3.0
8760.070312,3795.98877,3514.578369,3642.857178,-1521.607056,-2122.050537,-2479.454834,-3505.709229,-3938.091553,16.0,3.0
8763.469727,3815.355957,3560.099121,3652.857666,-1544.110962,-2118.378906,-2508.001709,-3469.887695,-3914.302002,16.0,3.0
8766.919922,3793.782959,3545.370361,3641.841797,-1544.744385,-2133.008545,-2493.466064,-3399.853271,-3922.364258,16.0,3.0
8770.320312,3800.307373,3546.904541,3642.822266,-1529.478394,-2133.028809,-2486.835449,-3373.854736,-3915.798096,16.0,3.0
8773.780273,3815.241699,3544.224854,3641.022949,-1530.510986,-2125.145752,-2514.114746,-3343.393066,-3905.642822,16.0,3.0
8777.169922,3790.380615,3544.209473,3650.676514,-1539.094604,-2111.00293,-2500.084229,-3288.397461,-3881.156006,16.0,3.0
8780.629883,3772.071045,3534.902344,3646.241211,-1539.218018,-2141.876709,-2512.044434,-3264.618164,-3872.663086,16.0,3.0
8784.070312,3809.476074,3543.933105,3636.347168,-1540.477783,-2131.519287,-2532.022217,-3233.944336,-3868.635254,16.0,3.0
8787.469727,3829.944336,3522.907959,3638.804932,-1544.420776,-2141.080078,-2504.963135,-3188.346924,-3878.027832,16.0,3.0
8790.919922,3831.223633,3539.67041,3641.900879,-1544.240234,-2159.529297,-2514.862793,-3147.5896,-3858.280029,16.0,3.0
8794.320312,3827.342773,3558.832275,3652.697998,-1535.955933,-2154.881836,-2548.488037,-3144.143555,-3847.342529,16.0,3.0
8797.719727,3828.801025,3555.361816,3636.876465,-1540.732422,-2160.419678,-2558.67749,-3116.437256,-3836.765137,16.0,3.0
8801.129883,3811.898193,3562.605225,3629.578369,-1551.912231,-2157.539062,-2549.828857,-3083.162842,-3834.466797,16.0,3.0
8804.570312,3843.123047,3557.554687,3644.423096,-1556.277466,-2158.63623,-2619.093262,-3040.609131,-3819.234619,16.0,3.0
8807.969727,3847.009521,3542.405029,3657.618164,-1556.713501,-2145.311768,-2593.638428,-3018.10791,-3809.737061,16.0,3.0
8811.419922,3844.801758,3549.588379,3639.668701,-1573.174194,-2162.214844,-2557.088135,-2992.968506,-3806.263184,16.0,3.0
8814.780273,3843.703857,3574.234375,3651.635742,-1587.228638,-2172.736816,-2562.598633,-2965.175049,-3789.535889,16.0,3.0
8818.219727,3853.92334,3564.715332,3634.929687,-1603.261963,-2184.969482,-2615.448242,-2924.156494,-3775.954102,16.0,3.0
8821.669922,3853.550049,3561.222412,3609.904053,-1595.713989,-2200.279297,-2662.135742,-2866.5,-3768.675781,16.0,3.0
8825.030273,3860.733643,3571.993896,3619.024658,-1604.203125,-2191.408691,-2747.561523,-2783.094727,-3750.478271,16.0,3.0
8828.469727,3824.879395,3558.229492,3629.119141,-1625.782959,-2217.294189,-2771.428711,-2779.782959,-3730.370361,16.0,3.0
8831.879883,3853.608643,3548.880615,3631.169678,-1664.866577,-2211.854004,-2833.844238,-2670.684326,-3729.19165,16.0,3.0
8835.320312,3864.038818,3569.97998,3625.330566,-1676.806274,-2240.806885,-2888.035156,-2640.594727,-3707.160156,16.0,3.0
8838.719727,3853.523682,3575.983154,3616.058105,-1700.795288,-2256.538086,-2903.928467,-2595.376709,-3710.043457,16.0,3.0
8842.169922,3854.302002,3558.511475,3624.439941,-1705.770386,-2268.001465,-2942.001953,-2540.205811,-3702.126465,16.0,3.0
8845.570312,3863.717773,3589.432129,3608.982422,-1719.057739,-2314.507324,-3129.545166,-2442.56665,-3683.13623,16.0,3.0
8849.030273,3881.710693,3575.019043,3612.036377,-1770.018677,-2407.473633,-3233.925293,-2361.126953,-3656.813232,16.0,3.0
8852.419922,3877.305908,3571.360107,3580.117187,-1827.960327,-2438.547119,-3177.133789,-2384.262451,-3667.586182,16.0,3.0
8855.879883,3876.749512,3585.290039,3610.316162,-1816.645264,-2408.132568,-3170.867187,-2376.979736,-3663.199219,16.0,3.0
8859.219727,3876.443359,3589.216553,3590.898437,-1820.857056,-2477.155518,-3317.335449,-2275.133057,-3653.162842,16.0,3.0
8862.669922,3877.128662,3593.562988,3594.600586,-1892.901855,-2557.241211,-3265.879639,-2293.993408,-3652.727539,16.0,3.0
8866.129883,3886.300781,3594.349121,3591.624268,-1891.298828,-2538.796387,-3255.839844,-2271.065674,-3644.121094,16.0,3.0
8869.530273,3910.687012,3544.947266,3598.268066,-1891.951904,-2600.22168,-3336.841064,-2153.126465,-3610.95166,16.0,3.0
8872.969727,3885.354004,3584.38208,3593.181396,-2009.363647,-2815.539307,-3329.491455,-2180.250244,-3614.826904,16.0,3.0
8876.379883,3912.80957,3615.424316,3623.400391,-2031.894165,-2726.338379,-3279.177002,-2195.68335,-3634.271973,16.0,3.0
8879.820312,3900.759766,3639.83374,3610.330566,-1971.920532,-2633.695557,-3276.148193,-2160.787109,-3611.462158,16.0,3.0
8883.219727,3857.205811,3627.375,3599.243652,-1951.977783,-2735.342773,-3296.404053,-2140.868652,-3624.339355,16.0,3.0
8886.669922,3906.30127,3639.471436,3600.839111,-2005.266357,-2758.070801,-3288.734619,-2106.449951,-3607.739502,16.0,3.0
8890.070312,3904.802246,3637.830566,3603.692871,-2044.730347,-2765.570312,-3279.292725,-2092.698975,-3588.473389,16.0,3.0
8893.530273,3919.435303,3538.960449,3591.302246,-2048.696289,-2826.008545,-3243.684814,-2053.805664,-3587.078857,16.0,3.0
8896.919922,3916.248779,3634.834961,3600.928223,-2104.870361,-2858.919922,-3259.826416,-2067.128174,-3588.157959,16.0,3.0
8900.379883,3899.708008,3664.652588,3616.266602,-2095.812012,-2819.953613,-3239.026367,-2046.615479,-3564.36499,16.0,3.0
8903.820312,3859.349121,3651.641846,3608.228027,-2091.826416,-2935.744873,-3182.34375,-1958.843384,-3550.46875,16.0,3.0
8907.169922,3911.029541,3661.930664,3612.960205,-2162.969482,-2947.335937,-3176.111572,-1930.006592,-3534.483398,16.0,3.0
8910.629883,3916.237549,3660.165039,3581.67334,-2185.679687,-2965.694092,-3128.372559,-1865.47644,-3539.272949,16.0,3.0
8914.030273,3917.746826,3680.13501,3614.302734,-2051.499268,-2954.625244,-3009.253906,-1813.409668,-3507.397217,16.0,3.0
8917.469727,3910.825195,3698.030029,3612.478027,-2167.263672,-2934.089844,-2976.50415,-1819.285278,-3516.529297,16.0,3.0
8920.879883,3928.80957,3692.928223,3605.167236,-2148.463135,-2910.022217,-2982.505127,-1773.633911,-3499.452881,16.0,3.0
8924.469727,3888.706055,3707.094238,3655.127197,-2145.925293,-3087.478027,-2680.481689,-1714.086548,-3482.522217,17.0,1.0
8927.879883,3915.133789,3767.648193,3588.225586,-1971.99231,-2803.117432,-2862.414551,-1726.941528,-3489.513184,17.0,1.0
8931.320312,3930.628174,3744.151855,3634.262451,-2102.293457,-2791.528564,-2822.22998,-1706.691406,-3480.571289,17.0,1.0
8934.719727,3919.393066,3760.481201,3658.358643,-2083.52417,-2800.511475,-2817.380127,-1693.968018,-3474.675293,17.0,1.0
8938.169922,3947.24585,3741.809326,3678.017334,-2055.828857,-2767.622559,-2789.637207,-1693.75061,-3470.837646,17.0,1.0
8941.570312,3922.227539,3755.698486,3672.807373,-2063.89624,-2766.36084,-2773.02124,-1693.505981,-3467.484375,17.0,1.0
8945.030273,3930.755127,3777.360352,3689.437256,-2050.747803,-2780.268799,-2808.947266,-1706.70459,-3469.252197,17.0,1.0
8948.469727,3899.857666,3751.87207,3669.514648,-2032.052979,-2742.450928,-2786.384277,-1679.28479,-3456.81958,17.0,1.0
8951.879883,3938.126221,3753.233643,3663.517822,-2027.958984,-2730.358887,-2751.030029,-1660.011841,-3449.866455,17.0,1.0
8955.320312,3935.213867,3785.110596,3692.705322,-1970.080811,-2659.410645,-2664.306641,-1627.554077,-3471.437988,17.0,1.0
8958.719727,3914.517578,3758.257568,3726.313477,-1822.095581,-2479.706299,-2562.062012,-1646.692627,-3597.129883,17.0,1.0
8962.169922,3916.662354,3861.910889,3696.22168,-1643.93103,-2313.224854,-2414.549316,-1595.963379,-3201.003174,17.0,1.0
8965.570312,3921.629883,3919.274414,3786.976807,-1480.203003,-2179.526611,-2201.502197,-1297.702148,-3123.651367,17.0,1.0
8969.030273,3913.508301,3947.602783,3803.325928,-1380.788086,-2122.05542,-2228.982666,-1079.905029,-2921.171631,17.0,1.0
8972.419922,3922.147217,4003.439941,3747.549805,-1429.246094,-1987.713989,-1950.122437,-879.140198,-2869.780518,17.0,1.0
8975.879883,3911.291016,3982.166016,3679.295654,-1177.315552,-1703.582397,-1670.607056,-643.198303,-2667.554687,17.0,1.0
8979.280273,3983.815674,4044.620117,3673.843018,-886.325867,-1417.832642,-1443.213013,-543.968567,-2513.516357,17.0,1.0
8982.719727,4047.153809,4169.946777,3690.266357,-639.323853,-1227.203491,-1334.576294,-530.84314,-2310.388428,17.0,1.0
8986.169922,4007.143066,4256.233887,3722.584229,-493.349152,-1143.891968,-1277.599609,-501.038452,-2252.059814,17.0,1.0
8989.570312,4049.042236,4286.026855,3784.002197,-442.499908,-1099.007935,-1245.895508,-451.861084,-2274.864746,17.0,1.0
8993.030273,4179.177246,4323.333496,3851.457275,-401.847473,-1070.920898,-1211.700073,-385.663177,-2247.40918,17.0,1.0
8996.419922,4185.62793,4351.501953,3927.050781,-350.104401,-1044.072021,-1200.467407,-343.342651,-2214.557129,17.0,1.0
8999.879883,4192.376953,4395.147461,3970.876221,-323.164642,-1052.407715,-1180.57312,-308.124756,-2200.853516,17.0,1.0
9003.280273,4222.731445,4421.182617,3977.333984,-330.068756,-1033.681396,-1156.746216,-302.168671,-2190.301514,17.0,1.0
9006.719727,4239.001465,4421.878906,3982.218506,-312.143494,-1014.991333,-1142.693115,-279.242767,-2170.942139,17.0,1.0
9010.129883,4237.203125,4426.608398,3984.281006,-293.931,-1007.054504,-1135.84314,-274.546783,-2169.973877,17.0,1.0
9013.570312,4242.873535,4434.959961,3985.815918,-287.223114,-1002.229187,-1130.740234,-267.529144,-2163.559326,17.0,1.0
9016.969727,4243.649414,4437.240234,3986.165283,-284.551727,-999.503967,-1127.411011,-264.014069,-2161.38623,17.0,1.0
9020.419922,4245.062012,4437.223145,3986.616699,-285.34259,-996.134277,-1123.981934,-262.699249,-2159.468506,17.0,1.0
9023.780273,4246.359863,4436.987305,3986.644775,-282.79483,-993.364929,-1120.807617,-261.716858,-2158.603271,17.0,1.0
9027.219727,4248.993164,4436.289551,3985.908691,-280.909485,-991.187866,-1117.780029,-261.816498,-2155.237549,17.0,1.0
9030.669922,4240.720703,4436.032715,3985.849121,-280.389404,-988.95105,-1115.730957,-263.830231,-2153.478271,17.0,1.0
9034.070312,4241.232422,4435.220215,3986.579102,-279.117371,-986.98468,-1113.333496,-263.36554,-2151.871826,17.0,1.0
9037.530273,4242.82959,4434.731445,3987.04248,-276.482605,-984.945068,-1111.596802,-261.908447,-2150.201172,17.0,1.0
9040.919922,4242.062012,4433.612793,3987.156006,-275.608337,-983.465637,-1109.556885,-261.968658,-2148.067871,17.0,1.0
9044.379883,4242.805664,4434.398437,3987.198486,-272.933441,-981.387207,-1107.661011,-260.969788,-2148.348145,17.0,1.0
9047.780273,4242.717285,4433.508789,3987.687744,-272.400482,-979.741577,-1106.189209,-261.950623,-2146.361328,17.0,1.0
9051.219727,4241.336914,4433.969238,3987.998291,-272.326172,-977.765808,-1104.515015,-260.983765,-2143.953613,17.0,1.0
9054.629883,4251.670898,4433.460449,3987.909912,-269.536926,-975.887207,-1103.255615,-259.789093,-2143.295898,17.0,1.0
9058.070312,4252.950195,4433.791504,3988.276123,-268.800568,-974.853943,-1100.843384,-260.651642,-2141.000488,17.0,1.0
9061.469727,4252.577637,4433.342285,3988.303711,-268.141083,-972.932922,-1099.453369,-258.948822,-2142.330078,17.0,1.0
9064.919922,4245.96582,4433.82373,3988.973633,-266.095032,-971.436096,-1098.392456,-257.956085,-2139.359131,17.0,1.0
9068.379883,4246.756836,4433.65918,3988.531982,-264.268127,-970.536682,-1097.908081,-257.308441,-2141.789551,17.0,1.0
9071.719727,4246.48877,4433.179199,3989.352783,-263.325348,-969.684387,-1097.2052,-256.906677,-2139.326172,17.0,1.0
9075.169922,4247.678223,4433.615234,3989.498535,-263.390045,-968.850464,-1096.045776,-254.930084,-2141.080078,17.0,1.0
9078.570312,4247.644531,4432.879395,3988.961426,-262.718994,-967.773499,-1095.734741,-254.286346,-2140.329346,17.0,1.0
9082.030273,4248.373535,4432.968262,3989.694092,-260.899353,-967.441956,-1095.329834,-253.005478,-2142.042725,17.0,1.0
9085.419922,4247.566895,4432.688965,3989.641846,-262.013733,-966.398926,-1094.988892,-251.866516,-2141.375244,17.0,1.0
9088.879883,4248.537109,4432.70459,3989.647705,-261.056671,-965.428711,-1094.131714,-250.537003,-2141.367187,17.0,1.0
9092.280273,4248.45752,4432.317383,3989.85376,-259.833374,-965.067444,-1094.898193,-248.912201,-2134.263916,17.0,1.0
9095.780273,4249.11377,4432.791992,3989.858154,-259.91153,-964.199036,-1092.84436,-247.701035,-2142.971924,17.0,1.0
9099.169922,4249.312012,4432.602539,3990.005859,-259.510376,-964.290039,-1092.553223,-247.359726,-2140.767334,17.0,1.0
9102.629883,4249.546875,4432.319336,3989.758545,-257.163544,-962.259583,-1091.925171,-246.504227,-2142.695557,17.0,1.0
9106.030273,4256.492187,4432.359863,3990.60083,-256.873901,-962.769775,-1091.509155,-246.254333,-2141.052979,17.0,1.0
9109.469727,4256.550293,4432.070312,3990.388428,-256.707184,-962.453796,-1091.325317,-244.881241,-2141.786865,17.0,1.0
9112.919922,4256.556641,4432.280273,3990.085693,-257.075714,-961.821289,-1091.171021,-244.024582,-2141.095703,17.0,1.0
9116.320312,4256.026367,4431.331543,3990.05249,-257.492584,-962.55365,-1091.99585,-244.709381,-2141.267334,17.0,1.0
9119.780273,4257.066406,4430.833984,3990.047363,-256.233887,-962.081238,-1091.357666,-244.664688,-2142.406738,17.0,1.0
9123.169922,4249.932129,4430.515137,3990.014893,-257.796631,-962.356689,-1091.657104,-243.625977,-2142.884521,17.0,1.0
9126.629883,4250.759277,4430.265137,3990.291504,-256.35083,-961.796143,-1091.717773,-245.204605,-2144.31958,17.0,1.0
9130.030273,4250.105469,4429.401855,3989.934082,-256.764252,-962.529358,-1091.826294,-243.353989,-2142.870361,17.0,1.0
9133.469727,4250.28125,4429.324707,3989.616699,-258.578979,-962.337341,-1092.333618,-243.961075,-2146.205078,17.0,1.0
9136.879883,4249.673828,4428.495605,3989.806152,-257.942657,-962.421448,-1092.307495,-243.564056,-2143.312256,17.0,1.0
9140.320312,4250.524902,4428.595215,3989.891357,-256.909332,-962.593445,-1092.60791,-243.323792,-2145.217773,17.0,1.0
9143.719727,4249.724609,4427.526367,3989.647949,-258.89682,-963.265259,-1092.752563,-244.190857,-2144.599121,17.0,1.0
9147.169922,4250.353027,4427.523437,3989.962402,-258.619202,-962.90564,-1092.579712,-244.184082,-2143.012207,17.0,1.0
9150.629883,4250.233398,4427.205078,3990.009277,-257.608246,-963.127625,-1093.111328,-243.976135,-2147.411621,17.0,1.0
9154.030273,4250.17627,4426.590332,3989.74292,-257.391876,-963.601257,-1093.131836,-243.643555,-2144.047363,17.0,1.0
9157.469727,4250.791992,4426.503906,3989.817871,-258.046478,-962.959778,-1093.593384,-244.036728,-2143.30127,17.0,1.0
9160.879883,4250.021973,4426.007812,3989.635254,-257.650238,-963.445618,-1093.625854,-243.477051,-2147.462646,17.0,1.0
9164.320312,4250.488281,4425.847168,3989.672607,-257.902649,-963.453369,-1093.612305,-244.377426,-2144.45752,17.0,1.0
9167.719727,4250.260254,4425.567383,3990.046875,-259.177917,-963.230286,-1093.18689,-244.153595,-2145.891357,17.0,1.0
9171.169922,4250.875,4425.293457,3990.104492,-258.738861,-963.52771,-1093.625122,-244.351852,-2143.332764,17.0,1.0
9174.570312,4249.902832,4424.64502,3989.932373,-258.941772,-964.270874,-1094.334839,-244.669754,-2145.303223,17.0,1.0
9177.969727,4250.574707,4424.333984,3989.88501,-257.726074,-963.252197,-1093.609375,-243.223053,-2146.708496,17.0,1.0
9181.379883,4250.523926,4424.162598,3989.390137,-258.999969,-963.454651,-1093.941162,-243.151306,-2145.27417,17.0,1.0
9184.820312,4251.0625,4423.469238,3989.960693,-258.412933,-962.770752,-1092.959229,-243.239166,-2144.053223,17.0,1.0
9188.219727,4250.480957,4423.582031,3989.763672,-259.314056,-962.768738,-1093.518433,-242.605698,-2144.320801,17.0,1.0
9191.669922,4250.87793,4423.382324,3990.056885,-259.179352,-962.949402,-1093.057739,-242.525177,-2143.928955,17.0,1.0
9195.129883,4251.099609,4422.834473,3989.768555,-258.342468,-962.736267,-1092.970093,-242.586365,-2146.598389,17.0,1.0
9198.530273,4250.786133,4422.568848,3989.729248,-258.434845,-963.110657,-1093.236816,-242.721924,-2143.155273,17.0,1.0
9201.969727,4250.008301,4421.953125,3989.475342,-258.267456,-962.642151,-1092.783447,-242.739548,-2145.356934,17.0,1.0
9205.379883,4249.489746,4421.791016,3989.148926,-259.194916,-962.464355,-1092.899536,-243.31665,-2149.517578,17.0,1.0
9208.820312,4250.483887,4421.592285,3989.400879,-258.931274,-962.602234,-1092.982666,-243.472488,-2146.650146,17.0,1.0
9212.219727,4256.068848,4421.021484,3989.121094,-259.806976,-962.813782,-1092.775146,-242.785278,-2142.138428,17.0,1.0
9215.669922,4256.25293,4421.036133,3989.281006,-257.594055,-962.15033,-1091.146973,-242.510757,-2145.802002,17.0,1.0
9219.070312,4256.161133,4420.700195,3989.442627,-258.122894,-962.687378,-1092.11499,-242.035385,-2146.037354,17.0,1.0
9222.530273,4250.87793,4420.659668,3989.249268,-257.639496,-961.867676,-1092.847412,-241.505585,-2147.793701,17.0,1.0
9225.919922,4250.084473,4420.437988,3989.595947,-258.412445,-961.684265,-1092.270752,-241.721176,-2146.610596,17.0,1.0
9229.379883,4250.974609,4420.362305,3989.780762,-257.540588,-961.976196,-1092.42334,-241.649338,-2147.553955,17.0,1.0
9232.820312,4250.990723,4419.92627,3989.592285,-256.876587,-961.411499,-1092.415527,-242.171768,-2148.136719,17.0,1.0
9236.219727,4250.624512,4419.720215,3989.553223,-258.477966,-961.695251,-1092.177734,-241.40155,-2149.277588,17.0,1.0
9239.669922,4251.068848,4419.539062,3989.976318,-257.963867,-961.101196,-1091.852905,-237.724228,-2148.331299,17.0,1.0
9243.030273,4250.128418,4418.831055,3989.839111,-257.282288,-961.129639,-1092.463379,-241.107803,-2149.503906,17.0,1.0
9246.469727,4250.945801,4419.796875,3990.128418,-255.630341,-960.900452,-1092.121338,-241.498749,-2148.942383,17.0,1.0
9249.879883,4250.298828,4418.185059,3990.186279,-256.747223,-960.66803,-1091.667236,-240.89711,-2150.986572,17.0,1.0
9253.320312,4250.680664,4417.694336,3989.575684,-257.938446,-961.529846,-1092.171875,-240.802292,-2150.365234,17.0,1.0
9256.719727,4248.892578,4417.361328,3989.14624,-259.160706,-962.019165,-1092.375,-240.828354,-2153.510742,17.0,1.0
9260.169922,4250.704102,4417.160645,3989.854004,-258.51532,-961.53833,-1092.246826,-241.434204,-2150.560303,17.0,1.0
9263.570312,4249.888672,4416.573242,3989.39917,-258.48291,-962.305908,-1092.480835,-241.66275,-2151.918213,17.0,1.0
9267.030273,4250.595703,4416.084473,3989.546387,-257.777344,-962.51532,-1093.043335,-241.310638,-2149.553467,17.0,1.0
9270.419922,4250.113281,4416.764648,3989.897705,-257.820587,-961.815918,-1092.631714,-241.025711,-2148.390869,17.0,1.0
9273.879883,4250.399902,4416.142578,3989.519287,-257.632385,-961.92749,-1093.196777,-242.254578,-2150.528076,17.0,1.0
9277.320312,4256.234375,4415.920898,3990.002441,-259.477051,-962.997925,-1093.642212,-242.598434,-2149.618408,17.0,1.0
9280.719727,4250.081055,4415.4375,3989.705078,-259.456726,-962.848145,-1093.476196,-242.032181,-2150.59668,17.0,1.0
9284.169922,4249.962891,4414.523926,3989.586914,-260.239105,-963.325256,-1094.43396,-242.815338,-2150.109863,17.0,1.0
9287.570312,4249.053711,4414.528809,3989.1604,-259.598938,-963.572021,-1094.593994,-243.422592,-2153.281494,17.0,1.0
9291.030273,4256.01416,4414.321777,3989.079346,-259.793945,-963.858582,-1095.127563,-243.285934,-2154.173096,17.0,1.0
9294.419922,4254.20459,4413.771484,3988.806396,-260.726288,-964.231384,-1095.334351,-243.180847,-2150.654785,17.0,1.0
9297.879883,4249.267578,4413.520996,3988.643066,-259.064117,-964.157288,-1095.62793,-243.683334,-2154.822754,17.0,1.0
9301.280273,4248.860352,4413.158691,3988.977539,-259.181702,-964.878357,-1095.929687,-244.970139,-2153.802979,17.0,1.0
9304.719727,4249.336914,4410.161621,3988.684326,-261.056061,-965.365112,-1096.751709,-245.067612,-2153.234375,17.0,1.0
9308.129883,4248.586914,4412.189453,3988.436035,-261.152924,-965.203125,-1096.691284,-244.469269,-2152.922607,17.0,1.0
9311.570312,4248.796875,4411.824707,3988.613037,-261.979462,-965.941284,-1097.089844,-246.181503,-2154.033447,17.0,1.0
9314.969727,4248.760742,4411.624023,3988.503174,-263.029449,-965.999939,-1097.251099,-245.91925,-2157.184814,17.0,1.0
9318.379883,4248.768066,4411.375977,3988.770508,-261.825623,-966.410278,-1097.808105,-246.54184,-2154.503418,17.0,1.0
9321.820312,4248.710449,4410.475586,3988.684326,-263.000122,-966.780396,-1097.848755,-247.299393,-2154.422363,17.0,1.0
9325.219727,4248.702148,4410.500977,3988.615479,-263.426971,-966.646484,-1097.997559,-247.882416,-2157.556641,17.0,1.0
9328.669922,4248.633301,4410.131348,3988.646973,-263.313293,-967.12616,-1098.311279,-247.51001,-2157.068848,17.0,1.0
9332.070312,4253.272461,4409.584961,3987.728027,-263.72052,-967.860168,-1098.699829,-248.474762,-2155.541504,17.0,1.0
9335.530273,4248.082031,4408.961914,3987.9021,-262.786255,-968.167053,-1099.391602,-248.567139,-2155.026123,17.0,1.0
9338.879883,4247.516113,4408.482422,3988.039795,-263.061249,-967.961304,-1099.502808,-249.17482,-2157.051514,17.0,1.0
9342.320312,4248.106934,4408.663574,3987.480225,-264.38446,-968.454468,-1099.724121,-249.109009,-2152.924561,17.0,1.0
9345.669922,4252.650879,4407.856934,3988.068115,-264.898773,-968.812195,-1100.36853,-249.647919,-2155.936035,17.0,1.0
9349.129883,4252.966797,4407.528809,3988.200928,-264.497986,-968.471497,-1100.25061,-249.145889,-2157.760498,17.0,1.0
9352.530273,4247.092285,4407.621094,3987.651611,-263.438477,-968.741211,-1100.471436,-248.938156,-2158.503906,17.0,1.0
9355.969727,4247.975586,4407.091797,3988.163818,-264.423431,-968.910339,-1100.527222,-250.004807,-2154.92627,17.0,1.0
9359.419922,4247.766602,4406.768555,3988.338623,-264.738373,-968.710937,-1100.555542,-249.139954,-2155.357178,17.0,1.0
9362.780273,4246.680664,4406.353027,3988.728271,-263.797089,-968.467957,-1100.242676,-248.810516,-2155.071777,17.0,1.0
9366.219727,4247.511719,4406.390137,3988.289062,-264.519745,-969.149414,-1100.65332,-249.323746,-2158.315918,17.0,1.0
9369.629883,4246.933105,4405.509766,3988.126465,-265.589752,-968.644897,-1101.01062,-249.580414,-2154.958496,17.0,1.0
9373.129883,4247.608887,4405.460937,3988.295654,-265.165283,-969.1651,-1100.882202,-249.17186,-2155.723633,17.0,1.0
9376.530273,4246.97998,4404.823242,3987.987549,-265.083984,-969.252869,-1100.935059,-249.573624,-2156.909912,17.0,1.0
9379.969727,4253.144531,4404.969727,3988.28418,-265.021027,-969.289185,-1100.973389,-249.367767,-2155.751709,17.0,1.0
9383.379883,4252.495605,4404.339355,3988.234619,-265.233246,-969.46106,-1100.950317,-248.842377,-2157.076172,17.0,1.0
9386.820312,4252.668457,4404.10791,3988.044434,-265.130432,-969.348267,-1101.109619,-249.17778,-2159.489746,17.0,1.0
9390.219727,4252.624512,4403.531738,3988.345947,-267.239899,-969.514282,-1101.254395,-249.839294,-2158.641846,17.0,1.0
9393.669922,4252.750488,4403.22998,3987.879883,-266.68219,-969.58429,-1101.354492,-249.647064,-2157.138916,17.0,1.0
9397.030273,4245.770996,4402.625977,3988.02832,-264.571899,-969.717041,-1101.500244,-249.956558,-2159.430908,17.0,1.0
9400.469727,4246.403809,4402.538574,3987.880371,-265.727295,-970.053345,-1102.061035,-250.582794,-2163.267822,17.0,1.0
9403.969727,4247.21875,4402.425781,3987.826904,-267.908203,-969.935059,-1101.544678,-250.183487,-2160.117432,17.0,1.0
9407.379883,4252.54248,4401.861328,3987.945801,-266.613281,-969.882812,-1102.066895,-251.014114,-2158.540283,17.0,1.0
9410.879883,4246.961426,4401.940918,3987.900879,-267.652649,-970.149048,-1102.338745,-250.664429,-2159.37915,17.0,1.0
9414.280273,4246.0625,4401.450195,3987.974854,-266.870605,-970.373474,-1103.05127,-250.985794,-2161.066895,17.0,1.0
9417.719727,4246.69043,4401.20752,3988.041992,-266.171814,-969.799622,-1101.994873,-250.480453,-2164.628174,17.0,1.0
9421.129883,4245.773437,4400.547852,3987.598877,-268.220551,-970.568237,-1102.822876,-250.888153,-2158.674561,17.0,1.0
9424.570312,4246.499512,4400.650879,3987.876709,-267.955017,-970.886414,-1102.78418,-250.767548,-2160.949951,17.0,1.0
9427.969727,4245.857422,4400.147461,3987.881836,-268.381195,-970.898376,-1103.168335,-251.719666,-2160.36377,17.0,1.0
9431.419922,4246.114258,4400.054199,3988.19165,-268.58078,-971.323242,-1103.765015,-251.686386,-2159.643311,17.0,1.0
9434.820312,4245.51709,4399.230957,3988.626709,-269.130585,-972.143738,-1104.479126,-252.666931,-2161.370361,17.0,1.0
9438.280273,4246.231445,4399.589355,3988.494873,-267.958038,-972.211243,-1104.568115,-252.519714,-2162.179443,17.0,1.0
9441.719727,4245.712891,4398.913574,3987.545898,-269.255127,-972.362732,-1104.982178,-252.813202,-2164.573486,17.0,1.0
9445.129883,4244.768066,4398.155762,3987.745605,-270.154388,-973.305908,-1106.126709,-254.093201,-2162.79248,17.0,1.0
9448.570312,4245.631836,4398.172852,3988.231445,-270.234467,-973.363647,-1106.231445,-254.416565,-2164.486084,17.0,1.0
9451.919922,4244.40918,4397.481445,3987.569336,-271.425018,-974.387146,-1107.476562,-254.717422,-2162.814697,17.0,1.0
9455.379883,4245.522461,4397.599609,3987.963623,-268.85556,-973.643372,-1106.993652,-254.413437,-2167.017334,17.0,1.0
9458.719727,4244.583984,4397.095703,3987.774658,-270.856354,-974.771362,-1107.862061,-255.627258,-2166.695801,17.0,1.0
9462.129883,4244.452148,4396.655273,3987.63208,-271.075562,-975.272034,-1108.73584,-256.464203,-2166.753906,17.0,1.0
9465.530273,4244.504883,4396.388672,3987.925293,-271.623749,-975.873718,-1108.606934,-256.497711,-2165.418701,17.0,1.0
9468.969727,4244.189941,4395.940918,3987.648682,-272.097656,-975.84259,-1109.152588,-257.545135,-2166.813965,17.0,1.0
9472.320312,4243.553223,4395.655762,3987.792725,-272.385162,-975.975464,-1108.981079,-257.220123,-2164.479248,17.0,1.0
9475.780273,4244.496094,4395.46875,3987.45752,-272.571869,-976.497192,-1109.438232,-257.28244,-2167.3396,17.0,1.0
9479.169922,4243.625488,4394.663086,3987.687744,-272.200195,-976.477905,-1109.706665,-257.574493,-2165.894287,17.0,1.0
9482.629883,4250.117187,4394.42627,3987.463379,-273.799347,-976.67804,-1109.745361,-257.490448,-2168.312012,17.0,1.0
9486.070312,4250.37207,4394.268555,3987.625,-272.878937,-976.888916,-1109.914917,-257.591492,-2165.946289,17.0,1.0
9489.469727,4250.134766,4394.291504,3987.716064,-273.452118,-976.927246,-1109.883423,-256.889099,-2169.840332,17.0,1.0
9492.919922,4243.759766,4393.591309,3987.959961,-273.319336,-977.076904,-1110.125488,-257.353455,-2168.949707,17.0,1.0
9496.320312,4243.599609,4393.47998,3987.919189,-272.05188,-977.132812,-1109.972168,-257.532043,-2167.779785,17.0,1.0
9499.780273,4249.104492,4393.239746,3987.594727,-271.381714,-977.618591,-1110.614136,-258.044281,-2170.435791,17.0,1.0
9503.169922,4249.44043,4392.813965,3987.709961,-272.838013,-977.190857,-1110.796143,-256.964447,-2170.609863,17.0,1.0
9506.629883,4249.868652,4392.712402,3987.617432,-271.930328,-977.323914,-1110.576416,-257.074554,-2168.909912,17.0,1.0
9510.030273,4249.728027,4392.379395,3987.99585,-272.330261,-977.699097,-1110.726807,-257.442017,-2168.232178,17.0,1.0
9513.469727,4250.004883,4392.108887,3987.825928,-274.494934,-977.397766,-1110.935303,-257.713196,-2170.776367,17.0,1.0
9516.879883,4249.665527,4391.714355,3987.840088,-273.079193,-977.80127,-1111.165894,-258.068298,-2169.936035,17.0,1.0
9520.320312,4243.237793,4391.408691,3987.392822,-273.957794,-978.763794,-1111.984863,-259.637177,-2172.458984,17.0,1.0
9523.780273,4243.169922,4391.037598,3987.689453,-274.58017,-978.424316,-1112.004639,-258.816833,-2171.366211,17.0,1.0
9527.280273,4240.195312,4389.681152,3987.233154,-277.020172,-981.681824,-1114.350586,-261.748993,-2169.710937,18.0,2.0
9530.719727,4241.867187,4389.490723,3987.28418,-277.111176,-981.564331,-1114.945068,-261.430115,-2170.42334,18.0,2.0
9534.129883,4240.81543,4388.568848,3987.002686,-278.143646,-982.278748,-1115.62854,-262.17868,-2170.457764,18.0,2.0
9537.570312,4241.301758,4388.458496,3986.944336,-277.17749,-982.13092,-1115.462646,-262.438202,-2170.177002,18.0,2.0
9540.969727,4240.348145,4387.869141,3986.850342,-279.547607,-983.584106,-1116.890015,-263.536072,-2170.644287,18.0,2.0
9544.379883,4240.643555,4387.618652,3987.311035,-277.076233,-983.186523,-1116.563599,-262.535461,-2172.540771,18.0,2.0
9547.719727,4239.603027,4386.509766,3986.949463,-277.798737,-984.100769,-1117.530884,-264.132538,-2174.857666,18.0,2.0
9551.169922,4246.66748,4386.536621,3987.002686,-279.850464,-984.304504,-1117.528931,-263.934387,-2174.874268,18.0,2.0
9554.530273,4245.80957,4386.056641,3986.899658,-279.667297,-984.998779,-1118.15686,-264.325226,-2174.822754,18.0,2.0
9557.969727,4246.510742,4386.017578,3987.148193,-279.664581,-984.495178,-1118.115845,-264.3479,-2173.850586,18.0,2.0
9561.379883,4245.601562,4385.044434,3986.601562,-281.823273,-985.57605,-1119.250366,-265.967316,-2175.107178,18.0,2.0
9564.820312,4245.924316,4384.882324,3986.520752,-282.340363,-986.453613,-1118.898804,-267.16983,-2174.151367,18.0,2.0
9568.280273,4245.870117,4384.6875,3986.574219,-281.484589,-985.758423,-1118.508057,-265.905029,-2172.862549,18.0,2.0
9571.669922,4245.512207,4384.784668,3987.333496,-281.170624,-985.080017,-1117.554321,-265.252777,-2171.10376,18.0,2.0
9575.129883,4245.568848,4383.86084,3987.199219,-280.455841,-985.029663,-1116.883301,-266.049713,-2170.781982,18.0,2.0
9578.530273,4245.641113,4383.561523,3987.533447,-279.789795,-984.869446,-1116.427734,-265.449707,-2169.035645,18.0,2.0
9581.969727,4245.391113,4383.215332,3986.955811,-282.15329,-985.199646,-1116.671753,-266.880646,-2170.978027,18.0,2.0
9585.320312,4244.861328,4382.558594,3987.21167,-278.968445,-985.430054,-1116.836792,-266.827911,-2171.804199,18.0,2.0
9588.780273,4239.112305,4382.354004,3987.079834,-278.662689,-985.526733,-1116.703857,-267.60791,-2170.553711,18.0,2.0
9592.169922,4238.408203,4381.774902,3987.07959,-280.127625,-986.470459,-1117.611816,-268.059601,-2173.244873,18.0,2.0
9595.629883,4239.293945,4381.891602,3987.24292,-280.881042,-986.287109,-1117.894775,-267.689209,-2173.079102,18.0,2.0
9599.030273,4238.502441,4381.295898,3987.033936,-279.950653,-987.584167,-1119.335327,-269.225494,-2176.604004,18.0,2.0
9602.469727,4238.569336,4381.308594,3987.171875,-282.866547,-988.435486,-1120.064453,-269.420593,-2176.822754,18.0,2.0
9605.919922,4239.138672,4380.646973,3986.945312,-281.418549,-988.841064,-1121.126099,-271.092255,-2175.82666,18.0,2.0
9609.320312,4238.178711,4380.259766,3987.018311,-281.353912,-989.988525,-1121.730103,-270.896881,-2177.713867,18.0,2.0
9612.780273,4238.793457,4379.910645,3987.17041,-282.863007,-990.020447,-1122.439575,-270.747528,-2179.135498,18.0,2.0
9616.169922,4238.330566,4379.790039,3987.331787,-284.746399,-991.203125,-1123.536255,-272.574554,-2181.034424,18.0,2.0
9619.629883,4238.419922,4379.102539,3987.017822,-283.693176,-991.042664,-1124.06665,-273.335693,-2182.78125,18.0,2.0
9623.030273,4237.831055,4378.861816,3986.795166,-284.94516,-992.188477,-1124.898071,-273.530457,-2182.119629,18.0,2.0
9626.469727,4237.772461,4378.379883,3986.876709,-287.996735,-992.709595,-1125.385864,-274.231537,-2181.091553,18.0,2.0
9629.820312,4237.008301,4378.310059,3986.961182,-286.692108,-992.488098,-1125.709717,-274.472382,-2183.305664,18.0,2.0
9633.280273,4245.07959,4378.257812,3987.368408,-287.548798,-993.09668,-1126.134644,-274.82782,-2186.226807,18.0,2.0
9636.669922,4244.297852,4377.741211,3986.59668,-288.802246,-993.539429,-1127.023315,-275.73587,-2186.183594,18.0,2.0
9640.139648,4244.532715,4377.688965,3986.745605,-288.545624,-993.600342,-1127.590332,-276.509216,-2185.636963,18.0,2.0
9643.530273,4244.20752,4377.556152,3987.19458,-289.351105,-994.246826,-1128.118286,-276.743927,-2188.616455,18.0,2.0
9646.969727,4244.542969,4376.944824,3986.729736,-289.221039,-994.642578,-1128.991821,-277.575073,-2188.434082,18.0,2.0
9650.419922,4244.214355,4376.102539,3985.86499,-290.23703,-995.378845,-1129.602173,-278.395966,-2192.723877,18.0,2.0
9653.780273,4235.940918,4376.010254,3985.942871,-288.935974,-996.045044,-1130.424683,-279.700439,-2189.761475,18.0,2.0
9657.219727,4236.109863,4375.312988,3985.187988,-292.819489,-997.138733,-1131.452393,-281.136108,-2191.9104,18.0,2.0
9660.629883,4235.652344,4375.064941,3985.247559,-291.719208,-997.416199,-1132.018799,-281.134186,-2193.399902,18.0,2.0
9664.070312,4236.12793,4374.977051,3985.398193,-293.09314,-997.757385,-1132.542847,-281.804718,-2195.888428,18.0,2.0
9667.469727,4243.117187,4374.862793,3985.387939,-293.18515,-998.166382,-1133.154297,-282.466553,-2194.394287,18.0,2.0
9670.919922,4243.25293,4374.418945,3985.261475,-292.880493,-998.872314,-1134.047485,-283.00296,-2198.307861,18.0,2.0
9674.320312,4242.674805,4374.189453,3984.675293,-294.750092,-999.782776,-1134.487671,-283.418671,-2198.97583,18.0,2.0
9677.780273,4242.897461,4373.72168,3984.742676,-294.1008,-1000.104797,-1135.21582,-283.671112,-2196.761475,18.0,2.0
9681.169922,4242.681641,4373.522461,3984.657715,-295.755341,-1000.422913,-1135.757202,-284.91684,-2199.268555,18.0,2.0
9684.629883,4243.184082,4373.339844,3984.621826,-295.58429,-1000.540039,-1136.452393,-284.587616,-2202.554932,18.0,2.0
9688.070312,4242.51123,4373.035156,3984.943848,-296.524963,-1001.750122,-1137.533203,-286.652863,-2201.388428,18.0,2.0
9691.469727,4242.349609,4372.554687,3984.081787,-297.913879,-1002.492676,-1138.327881,-287.091827,-2200.89502,18.0,2.0
9694.919922,4234.965332,4372.412598,3984.436035,-298.396729,-1002.653564,-1138.847168,-288.149506,-2199.752686,18.0,2.0
9698.320312,4242.383301,4371.912109,3984.445557,-298.942566,-1003.367432,-1139.597534,-287.590942,-2204.470947,18.0,2.0
9701.780273,4242.643555,4371.87793,3984.50415,-298.955383,-1003.969055,-1140.151733,-288.674805,-2207.619385,18.0,2.0
9705.129883,4241.633301,4371.278809,3984.591309,-297.75769,-1004.12262,-1140.898315,-289.383545,-2208.831055,18.0,2.0
9708.570312,4241.973145,4370.947266,3984.0354,-299.4646,-1005.400146,-1141.851196,-290.002777,-2206.719482,18.0,2.0
9711.969727,4242.299805,4371.098145,3984.556885,-302.030304,-1005.371155,-1142.465332,-291.355988,-2206.916504,18.0,2.0
9715.419922,4234.511719,4370.45166,3984.303223,-300.986847,-1006.175415,-1143.074707,-290.924286,-2208.967529,18.0,2.0
9718.820312,4233.621582,4369.853516,3984.157959,-300.722839,-1007.391846,-1143.746582,-291.657715,-2207.234131,18.0,2.0
9722.219727,4233.98877,4370.029785,3984.50708,-301.631531,-1007.111938,-1144.546875,-292.184692,-2209.709961,18.0,2.0
9725.629883,4233.146484,4369.391602,3984.648926,-303.022156,-1008.501526,-1146.147461,-294.083374,-2210.775391,18.0,2.0
9729.070312,4241.525391,4368.854492,3984.322998,-303.834564,-1009.367249,-1147.552246,-295.914398,-2211.330322,18.0,2.0
9732.530273,4241.502441,4368.434082,3984.123291,-303.512665,-1010.679565,-1148.845215,-296.070343,-2213.812256,18.0,2.0
9735.919922,4240.150879,4367.703125,3983.88916,-306.311035,-1011.558838,-1150.066162,-296.817749,-2215.250732,18.0,2.0
9739.379883,4240.390137,4367.324219,3983.57251,-304.990906,-1012.156494,-1150.835693,-298.420654,-2214.138672,18.0,2.0
9742.780273,4239.459961,4366.702148,3984.435303,-305.289093,-1013.212463,-1151.932373,-298.638947,-2218.146973,18.0,2.0
9746.219727,4231.762207,4366.032227,3983.791748,-308.600342,-1013.906555,-1152.792236,-299.543182,-2222.934082,18.0,2.0
9749.570312,4231.016602,4365.577148,3983.846924,-305.064056,-1014.562744,-1153.769165,-301.316254,-2221.905273,18.0,2.0
9753.030273,4231.776855,4365.864258,3984.298584,-306.298035,-1015.098328,-1154.407349,-301.687164,-2221.37915,18.0,2.0
9756.419922,4230.425293,4364.41748,3983.798584,-308.770538,-1016.482727,-1156.323608,-303.889374,-2223.677979,18.0,2.0
9759.879883,4230.866211,4364.310547,3983.683105,-308.121674,-1017.090698,-1156.64563,-304.634033,-2223.947998,18.0,2.0
9763.280273,4230.393555,4363.963379,3984.048096,-309.16098,-1018.332825,-1157.602539,-304.979797,-2222.800049,18.0,2.0
9766.719727,4230.503418,4363.645508,3984.119873,-308.789581,-1018.618225,-1158.535645,-305.665009,-2222.364746,18.0,2.0
9770.169922,4230.656738,4363.182129,3984.385986,-311.768677,-1019.213013,-1159.037231,-305.874603,-2221.807861,18.0,2.0
9773.570312,4230.647461,4362.815918,3983.808838,-311.028717,-1020.023682,-1159.903564,-307.648987,-2225.052246,18.0,2.0
9777.030273,4229.898437,4362.478516,3983.882568,-311.371582,-1021.132324,-1161.526489,-309.29718,-2227.148437,18.0,2.0
9780.419922,4229.130371,4362.129395,3983.85376,-312.365082,-1021.38855,-1161.291382,-309.487915,-2224.320801,18.0,2.0
9783.879883,4238.170898,4361.95459,3984.142334,-312.354248,-1021.683228,-1161.81897,-310.539764,-2226.12085,18.0,2.0
9787.219727,4237.472656,4361.583984,3984.045654,-311.053986,-1022.53363,-1162.705811,-311.419373,-2223.779297,18.0,2.0
9790.669922,4229.151367,4360.979004,3983.504639,-314.137207,-1023.401428,-1163.686035,-312.020142,-2228.022949,18.0,2.0
9794.030273,4227.71582,4360.461426,3983.855469,-316.07373,-1023.975525,-1164.227417,-311.298523,-2229.055908,18.0,2.0
9797.469727,4228.728027,4360.664551,3984.083984,-315.569641,-1023.935669,-1164.793579,-312.786591,-2226.453857,18.0,2.0
9800.879883,4227.788086,4360.123535,3983.146729,-316.847839,-1024.625122,-1165.455566,-313.355438,-2227.61377,18.0,2.0
9804.320312,4228.359863,4359.968262,3983.755615,-316.158722,-1024.896484,-1165.723389,-313.677216,-2230.490479,18.0,2.0
9807.719727,4227.748535,4359.407715,3983.129883,-318.123169,-1025.575928,-1166.36853,-313.909363,-2230.395996,18.0,2.0
9811.169922,4228.007324,4359.440918,3983.5271,-319.0383,-1025.332886,-1166.278442,-313.319122,-2234.346191,18.0,2.0
9814.629883,4228.201172,4359.254883,3983.29834,-319.48291,-1025.646729,-1166.78186,-314.374451,-2231.261719,18.0,2.0
9818.030273,4227.268066,4358.817871,3982.994141,-318.149109,-1026.265747,-1167.691772,-315.759521,-2236.837646,18.0,2.0
9821.469727,4227.537598,4358.058105,3983.125488,-318.717438,-1026.293701,-1167.990112,-315.667786,-2237.005859,18.0,2.0
9824.879883,4226.709473,4358.005859,3982.68335,-318.659393,-1027.135498,-1168.894531,-316.178833,-2240.269043,18.0,2.0
9828.320312,4235.942383,4357.559082,3982.939453,-321.589264,-1027.329102,-1169.059082,-316.457489,-2238.637207,18.0,2.0
9831.719727,4226.858887,4357.353027,3982.407959,-322.370392,-1027.702026,-1169.567383,-316.706146,-2241.536377,18.0,2.0
9835.169922,4227.422363,4357.261719,3982.764404,-320.006866,-1027.800293,-1169.982422,-316.625153,-2238.050049,18.0,2.0
9838.530273,4238.569336,4356.845703,3982.45874,-320.451904,-1028.268066,-1170.475098,-317.084198,-2241.506592,18.0,2.0
9841.969727,4236.173828,4356.615234,3982.389893,-320.691345,-1028.254761,-1170.86377,-317.927551,-2238.02417,18.0,2.0
9845.379883,4235.11377,4356.45752,3982.237305,-322.660156,-1028.525513,-1171.934814,-318.402679,-2242.270996,18.0,2.0
9848.820312,4235.830566,4355.790039,3981.929443,-323.540131,-1029.472412,-1172.255493,-318.744507,-2249.349365,18.0,2.0
9852.280273,4235.293457,4355.177734,3980.449951,-322.809326,-1030.045044,-1173.295776,-320.084412,-2252.770996,18.0,2.0
9855.669922,4234.959961,4355.123047,3981.765381,-325.481201,-1029.947754,-1173.224976,-319.701141,-2250.940186,18.0,2.0
9859.129883,4235.411621,4355.091309,3981.382812,-323.442627,-1030.624268,-1174.02417,-320.403076,-2269.067871,18.0,2.0
9862.530273,4234.997559,4354.568848,3981.497314,-323.395782,-1030.93103,-1174.265869,-320.583313,-2246.324463,18.0,2.0
9865.969727,4226.901367,4354.834473,3981.999268,-323.806885,-1031.121826,-1174.677368,-321.218994,-2244.956543,18.0,2.0
9869.379883,4226.145996,4354.313965,3981.496338,-325.462158,-1031.428711,-1175.542236,-322.199127,-2249.162842,18.0,2.0
9872.820312,4226.759277,4354.062012,3981.365723,-325.198151,-1032.495483,-1175.930054,-322.170593,-2247.306396,18.0,2.0
9876.219727,4225.912598,4353.862793,3981.249756,-327.345551,-1033.067505,-1176.735962,-322.923767,-2252.281006,18.0,2.0
9879.669922,4226.272461,4353.632812,3981.973145,-326.301178,-1033.489258,-1177.552979,-323.510864,-2247.555664,18.0,2.0
9883.070312,4235.361328,4354.224121,3981.27002,-326.928925,-1033.698608,-1177.711548,-324.992554,-2253.753906,18.0,2.0
9886.530273,4232.246094,4353.515137,3981.61084,-326.538025,-1033.860474,-1178.403198,-324.62439,-2248.421631,18.0,2.0
9889.919922,4234.997559,4352.912598,3981.601807,-327.301422,-1034.471069,-1179.018677,-324.533325,-2255.441406,18.0,2.0
9893.379883,4226.713867,4353.018555,3982.023682,-326.633575,-1034.467529,-1179.497559,-325.292053,-2255.224121,18.0,2.0
9896.879883,4235.425293,4352.544434,3981.318359,-326.59137,-1035.31604,-1180.161743,-326.959564,-2254.547607,18.0,2.0
9900.280273,4234.541992,4352.076172,3981.558838,-328.102448,-1036.16394,-1180.932495,-326.421051,-2257.589355,18.0,2.0
9903.719727,4234.87793,4351.259766,3981.416504,-329.095215,-1037.479004,-1182.023193,-328.549072,-2261.905273,18.0,2.0
9907.129883,4234.042969,4351.332031,3981.727051,-327.178772,-1037.211914,-1182.416138,-327.991241,-2256.167725,18.0,2.0
9910.570312,4234.171875,4351.054199,3981.866211,-329.044495,-1038.469482,-1182.776367,-329.988525,-2254.268555,18.0,2.0
9913.969727,4225.010742,4350.837402,3982.102295,-329.821075,-1038.564575,-1183.635254,-329.980438,-2264.379639,18.0,2.0
9917.419922,4224.964355,4350.083008,3981.655029,-329.525818,-1039.777832,-1185.336426,-331.167084,-2258.540039,18.0,2.0
9920.780273,4233.161133,4349.71582,3982.224121,-329.375031,-1040.299316,-1185.574341,-332.341675,-2260.038818,18.0,2.0
9924.219727,4233.357422,4349.342285,3981.547363,-330.264191,-1041.189575,-1186.264526,-333.288574,-2258.645996,18.0,2.0
9927.629883,4223.906738,4348.922363,3981.59082,-330.029266,-1041.487427,-1187.251587,-334.281372,-2262.224609,18.0,2.0
9931.070312,4223.73584,4348.324219,3981.590332,-335.177246,-1042.922119,-1187.956787,-334.760315,-2263.800293,18.0,2.0
9934.530273,4223.520996,4347.648926,3981.523682,-334.244598,-1043.769653,-1188.940186,-334.904419,-2263.884766,18.0,2.0
9937.919922,4218.631348,4347.051758,3981.670166,-335.511749,-1043.799561,-1189.552246,-336.401794,-2273.966309,18.0,2.0
9941.379883,4224.746094,4346.733398,3981.490967,-334.835968,-1044.613892,-1190.375,-336.13559,-2264.547363,18.0,2.0
9944.780273,4222.493164,4346.099609,3981.443115,-333.369232,-1045.568359,-1191.552734,-337.164246,-2266.342041,18.0,2.0
9948.219727,4222.985352,4346.289551,3981.340332,-334.868866,-1046.105347,-1192.08667,-338.213593,-2264.148437,18.0,2.0
9951.570312,4221.864258,4344.842285,3981.327881,-333.8862,-1046.68042,-1193.155151,-339.086578,-2262.746094,18.0,2.0
9955.030273,4222.114258,4344.91748,3980.955811,-336.787964,-1047.768677,-1194.225342,-339.686249,-2264.562988,18.0,2.0
9958.419922,4221.606934,4344.246094,3980.58374,-336.728943,-1048.350952,-1194.545288,-341.024292,-2266.012939,18.0,2.0
9961.879883,4221.910156,4344.524902,3980.949219,-337.171753,-1048.963501,-1195.119263,-341.857025,-2269.283936,18.0,2.0
9965.280273,4230.870117,4343.652832,3980.870361,-339.470123,-1049.949951,-1196.075195,-341.988556,-2269.130127,18.0,2.0
9968.719727,4231.273437,4343.648926,3981.12207,-339.603638,-1050.38855,-1196.786133,-342.777679,-2267.789551,18.0,2.0
9972.129883,4220.650879,4342.722168,3980.740723,-342.708191,-1051.181885,-1197.831665,-343.239441,-2270.051514,18.0,2.0
9975.570312,4221.649902,4342.874512,3980.986572,-342.547913,-1051.40564,-1197.516602,-344.274078,-2270.889404,18.0,2.0
9979.030273,4221.254883,4342.558105,3981.251953,-342.988953,-1052.184937,-1198.708252,-344.305542,-2274.871094,18.0,2.0
9982.419922,4220.022949,4342.263672,3981.778076,-344.334106,-1052.739258,-1199.529785,-345.138062,-2267.615723,18.0,2.0
9985.879883,4220.579102,4341.479004,3981.326416,-343.845825,-1053.181274,-1200.247192,-345.929504,-2268.379395,18.0,2.0
9989.280273,4220.385742,4341.077148,3981.380615,-343.547455,-1054.02063,-1201.020386,-346.311218,-2271.555664,18.0,2.0
9992.719727,4220.433594,4340.828125,3981.483398,-345.110046,-1054.210937,-1201.165039,-346.610535,-2269.308838,18.0,2.0
9996.129883,4219.989746,4340.738281,3981.377441,-345.993286,-1054.635986,-1201.831787,-346.62326,-2274.25708,18.0,2.0
9999.570312,4220.413574,4340.269043,3981.321045,-348.923096,-1055.259399,-1202.490234,-347.484009,-2272.550537,18.0,2.0
10002.969727,4219.942383,4340.071289,3981.628418,-347.447113,-1055.201416,-1202.502441,-347.989166,-2270.779541,18.0,2.0
10006.419922,4220.25,4339.546875,3981.241943,-349.390747,-1056.199951,-1203.448486,-348.85672,-2271.157715,18.0,2.0
10009.820312,4219.529297,4339.213379,3981.24707,-349.074158,-1056.481934,-1203.940552,-349.746155,-2273.570557,18.0,2.0
10013.280273,4229.631836,4339.064941,3980.737061,-347.791992,-1056.75293,-1204.369751,-350.494324,-2274.016113,18.0,2.0
10016.719727,4229.326172,4338.737793,3981.080078,-348.082428,-1057.108765,-1205.087158,-350.866638,-2272.462891,18.0,2.0
10020.129883,4219.202637,4338.616699,3981.362305,-348.942505,-1057.989502,-1206.093384,-351.565918,-2277.658447,18.0,2.0
10023.570312,4219.474121,4337.625977,3980.506592,-350.912079,-1058.623535,-1206.627686,-352.494476,-2280.016357,18.0,2.0
10026.919922,4218.557617,4337.395996,3980.647705,-351.126587,-1059.139038,-1207.052734,-352.675751,-2276.291748,18.0,2.0
10030.379883,4219.265625,4337.336426,3980.357422,-349.042267,-1059.60498,-1207.759644,-353.579529,-2280.869385,18.0,2.0
10033.719727,4218.389648,4336.919434,3980.381836,-352.267883,-1060.129639,-1208.613647,-353.585937,-2280.662354,18.0,2.0
10037.169922,4219.186035,4336.063477,3979.736816,-354.493073,-1060.91272,-1209.479004,-354.775635,-2280.789795,18.0,2.0
10040.570312,4226.917969,4335.943359,3979.481201,-354.765076,-1061.856079,-1210.019165,-355.11438,-2283.05542,18.0,2.0
10044.030273,4227.974609,4335.502441,3979.929932,-354.32782,-1061.963379,-1210.418213,-355.680237,-2283.002686,18.0,2.0
10047.419922,4227.500977,4335.717773,3980.447998,-354.431519,-1062.22522,-1212.047729,-356.440826,-2281.307373,18.0,2.0
10050.879883,4228.043945,4335.172852,3979.893066,-353.906586,-1062.221191,-1211.24939,-356.848053,-2285.180664,18.0,2.0
10054.280273,4227.496094,4334.868652,3979.856689,-353.593109,-1062.976929,-1211.957642,-357.259827,-2286.367676,18.0,2.0
10057.719727,4218.505371,4334.754395,3979.114746,-353.802826,-1062.809204,-1212.160889,-357.186188,-2283.617187,18.0,2.0
10061.169922,4218.549316,4334.504883,3979.565186,-356.859314,-1063.740723,-1212.73999,-358.170349,-2283.174072,18.0,2.0
10064.570312,4217.77002,4333.98584,3978.739014,-358.976868,-1064.111206,-1213.287842,-358.057617,-2288.100098,18.0,2.0
10068.030273,4218.614258,4333.865723,3979.467529,-356.865112,-1064.538574,-1213.60376,-358.491608,-2286.221191,18.0,2.0
10071.419922,4218.264648,4333.602539,3979.130615,-355.809021,-1064.888672,-1213.833984,-359.336823,-2290.358643,18.0,2.0
10074.879883,4218.63623,4333.149414,3978.856445,-357.492126,-1065.362915,-1214.731323,-359.953033,-2295.992676,18.0,2.0
10078.280273,4217.786133,4332.53125,3978.547119,-355.691711,-1066.353516,-1215.740356,-360.513977,-2291.526123,18.0,2.0
10081.780273,4218.441406,4332.469238,3978.138428,-357.561859,-1066.841553,-1215.849609,-360.507538,-2293.55957,18.0,2.0
10085.169922,4217.643555,4332.228027,3977.969971,-358.983398,-1067.17334,-1216.374146,-360.866272,-2296.051758,18.0,2.0
10088.629883,4218.015625,4332.185547,3978.15918,-359.12674,-1067.047852,-1216.928833,-362.152557,-2303.450195,18.0,2.0
10092.030273,4217.573242,4331.980957,3978.222656,-358.376221,-1068.245605,-1217.98645,-362.466888,-2293.527588,18.0,2.0
10095.469727,4217.983887,4331.638672,3978.566895,-362.06485,-1068.736572,-1218.295166,-363.264313,-2296.738525,18.0,2.0
10098.919922,4217.846191,4331.137695,3978.542969,-362.117249,-1069.311646,-1219.112183,-363.811829,-2300.863281,18.0,2.0
10102.280273,4216.606445,4330.489258,3977.236572,-360.065735,-1070.092896,-1220.325806,-364.314362,-2296.338379,18.0,2.0
10105.719727,4217.050293,4329.868652,3977.516846,-361.447083,-1071.020142,-1221.616089,-365.701935,-2297.547363,18.0,2.0
10109.129883,4215.79541,4329.586426,3977.483643,-360.900024,-1071.598755,-1221.861328,-366.015076,-2296.908691,18.0,2.0
10112.570312,4216.754883,4329.391113,3977.335449,-362.666168,-1071.934692,-1222.757324,-366.774719,-2298.212891,18.0,2.0
10115.969727,4216.521484,4329.275391,3977.930908,-361.596405,-1072.712646,-1223.255371,-367.510986,-2296.575439,18.0,2.0
10119.419922,4216.401855,4328.772461,3977.567383,-361.974701,-1073.610229,-1224.332153,-368.80896,-2303.155762,18.0,2.0
10122.820312,4214.232422,4328.568848,3977.804443,-361.589417,-1074.382812,-1225.202759,-369.681549,-2298.9375,18.0,2.0
10126.280273,4214.179199,4328.035645,3978.270996,-364.876099,-1074.703613,-1225.64624,-369.738983,-2303.287598,18.0,2.0
10129.780273,4215.612305,4327.616699,3977.351074,-365.441711,-1075.915894,-1227.10437,-370.82547,-2301.854736,19.0,3.0
10133.219727,4215.696289,4327.251953,3977.909912,-365.912537,-1075.823364,-1227.270508,-370.885132,-2302.355957,19.0,3.0
10136.629883,4214.838379,4326.706055,3977.868652,-366.806671,-1076.341919,-1228.491455,-371.986694,-2307.550049,19.0,3.0
10140.070312,4215.216309,4326.090332,3977.493896,-362.554382,-1078.286133,-1229.331543,-373.154236,-2309.498779,19.0,3.0
10143.530273,4215.106934,4325.835449,3977.326416,-366.615082,-1078.826172,-1230.351685,-373.963348,-2308.023682,19.0,3.0
10146.919922,4214.093262,4324.766602,3977.400146,-368.743835,-1079.605835,-1231.573975,-374.99469,-2305.969727,19.0,3.0
10150.379883,4214.294922,4324.458496,3976.952148,-367.056854,-1080.314331,-1232.38147,-375.86319,-2304.57373,19.0,3.0
10153.780273,4213.746582,4324.106934,3977.576904,-369.06189,-1081.062378,-1232.810669,-375.969849,-2312.62793,19.0,3.0
10157.219727,4214.281738,4324.212891,3977.572266,-370.738892,-1081.340332,-1232.246338,-373.923737,-2300.768311,19.0,3.0
10160.629883,4213.78418,4324.104492,3978.054687,-362.681427,-1056.18396,-1187.065186,-325.590668,-2232.850342,19.0,3.0
10164.070312,4217.791504,4345.940918,3985.754883,-179.032608,-870.50177,-999.557312,-140.054626,-2108.710937,19.0,3.0
10167.469727,4284.631836,4455.248535,3985.875,-187.612442,-997.445496,-1181.859131,-301.102875,-2158.512207,19.0,3.0
10170.919922,4142.575684,4260.594727,3956.271484,-451.172821,-1156.322632,-1282.847534,-399.545685,-2276.160645,19.0,3.0
10174.320312,4130.776855,4235.206055,3944.974365,-493.003967,-1200.827881,-1327.28186,-456.974823,-2373.856201,19.0,3.0
10177.719727,4434.696289,4185.168945,3985.414062,-882.035217,-1535.159668,-1560.727539,-1201.456299,-4576.725586,19.0,3.0
10181.169922,3969.794434,4245.490234,5448.848633,-3594.231934,-2325.19873,-1819.797485,-732.320679,-5093.546387,19.0,3.0
10184.629883,3809.079834,3661.244873,3728.253906,-379.257111,-580.203674,-644.357178,-809.376831,-7064.324219,19.0,3.0
10188.129883,3429.119629,3587.31543,3524.09082,344.778015,-500.349274,-1319.591553,-4198.780273,-7001.138672,19.0,3.0
10191.530273,3263.265869,3402.276855,2184.950439,-915.866394,-3436.231934,-5934.744141,-8185.790039,-6882.341309,19.0,3.0
10195.070312,3289.337891,2907.104736,3800.616943,-4232.944824,-6127.264648,-7638.023437,-8597.59375,-7013.696777,19.0,3.0
10198.469727,1943.32373,781.191895,1287.561768,-5906.882324,-7026.469238,-7713.100586,-7428.581543,-6029.444336,19.0,3.0
10201.969727,2502.321777,1428.400391,2694.708496,-3828.4375,-4620.291504,-5025.781738,-4581.786133,-4319.205566,19.0,3.0
10205.379883,4246.207031,3944.486328,3501.906494,438.456604,-284.280884,-6132.487793,-4279.128906,-4930.720215,19.0,3.0
10208.820312,3767.132812,4013.601318,3850.517578,-381.036072,-6801.253906,-5208.623535,-4403.395996,-5728.621094,19.0,3.0
10212.219727,3839.315674,3769.400635,3541.552002,-400.282349,-2045.227661,-5879.731445,-4920.145508,-4597.442383,19.0,3.0
10215.629883,3643.335937,4200.262207,3773.260254,-396.556702,-1178.232056,-6484.944336,-4418.86084,-5852.302734,19.0,3.0
10219.030273,2729.650879,4109.819824,3419.507324,-748.320923,-2212.285156,-6133.564453,-4766.126953,-5346.314941,19.0,3.0
10222.530273,2835.519775,3795.353271,3395.676514,-674.894775,-1207.572266,-4174.057617,-5627.483398,-5002.223633,19.0,3.0
10225.969727,3240.55835,3890.172607,3378.202637,-775.875977,-1306.55249,-2098.682617,-4956.593262,-5360.612305,19.0,3.0
10229.379883,3702.35498,4001.939209,3482.026367,-451.645691,-1347.65271,-1402.088135,-2751.199219,-5650.594238,19.0,3.0
10232.820312,3622.913574,3923.988525,3637.725342,-298.988159,-1033.215942,-1340.537354,-1464.707275,-6070.317383,19.0,3.0
10236.219727,3606.920898,4111.243164,3674.595215,-360.359497,-1021.730164,-1269.53772,-1215.007935,-6323.932617,19.0,3.0
10239.669922,3911.536377,4005.304199,3750.128174,-342.934357,-980.303162,-1274.17395,-954.231628,-6554.404785,19.0,3.0
10243.070312,3879.840332,3999.989502,3901.787354,-412.325745,-1081.997437,-1313.323853,-750.318115,-6464.967285,19.0,3.0
10246.530273,3753.583008,3958.296631,3960.65625,-755.28833,-1410.512939,-1585.61377,-774.022461,-6219.637207,19.0,3.0
10249.919922,3929.165771,4051.99585,3931.848389,-903.038208,-1598.838867,-1827.220093,-908.122009,-5810.466797,19.0,3.0
10253.379883,3991.128174,4087.282227,3934.954346,-947.551208,-1654.290039,-1842.926514,-902.856812,-5408.959961,19.0,3.0
10256.780273,3813.109863,4085.84668,3919.532227,-1007.505859,-1750.270752,-1987.954468,-1003.445801,-4741.807129,19.0,3.0
10260.219727,3702.370361,3999.873047,3873.27124,-998.755249,-1789.743286,-2054.687744,-1070.217529,-4507.015137,19.0,3.0
10263.669922,3586.56665,3925.040771,3847.19043,-1029.092773,-1840.005127,-2094.432373,-1081.498535,-4832.276855,19.0,3.0
10267.070312,3590.647949,3937.692383,3816.329346,-1006.281677,-1831.674438,-2125.201172,-1120.110474,-4926.864258,19.0,3.0
10270.469727,3603.225342,3951.76416,3818.21167,-942.406189,-1826.14624,-2113.658691,-1101.594238,-5531.261719,19.0,3.0
10273.879883,3634.714355,3970.60498,3808.638672,-913.788696,-1748.879761,-2041.0177,-1063.930786,-5525.125488,19.0,3.0
10277.320312,3724.009521,3993.690918,3807.471924,-888.205627,-1753.163696,-2035.346924,-1091.244385,-5396.331055,19.0,3.0
10280.719727,3805.314941,4029.302979,3799.700439,-927.422852,-1765.973877,-2047.990967,-1104.477051,-5352.53125,19.0,3.0
10284.169922,3942.754883,3873.195557,3772.817627,-985.460815,-1725.148193,-1926.754639,-998.867615,-5608.763184,19.0,3.0
10287.570312,3868.715576,3707.565674,3717.695557,-900.108887,-1649.973877,-1746.644653,-3055.055176,-5225.546387,19.0,3.0
10291.030273,3617.795898,3797.669434,3781.474854,-769.315002,-1493.908569,-1819.425537,-1551.961792,-5489.432129,19.0,3.0
10294.419922,3590.493408,3983.673828,3793.833496,-782.179016,-1523.02417,-1774.896484,-2142.003662,-5018.150879,19.0,3.0
10297.879883,3596.509521,3840.858398,3720.836914,-859.665649,-1637.169678,-2189.953125,-2450.939697,-5346.705078,19.0,3.0
10301.280273,3566.211426,3809.254395,3700.897217,-960.954102,-1648.298828,-1898.141724,-3057.106445,-4997.881348,19.0,3.0
10304.719727,3563.25708,3777.249268,3688.224854,-1012.899353,-1741.248657,-2095.10498,-2318.4104,-5135.445801,19.0,3.0
10308.169922,3600.262695,3735.949463,3647.230957,-1072.934448,-1814.450562,-2865.716064,-4106.429199,-4628.114746,19.0,3.0
10311.530273,3679.828369,3617.368408,3573.470215,-1231.531372,-1955.123413,-2909.599121,-4462.05127,-4268.879883,19.0,3.0
10314.969727,3629.121582,3567.856689,3558.342529,-1330.553345,-2106.858398,-2927.470703,-4466.916016,-4295.259766,19.0,3.0
10318.379883,3674.451172,3548.962891,3567.125244,-1345.868408,-1992.829346,-2735.747803,-4471.304199,-4269.495117,19.0,3.0
10321.820312,3664.055664,3545.880615,3574.58374,-1387.873901,-2133.007812,-3099.222412,-4586.924805,-4181.753418,19.0,3.0
10325.219727,3678.254883,3526.449219,3560.679443,-1537.126343,-2358.628418,-3392.237305,-4667.290527,-4104.152832,19.0,3.0
10328.669922,3697.943115,3481.057861,3577.026367,-1665.111206,-2435.280273,-3403.75,-4652.118164,-4107.301758,19.0,3.0
10332.070312,3731.373779,3479.375244,3574.824463,-1576.325317,-2301.842041,-3237.342285,-4656.706543,-4085.344971,19.0,3.0
10335.530273,3752.475586,3490.162354,3561.065186,-1577.489136,-2330.14624,-3329.405029,-4661.49707,-4034.439941,19.0,3.0
10338.919922,3736.250244,3471.156494,3556.05249,-1612.368408,-2322.984131,-3270.071533,-4636.038086,-4021.62207,19.0,3.0
10342.379883,3735.337158,3476.188965,3574.753906,-1558.925903,-2225.893311,-3171.515381,-4631.64502,-3996.025879,19.0,3.0
10345.820312,3734.920898,3490.568604,3571.892822,-1540.187378,-2245.071533,-3189.181152,-4598.469238,-3963.206299,19.0,3.0
10349.219727,3701.40332,3480.726318,3565.164062,-1572.904785,-2274.81665,-3219.842041,-4586.237793,-3942.154297,19.0,3.0
10352.669922,3774.09668,3469.65332,3570.690918,-1559.494995,-2236.032959,-3137.585205,-4552.264648,-3944.931152,19.0,3.0
10356.030273,3754.243164,3453.482178,3596.905762,-1522.084961,-2191.081787,-3083.578125,-4527.137207,-3901.691406,19.0,3.0
10359.530273,3740.371582,3468.97876,3586.588379,-1544.38623,-2210.999512,-3099.122803,-4502.787109,-3889.814453,19.0,3.0
10362.919922,3763.942383,3475.251465,3517.27002,-1542.409302,-2155.412109,-2971.956543,-4461.172363,-3890.896484,19.0,3.0
10366.379883,3738.986328,3465.862793,3579.429687,-1492.532471,-2099.86499,-2864.656738,-4430.498047,-3874.580811,19.0,3.0
10369.780273,3771.200928,3495.361084,3579.673584,-1460.349365,-2062.199463,-2797.47168,-4382.164551,-3874.969482,19.0,3.0
10373.219727,3767.185303,3491.177246,3588.309326,-1411.446655,-1988.290039,-2627.759766,-4323.062988,-3864.053711,19.0,3.0
10376.629883,3762.088379,3480.382324,3608.136475,-1394.625366,-1951.317383,-2560.504395,-4249.34082,-3877.036377,19.0,3.0
10380.070312,3762.304199,3497.303467,3615.873535,-1356.14917,-1932.182007,-2573.814209,-4240.239746,-3823.418213,19.0,3.0
10383.469727,3762.040283,3507.185303,3573.06543,-1374.611938,-1931.419678,-2532.144287,-4182.002441,-3842.268799,19.0,3.0
10386.919922,3759.15625,3505.314697,3619.343994,-1384.883179,-1937.259399,-2526.965332,-4128.979492,-3816.95166,19.0,3.0
10390.379883,3775.294922,3518.99292,3618.224121,-1363.522095,-1923.125366,-2516.29541,-4102.026855,-3803.396729,19.0,3.0
10393.780273,3773.776123,3493.078613,3613.514893,-1393.115723,-1935.848999,-2477.36377,-4010.461182,-3820.338867,19.0,3.0
10397.219727,3774.494141,3525.688477,3631.30249,-1349.397827,-1918.593506,-2455.737061,-3976.647949,-3783.898682,19.0,3.0
10400.629883,3775.708984,3537.428467,3621.788086,-1378.339966,-1934.080933,-2449.319824,-3918.245605,-3776.470947,19.0,3.0
10404.070312,3786.810059,3540.958984,3615.521484,-1387.721924,-1947.469849,-2483.875732,-3901.773437,-3768.032959,19.0,3.0
10407.469727,3766.796875,3510.207764,3631.824463,-1385.993774,-1942.337036,-2401.587891,-3831.858643,-3773.121826,19.0,3.0
10410.919922,3791.268066,3529.291504,3646.441162,-1450.676514,-1892.462769,-2369.408691,-3781.668945,-3762.730713,19.0,3.0
10414.280273,3784.248779,3538.718018,3660.949707,-1326.32312,-1888.95105,-2346.566406,-3734.578857,-3729.51123,19.0,3.0
10417.719727,3787.54248,3455.070557,3654.382568,-1282.530273,-1877.134521,-2308.055908,-3633.548096,-3756.843018,19.0,3.0
10421.129883,3795.566895,3559.007812,3648.775879,-1339.536743,-1893.932129,-2338.453857,-3639.588379,-3726.958496,19.0,3.0
10424.570312,3792.159424,3539.708008,3656.766846,-1329.228149,-1896.335571,-2316.110596,-3547.945312,-3717.189209,19.0,3.0
10427.919922,3794.45752,3535.032959,3651.928223,-1329.313354,-1869.869263,-2250.982178,-3493.211426,-3721.810547,19.0,3.0
10431.379883,3800.304687,3554.59375,3662.494385,-1341.891113,-1886.298706,-2259.245117,-3460.85791,-3710.312744,19.0,3.0
10434.820312,3814.22168,3543.782959,3642.475586,-1312.355591,-1847.898804,-2229.207764,-3396.418213,-3693.311768,19.0,3.0
10438.219727,3824.262939,3544.348877,3674.73877,-1317.965576,-1850.360596,-2207.134766,-3288.703125,-3704.577393,19.0,3.0
10441.669922,3786.328613,3565.671387,3661.786865,-1318.601074,-1874.036743,-2191.957031,-3277.269531,-3688.344238,19.0,3.0
10445.030273,3797.066895,3551.531982,3680.113525,-1308.360596,-1871.479004,-2204.692139,-3259.857666,-3666.715088,19.0,3.0
10448.469727,3797.376953,3558.883057,3673.902832,-1301.317505,-1859.466919,-2214.695801,-3191.831787,-3652.374023,19.0,3.0
10451.879883,3812.656006,3551.922852,3687.618896,-1301.496216,-1869.197144,-2197.072266,-3134.060059,-3664.971924,19.0,3.0
10455.320312,3815.177246,3561.975342,3683.390625,-1328.515137,-1877.717407,-2207.249756,-3086.911133,-3671.129639,19.0,3.0
10458.719727,3804.459717,3562.960205,3682.392578,-1315.310425,-1887.356812,-2220.917236,-3067.740479,-3666.143311,19.0,3.0
10462.169922,3817.739258,3595.751221,3679.371094,-1311.766602,-1910.654175,-2251.041992,-3061.86499,-3618.594971,19.0,3.0
10465.570312,3817.877197,3571.504639,3671.585205,-1326.565308,-1903.719971,-2227.392334,-2993.891113,-3635.893799,19.0,3.0
10469.030273,3809.193115,3586.018311,3643.684814,-1353.746216,-1919.150391,-2242.006104,-2992.609375,-3622.522217,19.0,3.0
10472.469727,3833.709717,3576.360352,3681.230713,-1355.387817,-1913.478638,-2252.603027,-2954.200195,-3610.075195,19.0,3.0
10475.879883,3836.438232,3545.184814,3669.342285,-1320.079102,-1934.129761,-2234.940918,-2902.72998,-3597.594238,19.0,3.0
10479.320312,3846.07959,3588.229736,3678.01123,-1349.668823,-1921.496338,-2246.358887,-2910.40918,-3572.237061,19.0,3.0
10482.719727,3840.756104,3603.811523,3677.829834,-1365.588257,-1921.033691,-2264.194824,-2870.01123,-3570.079346,19.0,3.0
10486.169922,3839.239014,3560.104492,3667.539551,-1332.697632,-1923.880615,-2261.217285,-2815.14624,-3580.050049,19.0,3.0
10489.570312,3846.899414,3585.776367,3688.892822,-1347.91272,-1926.900269,-2285.686523,-2836.380615,-3532.3396,19.0,3.0
10493.030273,3856.030029,3587.460205,3647.540283,-1345.127319,-1945.571533,-2300.010986,-2775.165283,-3530.48291,19.0,3.0
10496.419922,3846.052734,3577.523193,3673.871582,-1325.017456,-1938.531616,-2319.755127,-2754.265869,-3526.28418,19.0,3.0
10499.879883,3800.446777,3586.142578,3660.810791,-1354.861206,-1933.232422,-2337.898926,-2718.145264,-3509.188477,19.0,3.0
10503.280273,3844.29541,3589.499023,3671.507568,-1352.075073,-1935.63269,-2337.335205,-2685.953125,-3502.319824,19.0,3.0
10506.719727,3854.20459,3580.484131,3669.742187,-1370.678833,-1950.885986,-2358.062988,-2636.052979,-3484.359131,19.0,3.0
10510.129883,3821.246826,3581.398193,3667.250732,-1375.096924,-1944.496094,-2405.075684,-2586.829346,-3460.889893,19.0,3.0
10513.629883,3848.99585,3589.357666,3670.700195,-1398.674805,-1969.461304,-2433.416016,-2554.366211,-3469.452148,19.0,3.0
10517.070312,3874.413818,3598.988281,3664.323975,-1361.922974,-1963.806641,-2385.60083,-2540.108643,-3469.172363,19.0,3.0
10520.469727,3852.878418,3607.470703,3660.273682,-1430.297729,-1965.714844,-2385.383789,-2509.397461,-3447.30249,19.0,3.0
10523.879883,3865.401367,3602.072998,3660.422607,-1400.425171,-1971.915161,-2451.456787,-2462.236572,-3444.283203,19.0,3.0
10527.280273,3872.835449,3588.646484,3670.187988,-1413.476685,-1979.815918,-2451.250732,-2461.864502,-3427.260498,19.0,3.0
10530.719727,3884.815918,3619.341064,3679.688721,-1428.486694,-1972.011719,-2512.811035,-2370.758057,-3421.680908,19.0,3.0
10534.129883,3901.741943,3619.209473,3663.098633,-1453.953857,-2002.371216,-2573.707764,-2348.414062,-3408.380615,19.0,3.0
10537.570312,3918.054932,3617.025391,3671.021484,-1462.825684,-2027.957642,-2707.560059,-2275.822998,-3399.11084,19.0,3.0
10540.969727,3890.951172,3628.444336,3663.665527,-1514.02417,-2060.3396,-2753.07959,-2214.759766,-3386.536621,19.0,3.0
10544.419922,3896.354004,3613.866455,3670.001465,-1516.639526,-2065.633057,-2619.602539,-2261.173828,-3387.663574,19.0,3.0
10547.820312,3890.484619,3629.150635,3659.300049,-1488.858643,-2055.768799,-2844.351318,-2136.494385,-3367.682861,19.0,3.0
10551.280273,3884.547852,3638.956543,3634.163086,-1526.485474,-2136.546143,-2928.101318,-2043.506714,-3362.629639,19.0,3.0
10554.719727,3908.10083,3612.383301,3663.724609,-1607.584961,-2217.017578,-2839.447021,-2143.342773,-3368.704834,19.0,3.0
10558.070312,3908.066162,3642.245361,3643.602051,-1593.854858,-2136.945557,-2857.27124,-2091.413818,-3314.938721,19.0,3.0
10561.530273,3891.315186,3646.545166,3655.190918,-1589.086792,-2181.5,-2926.346436,-1999.320557,-3351.620605,19.0,3.0
10564.919922,3885.54248,3644.057617,3663.376221,-1598.448975,-2303.408203,-3031.142822,-1906.356079,-3317.928711,19.0,3.0
10568.379883,3896.187256,3623.51416,3645.891602,-1697.673706,-2469.937744,-3089.963135,-1849.303467,-3311.304443,19.0,3.0
10571.719727,3916.618408,3661.687744,3650.438721,-1809.42627,-2471.430664,-3039.095947,-1875.904907,-3309.809814,19.0,3.0
10575.169922,3901.085937,3673.681641,3648.451172,-1771.853516,-2474.946777,-3026.153076,-1851.479004,-3296.661621,19.0,3.0
10578.570312,3914.696777,3665.712158,3657.310059,-1773.65918,-2562.294434,-3052.804443,-1772.085449,-3290.658936,19.0,3.0
10582.030273,3934.797363,3668.345459,3642.186279,-1861.411133,-2656.032715,-3020.487061,-1711.530273,-3270.874023,19.0,3.0
10585.419922,3924.071777,3671.614746,3643.227051,-1929.494873,-2769.414795,-2973.465088,-1655.573975,-3258.776123,19.0,3.0
10588.879883,3939.01416,3681.537109,3636.497314,-1947.87854,-2774.827881,-2953.589111,-1660.095215,-3254.285645,19.0,3.0
10592.280273,3960.893066,3697.425781,3644.339844,-1984.369629,-2762.674561,-2896.313232,-1618.901367,-3253.207031,19.0,3.0
10595.719727,3949.695312,3717.520752,3644.072998,-1994.644531,-2746.25708,-2915.999756,-1614.861328,-3235.249512,19.0,3.0
10599.169922,3938.841309,3706.530518,3658.970703,-1972.017456,-2750.468506,-2853.075928,-1586.998901,-3233.645996,19.0,3.0
10602.570312,3942.656494,3720.435791,3671.195068,-1989.74939,-2741.663086,-2858.583984,-1583.274292,-3237.09375,19.0,3.0
10606.030273,3943.214111,3722.112061,3683.121582,-1981.384766,-2731.630127,-2827.286865,-1577.029907,-3223.409912,19.0,3.0
10609.419922,3941.693604,3708.434326,3680.345703,-1966.54126,-2726.907715,-2793.253662,-1542.629517,-3223.566895,19.0,3.0
10612.969727,3946.075928,3732.11499,3698.246582,-1947.011108,-2839.194092,-2609.949463,-1398.957153,-3206.908203,20.0,1.0
10616.379883,3968.87207,3677.494385,3689.217041,-1858.033813,-2618.182129,-2696.842041,-1461.293823,-3197.279053,20.0,1.0
10619.820312,3945.875732,3759.911621,3701.602295,-1953.342163,-2641.072021,-2644.043457,-1441.55835,-3180.256104,20.0,1.0
10623.219727,3963.973633,3780.849365,3697.730957,-1905.031006,-2631.03833,-2674.603516,-1438.652466,-3190.361328,20.0,1.0
10626.629883,3953.862549,3784.084717,3698.877686,-1913.75415,-2619.067383,-2654.689209,-1420.745483,-3171.407715,20.0,1.0
10630.030273,3936.633545,3782.743896,3699.392822,-1881.078003,-2555.548584,-2578.720703,-1402.184204,-3165.279297,20.0,1.0
10633.469727,3940.943848,3806.912842,3717.504639,-1856.495972,-2562.556396,-2579.997314,-1410.603027,-3161.354492,20.0,1.0
10636.919922,3951.576904,3816.841309,3711.218506,-1869.607666,-2542.384521,-2554.546143,-1405.930054,-3163.024658,20.0,1.0
10640.320312,3949.973145,3810.556641,3723.586426,-1840.263306,-2530.268066,-2521.18457,-1351.877686,-3145.6604,20.0,1.0
10643.780273,3949.226562,3820.765381,3746.558594,-1756.082031,-2411.3479,-2416.253662,-1305.861694,-3146.283203,20.0,1.0
10647.169922,3939.159668,3851.009766,3750.884277,-1653.68457,-2326.9375,-2410.104492,-1392.646362,-3293.81665,20.0,1.0
10650.629883,3940.25708,3877.410645,3777.624268,-1499.661255,-2166.759521,-2264.789795,-1327.759888,-3091.834229,20.0,1.0
10654.030273,3927.655273,3951.358887,3799.524658,-1350.262939,-2010.954712,-2047.974121,-1069.724854,-2859.71167,20.0,1.0
10657.469727,3929.852051,3976.490234,3819.10083,-1163.767456,-1890.739014,-1967.475586,-824.104492,-2497.446777,20.0,1.0
10660.879883,3937.908203,4037.174805,3792.215332,-1198.53125,-1732.797974,-1663.345581,-467.243134,-2297.215088,20.0,1.0
10664.320312,3922.991943,4017.319092,3705.649902,-938.491882,-1419.359009,-1368.064819,-287.757233,-2140.989258,20.0,1.0
10667.719727,4002.32373,4085.753174,3665.537598,-646.641357,-1121.666992,-1147.934692,-98.359398,-2079.851074,20.0,1.0
10671.169922,3986.018311,4215.29834,3717.659668,-397.676697,-956.306152,-1010.289001,-75.028458,-2097.72876,20.0,1.0
10674.530273,4044.358154,4285.015625,3760.291992,-279.019562,-873.939148,-958.735596,-100.929054,-1991.71582,20.0,1.0
10677.969727,4071.348145,4323.59375,3823.169678,-225.695557,-831.377625,-933.337341,-73.007156,-1928.852173,20.0,1.0
10681.419922,4213.819824,4361.770996,3898.486816,-155.277374,-812.750793,-933.599609,-29.34495,-1879.013672,20.0,1.0
10684.820312,4208.580078,4396.126953,3957.001709,-143.057053,-817.972839,-930.188843,-2.140148,-1860.404541,20.0,1.0
10688.280273,4232.555176,4437.192383,3984.01709,-122.450806,-806.062927,-902.532104,9.689533,-1874.591309,20.0,1.0
10691.669922,4253.496582,4445.945312,3986.647949,-116.510567,-782.645142,-885.410217,35.068291,-1823.592896,20.0,1.0
10695.129883,4252.200195,4452.48584,3995.812256,-85.481903,-768.041931,-874.315063,42.885563,-1824.929565,20.0,1.0
10698.530273,4255.033691,4461.624512,4000.425293,-79.976814,-762.2677,-868.883606,39.648251,-1820.779297,20.0,1.0
10701.969727,4257.234863,4468.208496,4002.187988,-80.924133,-757.746643,-864.351013,33.071762,-1816.708862,20.0,1.0
10705.379883,4260.354004,4469.976074,4003.085937,-82.277908,-755.009888,-861.974731,32.158413,-1808.681152,20.0,1.0
10708.820312,4262.800293,4470.14502,4003.803711,-82.385826,-752.766052,-860.812805,31.675209,-1808.406494,20.0,1.0
10712.219727,4262.772949,4469.826172,4004.105957,-82.442757,-750.470276,-860.95929,34.576839,-1806.725342,20.0,1.0
10715.669922,4265.173828,4469.546875,4004.462646,-80.015991,-749.079773,-856.171387,35.815128,-1801.364746,20.0,1.0
10719.129883,4265.168945,4468.361816,4004.555176,-77.618484,-745.971252,-855.473083,36.572498,-1800.121338,20.0,1.0
10722.469727,4264.876465,4468.04541,4004.642334,-75.483986,-744.742676,-850.564636,39.859886,-1798.922119,20.0,1.0
10725.919922,4266.228516,4467.762695,4005.789551,-75.799614,-743.55188,-850.060608,40.663193,-1796.473877,20.0,1.0
10729.320312,4266.210449,4467.475586,4005.480469,-74.413605,-741.993652,-848.678406,41.645329,-1796.365479,20.0,1.0
10732.780273,4267.84082,4467.443848,4005.914307,-72.123375,-740.867249,-847.745178,43.867138,-1794.165649,20.0,1.0
10736.169922,4267.139648,4466.522461,4005.95752,-73.029129,-741.259583,-847.892822,43.662216,-1793.769287,20.0,1.0
10739.629883,4267.763672,4467.067871,4005.191895,-68.419815,-738.817322,-845.875549,46.155247,-1794.786499,20.0,1.0
10743.030273,4267.379883,4465.569336,4006.102539,-68.766487,-738.139709,-844.892944,45.439667,-1792.990356,20.0,1.0
10746.530273,4268.311523,4465.595703,4005.158203,-69.496315,-737.466858,-842.157776,45.213757,-1794.05542,20.0,1.0
10749.919922,4267.569336,4465.647949,4006.13208,-69.758415,-737.52832,-843.857971,46.682766,-1793.807739,20.0,1.0
10753.379883,4267.930664,4464.771484,4006.711914,-68.010216,-736.983582,-844.094849,47.434776,-1794.039307,20.0,1.0
10756.719727,4267.342285,4463.497559,4006.498291,-65.424644,-735.725159,-842.117798,47.471222,-1792.029419,20.0,1.0
10760.169922,4268.264648,4463.322754,4007.285645,-66.187866,-735.285156,-841.936157,47.86327,-1792.372192,20.0,1.0
10763.629883,4267.936035,4463.737793,4007.666016,-63.092758,-733.844543,-841.627625,49.013622,-1792.608521,20.0,1.0
10767.030273,4267.885254,4463.187988,4006.696533,-63.444721,-734.327332,-842.303406,49.516926,-1794.580566,20.0,1.0
10770.469727,4268.208008,4463.336914,4007.339844,-61.464581,-732.636353,-841.094971,50.238213,-1794.571777,20.0,1.0
10773.879883,4268.603027,4463.547852,4007.21582,-59.561546,-731.99823,-840.253052,51.801109,-1793.614868,20.0,1.0
10777.320312,4268.839844,4463.05957,4007.17334,-60.181549,-732.141296,-839.257812,51.13998,-1793.42688,20.0,1.0
10780.719727,4268.945801,4462.387207,4006.73999,-62.506184,-728.294189,-840.558716,52.53231,-1795.591919,20.0,1.0
10784.169922,4269.994141,4462.333984,4006.720459,-58.470905,-730.025696,-840.026123,53.319534,-1793.205811,20.0,1.0
10787.570312,4268.549316,4461.960937,4007.107178,-57.489944,-730.873474,-839.978943,53.595081,-1798.03479,20.0,1.0
10791.030273,4269.972656,4461.874512,4007.73291,-58.373013,-731.41156,-840.232849,55.519245,-1796.86084,20.0,1.0
10794.419922,4269.788086,4462.446289,4007.374512,-58.605274,-731.295227,-840.69397,55.153206,-1796.205933,20.0,1.0
10797.879883,4270.064941,4461.52002,4006.923584,-56.301659,-730.586304,-840.01532,57.213749,-1795.95752,20.0,1.0
10801.320312,4270.884766,4461.333496,4006.927734,-55.818329,-730.798279,-839.754578,56.619141,-1797.680664,20.0,1.0
10804.719727,4273.697266,4460.541504,4006.782959,-55.551064,-730.10968,-839.425171,56.544785,-1801.056519,20.0,1.0
10808.169922,4277.41748,4461.07373,4007.512695,-54.850235,-729.329712,-836.994507,58.998425,-1799.768555,20.0,1.0
10811.570312,4277.429199,4460.605469,4007.661377,-54.630352,-728.272705,-838.527771,59.653748,-1800.2948,20.0,1.0
10815.030273,4271.869141,4460.529785,4006.565186,-51.792763,-728.838318,-838.975708,60.800983,-1798.777466,20.0,1.0
10818.419922,4272.308594,4459.71582,4006.627686,-53.848263,-728.743835,-838.573853,62.060169,-1797.667725,20.0,1.0
10821.879883,4272.194824,4459.721191,4007.220459,-51.825001,-727.763245,-838.533447,62.641254,-1801.286865,20.0,1.0
10825.280273,4272.912598,4459.969727,4008.121582,-52.040676,-729.637634,-837.958435,62.518452,-1802.172974,20.0,1.0
10828.719727,4272.298828,4459.617676,4008.961182,-53.496532,-727.852905,-837.24762,63.638187,-1801.146973,20.0,1.0
10832.129883,4271.774902,4458.13623,4006.345459,-53.951317,-727.550476,-837.429687,63.08276,-1801.033203,20.0,1.0
10835.570312,4272.508301,4458.25,4006.778076,-52.700191,-728.162476,-837.622437,63.962578,-1801.985474,20.0,1.0
10838.969727,4277.444336,4458.462891,4006.884277,-50.257786,-727.171265,-836.059326,64.73027,-1803.372437,20.0,1.0
10842.419922,4278.20752,4457.458496,4006.864014,-50.710152,-726.713257,-837.313293,64.964157,-1804.465942,20.0,1.0
10845.879883,4278.524902,4457.561035,4006.980957,-49.269455,-726.73938,-838.11792,65.746376,-1804.624512,20.0,1.0
10849.219727,4272.47998,4457.447266,4007.205566,-48.885784,-726.21582,-837.335327,65.329269,-1803.918579,20.0,1.0
10852.669922,4273.042969,4457.335449,4007.312988,-49.906006,-725.951721,-837.398254,65.664169,-1804.513062,20.0,1.0
10856.070312,4278.987793,4456.833008,4007.486084,-49.535435,-726.281921,-837.250916,65.79438,-1804.628662,20.0,1.0
10859.530273,4280.014648,4454.49707,3994.158691,-49.184963,-725.360657,-836.528015,66.829163,-1806.148193,20.0,1.0
10862.919922,4272.300781,4455.756348,4007.263672,-50.75209,-725.07019,-836.264343,67.57354,-1804.931396,20.0,1.0
10866.379883,4273.74707,4456.029785,4007.398437,-47.843784,-724.829773,-836.074585,67.184914,-1804.808228,20.0,1.0
10869.780273,4278.932129,4455.112305,4007.753906,-48.100613,-725.267029,-837.075684,66.658691,-1803.762451,20.0,1.0
10873.219727,4279.851562,4455.204102,4008.074707,-49.148151,-724.922852,-836.137573,68.617592,-1806.040283,20.0,1.0
10876.629883,4278.339844,4454.870605,4007.711914,-49.03532,-724.84082,-836.726013,68.550186,-1809.840332,20.0,1.0
10880.070312,4274.438477,4453.929687,4007.520996,-49.649956,-724.765015,-836.363708,66.98307,-1807.692993,20.0,1.0
10883.530273,4273.224609,4453.774414,4007.597168,-46.754105,-723.896851,-835.714783,72.513168,-1810.482666,20.0,1.0
10886.919922,4273.13916,4453.747559,4006.909424,-46.734615,-722.53186,-837.022705,65.728584,-1804.073242,20.0,1.0
10890.379883,4274.285156,4453.254883,4007.754639,-46.10928,-723.990479,-837.529114,69.047218,-1805.499512,20.0,1.0
10893.780273,4273.601074,4453.283203,4003.965576,-47.442669,-724.530151,-836.126526,68.23378,-1808.112549,20.0,1.0
10897.219727,4273.146484,4453.293457,4007.366211,-48.30785,-724.642517,-836.883545,67.542923,-1806.957764,20.0,1.0
10900.629883,4279.69873,4451.916504,4006.845459,-47.000229,-723.925415,-837.131836,67.55146,-1806.508789,20.0,1.0
10904.070312,4265.927246,4452.80127,4007.270996,-48.991745,-725.355835,-836.764282,67.921707,-1805.791504,20.0,1.0
10907.469727,3850.222412,4451.59082,4009.158447,-48.726009,-724.484375,-836.870972,65.713531,-1807.43689,20.0,1.0
10910.919922,4273.67627,4451.893066,4005.313477,-47.673084,-725.286133,-837.356689,67.583405,-1808.518433,20.0,1.0
10914.320312,4272.358398,4451.592285,4006.470459,-47.654778,-725.222839,-837.239441,65.965324,-1809.568726,20.0,1.0
10917.780273,4273.102051,4451.081543,4006.593506,-47.316246,-725.271667,-837.736755,67.447906,-1809.686157,20.0,1.0
10921.169922,4273.516113,4451.057129,4006.075439,-47.953934,-725.231018,-837.611877,67.08847,-1811.356567,20.0,1.0
10924.629883,4271.621582,4450.963379,4007.664307,-48.959816,-725.276794,-837.694641,64.512726,-1808.684814,20.0,1.0
10928.070312,4268.850586,4450.871094,3980.828857,-46.811104,-725.9646,-838.578064,67.21994,-1811.625,20.0,1.0
10931.5,4272.728516,4448.727051,4006.489746,-48.306599,-726.114624,-838.658936,66.101814,-1811.033936,20.0,1.0
10934.969727,4274.013672,4451.163574,4006.450439,-47.555962,-725.902222,-838.86792,66.384933,-1811.631714,20.0,1.0
10938.379883,4279.944336,4450.312988,4009.808838,-45.841225,-725.363647,-839.115784,64.802086,-1810.955566,20.0,1.0
10941.820312,4273.853516,4450.669434,4006.346924,-54.954582,-727.071411,-839.959473,64.9282,-1811.524536,20.0,1.0
10945.219727,4280.338379,4448.575684,4005.954346,-51.455555,-726.393982,-839.657043,66.565796,-1810.495239,20.0,1.0
10948.669922,4279.510742,4449.455078,4005.590088,-49.212067,-732.02771,-842.968933,64.490021,-1812.318726,20.0,1.0
10952.030273,4279.460937,4446.803711,4006.563721,-49.398064,-727.721863,-840.92572,64.616096,-1815.174683,20.0,1.0
10955.469727,4280.121582,4446.020508,4007.148682,-52.044941,-727.927551,-840.991089,64.046463,-1814.450195,20.0,1.0
10958.879883,4274.008301,4446.696289,4006.499023,-49.798637,-728.342285,-841.664856,64.49073,-1813.023437,20.0,1.0
10962.379883,4272.063477,4446.947754,4006.849609,-51.008636,-728.526306,-841.173645,58.904572,-1812.72168,20.0,1.0
10965.820312,4270.995117,4445.64209,4007.361816,-51.905861,-728.729431,-841.577209,62.787418,-1815.204224,20.0,1.0
10969.219727,4272.345215,4445.678711,4006.524658,-53.2598,-728.754822,-845.193237,65.072952,-1813.312622,20.0,1.0
10972.669922,4272.253906,4445.25,4007.521729,-52.173241,-728.473694,-842.25769,68.889175,-1810.994385,20.0,1.0
10976.030273,4271.819824,4446.437012,4005.569824,-49.566498,-729.605164,-842.604553,63.389126,-1815.102539,20.0,1.0
10979.469727,4273.395996,4445.525879,4006.791992,-57.702862,-742.479492,-841.986511,63.498978,-1816.00061,20.0,1.0
10982.879883,4272.668945,4445.443848,4006.642578,-51.486824,-729.082947,-843.092041,63.683037,-1813.56311,20.0,1.0
10986.320312,4273.255371,4445.299316,4006.722412,-51.182549,-729.459412,-842.240417,63.762012,-1823.370239,20.0,1.0
10989.719727,4273.992187,4445.189941,4006.664307,-52.335983,-728.575317,-842.832764,62.612244,-1814.430664,20.0,1.0
10993.169922,4272.999023,4421.83252,4006.316162,-53.772152,-736.299255,-842.864807,63.665073,-1815.478027,20.0,1.0
10996.530273,4277.45166,4443.810059,4005.681641,-53.85685,-728.771973,-842.330933,64.354202,-1818.688477,20.0,1.0
10999.969727,4279.658203,4444.680176,4006.428467,-53.379005,-729.825989,-842.577698,63.07217,-1817.306396,20.0,1.0
11003.379883,4276.478516,4443.928711,4007.239258,-52.890087,-729.438904,-842.810852,63.810638,-1823.796875,20.0,1.0
11006.820312,4279.079102,4442.179687,4006.570312,-52.715408,-728.317871,-841.797668,64.421532,-1825.541138,20.0,1.0
11010.280273,4279.11084,4443.033691,4006.691162,-50.969242,-729.368408,-841.694275,64.80471,-1826.644409,20.0,1.0
11013.629883,4278.498535,4442.618652,4005.87085,-51.883129,-729.075989,-842.078796,66.132133,-1826.235718,20.0,1.0
11017.070312,4272.847168,4442.498535,4007.283203,-51.712051,-731.169678,-841.566956,64.574348,-1822.291748,20.0,1.0
11020.469727,4272.327637,4441.387695,4006.079834,-52.881535,-728.578674,-844.823059,67.1866,-1832.247681,20.0,1.0
11023.919922,4271.389648,4442.242676,4006.851807,-51.684563,-726.975525,-841.912292,65.385628,-1820.232666,20.0,1.0
11027.320312,4272.352539,4442.487793,4007.110352,-50.660576,-728.427307,-841.935486,64.940178,-1818.0802,20.0,1.0
11030.780273,4273.279297,4441.344238,4006.630859,-52.070801,-731.868164,-842.113037,65.002014,-1822.262939,20.0,1.0
11034.169922,4272.202637,4441.313477,4006.028564,-50.527359,-728.472351,-843.298218,64.61721,-1825.594727,20.0,1.0
11037.629883,4273.270508,4441.054199,4006.061523,-51.121803,-728.669128,-842.99115,64.701279,-1824.230835,20.0,1.0
11041.030273,4271.652344,4439.991211,4006.146729,-50.034077,-729.597534,-843.068787,63.729252,-1826.582642,20.0,1.0
11044.469727,4272.27832,4439.89502,4005.800781,-51.713314,-728.479553,-845.188232,63.61533,-1821.941406,20.0,1.0
11047.919922,4272.166016,4439.015625,4004.682617,-50.357967,-729.790649,-844.048584,62.737366,-1821.778931,20.0,1.0
11051.280273,4270.94043,4438.55957,4006.124756,-51.022499,-730.840942,-845.804749,63.141457,-1821.502563,20.0,1.0
11054.719727,4271.422852,4434.958496,4005.155518,-50.287941,-730.515625,-845.07135,61.956287,-1825.33374,20.0,1.0
11058.129883,4270.572266,4437.803711,4005.037842,-53.801044,-729.590271,-845.655579,61.703545,-1824.008179,20.0,1.0
11061.570312,4271.617676,4436.640625,4004.323486,-52.476181,-731.625549,-846.40863,61.331207,-1826.258423,20.0,1.0
11064.919922,4270.085449,4437.300781,4006.518799,-53.312164,-732.236633,-846.504395,60.711914,-1824.938477,20.0,1.0
11068.379883,4269.677246,4437.10791,4004.767334,-54.586979,-732.396729,-846.636047,60.646862,-1826.472168,20.0,1.0
11071.780273,4270.799316,4436.559082,4005.012939,-52.912987,-732.642395,-847.270386,59.978741,-1828.713013,20.0,1.0
11075.219727,4271.324707,4436.374512,3997.804199,-55.535267,-733.266602,-847.432983,60.069851,-1830.017334,20.0,1.0
11078.629883,4270.553711,4435.615234,4004.42627,-55.297306,-733.880066,-848.88446,58.946388,-1827.254883,20.0,1.0
11082.070312,4270.491699,4435.404297,4004.625488,-55.712524,-734.912048,-849.008362,58.34972,-1829.994873,20.0,1.0
11085.469727,4270.392578,4434.007324,4004.380859,-53.295109,-737.054565,-849.34137,57.619556,-1826.028076,20.0,1.0
11088.879883,4270.916992,4435.394531,4004.561035,-52.887581,-734.933655,-849.88855,59.387268,-1825.469604,20.0,1.0
11092.320312,4271.053223,4434.928223,4004.653564,-53.924164,-735.82666,-850.221619,58.342636,-1827.738403,20.0,1.0
11095.719727,4269.505371,4434.434082,4004.471191,-52.885151,-736.822815,-850.599731,56.902733,-1831.96228,20.0,1.0
11099.169922,4271.997559,4433.493652,4003.96582,-53.842945,-736.759155,-851.431702,55.14006,-1828.417603,20.0,1.0
11102.530273,4269.608398,4433.914551,4003.943848,-53.568451,-736.527222,-851.413696,57.215809,-1857.207764,20.0,1.0
11105.969727,4271.643555,4433.755859,4003.91626,-57.72039,-736.873474,-850.117493,56.406166,-1831.744995,20.0,1.0
11109.379883,4267.129883,4432.570801,4004.122314,-56.244606,-736.713562,-850.228149,55.960754,-1834.971558,20.0,1.0
11112.820312,4270.47998,4430.060059,3997.390625,-56.031979,-737.657288,-852.30426,55.114964,-1830.442871,20.0,1.0
11116.219727,4269.432617,4431.964355,4003.278564,-56.661213,-737.808105,-852.56012,55.844376,-1831.348633,20.0,1.0
11119.669922,4269.697266,4432.180664,4003.63916,-57.219967,-738.115356,-852.485229,55.599945,-1828.192505,20.0,1.0
11123.070312,4269.449219,4431.430664,4003.263428,-57.785427,-738.000122,-852.943604,55.009964,-1833.722656,20.0,1.0
11126.469727,4269.265137,4431.453125,4003.594971,-54.02198,-737.642456,-852.389465,55.404465,-1834.898437,20.0,1.0
11129.919922,4268.573242,4430.318848,4003.806885,-56.574081,-737.925354,-852.598999,55.515717,-1830.05542,20.0,1.0
11133.320312,4268.166504,4430.305176,4003.143799,-58.148216,-738.336975,-852.837402,55.491413,-1831.096558,20.0,1.0
11136.780273,4269.34668,4429.791504,4003.097656,-56.118702,-738.31427,-853.305664,56.704422,-1836.575073,20.0,1.0
11140.169922,4268.876953,4429.339355,4002.732666,-59.005825,-738.493774,-853.113953,54.737511,-1833.20105,20.0,1.0
11143.629883,4269.112305,4427.719727,4002.345459,-56.515842,-738.328796,-852.832397,54.537933,-1836.714844,20.0,1.0
11147.030273,4268.438965,4428.574219,4000.142334,-55.700115,-738.433838,-853.524719,54.838398,-1833.526855,20.0,1.0
11150.469727,4268.688477,4428.824707,4002.230225,-57.785793,-738.076538,-852.958618,54.944714,-1835.134033,20.0,1.0
11153.879883,4268.535156,4428.591797,4003.719971,-56.983803,-737.99176,-853.053101,54.933228,-1835.659058,20.0,1.0
11157.320312,4268.951172,4428.072266,4002.909424,-57.528633,-738.237915,-852.964905,55.450829,-1837.230713,20.0,1.0
11160.669922,4268.509277,4427.734863,4002.992187,-56.120934,-737.673462,-853.181396,55.356319,-1837.151611,20.0,1.0
11164.129883,4269.382812,4428.14209,4002.889404,-53.383728,-738.002502,-853.302856,55.130367,-1834.747925,20.0,1.0
11167.530273,4275.375977,4427.104004,4002.846191,-56.979603,-737.382263,-853.588074,54.998642,-1834.919189,20.0,1.0
11170.969727,4268.32373,4426.783203,4002.701904,-58.276249,-738.502502,-853.903259,54.998425,-1836.719604,20.0,1.0
11174.419922,4269.397949,4426.631836,4002.720459,-57.32938,-738.336121,-854.20343,34.064816,-1838.75293,20.0,1.0
11177.820312,4268.213379,4426.473145,4004.058105,-58.323738,-739.044861,-854.379211,53.321335,-1862.029907,20.0,1.0
11181.219727,4268.460937,4426.405762,4003.123291,-57.082005,-738.766968,-854.350891,54.400352,-1838.24939,20.0,1.0
11184.570312,4267.40332,4426.150391,4002.455811,-57.302433,-739.082153,-854.613342,54.30925,-1836.299194,20.0,1.0
11187.969727,4268.594238,4425.73291,4002.443359,-56.561058,-738.942139,-854.548035,53.73111,-1838.009155,20.0,1.0
11191.379883,4266.600098,4425.609375,4003.789795,-58.900738,-738.962708,-854.694336,54.117149,-1836.599854,20.0,1.0
11194.879883,4269.113281,4425.125488,4002.690918,-56.504082,-739.566589,-854.954651,54.40237,-1840.031982,20.0,1.0
11198.280273,4267.868652,4424.021973,4002.635742,-56.18309,-738.854126,-855.820923,56.077888,-1836.005981,20.0,1.0
11201.719727,4268.028809,4423.875488,4002.119873,-58.910599,-740.951721,-856.174255,52.373508,-1841.314209,20.0,1.0
11205.129883,4267.36084,4423.792969,4001.302734,-59.032623,-740.463684,-856.789246,50.873272,-1840.292114,20.0,1.0
11208.570312,4268.256348,4423.271973,3998.128418,-58.574612,-741.202698,-857.540955,51.103905,-1846.454712,20.0,1.0
11212.030273,4266.687012,4422.72998,4001.70459,-57.278118,-741.859314,-855.735046,51.093594,-1843.244263,20.0,1.0
11215.530273,4265.626953,4422.16748,4001.845947,-60.091331,-744.240356,-859.870117,48.719009,-1842.89209,21.0,2.0
11218.969727,4267.352539,4421.974609,4001.286621,-60.83604,-744.864807,-860.269104,48.30703,-1842.090088,21.0,2.0
11222.379883,4266.857422,4421.929687,4001.602051,-61.032665,-744.014282,-860.184265,48.870163,-1839.665039,21.0,2.0
11225.820312,4272.09668,4421.658203,4001.078369,-59.49506,-745.341492,-858.409729,47.979885,-1843.957275,21.0,2.0
11229.219727,4273.287109,4421.3125,4002.416504,-62.734241,-745.449829,-861.400574,47.129768,-1845.430542,21.0,2.0
11232.669922,4266.665527,4420.809082,4001.885254,-62.49749,-745.892639,-862.228821,46.959732,-1845.13623,21.0,2.0
11236.070312,4266.217285,4420.503906,4001.541504,-61.609604,-746.363708,-863.210754,46.404613,-1840.42749,21.0,2.0
11239.530273,4266.788086,4420.439941,4001.160889,-62.901558,-746.580322,-863.597412,45.167549,-1844.943237,21.0,2.0
11242.919922,4265.889648,4419.16748,4001.737549,-65.469803,-747.154724,-863.901123,41.339237,-1845.845093,21.0,2.0
11246.379883,4266.455566,4419.148437,4001.116211,-62.824795,-747.621582,-864.070984,44.336521,-1847.121338,21.0,2.0
11249.780273,4266.25,4418.657227,4001.831787,-64.264107,-747.909302,-864.45697,44.188255,-1844.031494,21.0,2.0
11253.219727,4265.920898,4418.365723,4001.217041,-65.203362,-748.110107,-863.968079,44.042725,-1843.407471,21.0,2.0
11256.669922,4271.972656,4418.213379,4001.202148,-64.743744,-747.965515,-864.108826,44.156887,-1843.124023,21.0,2.0
11260.030273,4265.087891,4417.393066,4000.824463,-63.054871,-747.730286,-862.811768,44.718334,-1839.614502,21.0,2.0
11263.469727,4265.447266,4417.557617,4001.031494,-63.880165,-747.319519,-860.75531,44.502308,-1840.708496,21.0,2.0
11266.879883,4264.169434,4416.416016,4000.809326,-66.07695,-746.71051,-876.461731,45.446384,-1842.608154,21.0,2.0
11270.320312,4271.696289,4416.52002,4001.521973,-63.715698,-746.727661,-861.273804,43.582954,-1848.214355,21.0,2.0
11273.719727,4264.416016,4415.311523,4000.844238,-64.783005,-747.007874,-862.045715,44.499531,-1858.357788,21.0,2.0
11277.129883,4264.814453,4415.838867,4001.078613,-62.0714,-747.491638,-862.189331,42.63353,-1847.425659,21.0,2.0
11280.469727,4265.102539,4415.088379,4001.654541,-62.258175,-744.99939,-862.948914,42.191463,-1846.640869,21.0,2.0
11283.919922,4264.730957,4415.018066,4000.153564,-65.73114,-748.259399,-862.308899,40.874035,-1848.976318,21.0,2.0
11287.320312,4269.713867,4414.422852,4002.481689,-65.653793,-749.701477,-864.421021,40.730057,-1848.556763,21.0,2.0
11290.780273,4271.511719,4413.763672,4000.675781,-65.385201,-750.227051,-865.222778,40.060555,-1858.323608,21.0,2.0
11294.219727,4271.771484,4413.939453,4001.595947,-64.581467,-749.922302,-865.768616,39.323715,-1853.14209,21.0,2.0
11297.629883,4271.800293,4413.5625,4000.857422,-66.949867,-750.938232,-867.393677,39.094833,-1853.100708,21.0,2.0
11301.129883,4272.074707,4413.418945,4000.978027,-64.012962,-752.012329,-869.329041,37.71402,-1858.600586,21.0,2.0
11304.530273,4265.036133,4412.385742,4000.621094,-67.435234,-753.65918,-869.167419,36.638615,-1858.838379,21.0,2.0
11307.969727,4264.243652,4412.693848,4000.303711,-67.859848,-753.349182,-869.631897,36.207947,-1859.57373,21.0,2.0
11311.379883,4264.359863,4411.196777,3997.699219,-68.296921,-753.458374,-870.359009,34.865807,-1858.657227,21.0,2.0
11314.820312,4263.249023,4410.98291,4000.073242,-68.884422,-755.212646,-871.814453,33.908016,-1854.932373,21.0,2.0
11318.219727,4264.464844,4409.946289,4000.161377,-70.223206,-755.454468,-872.308411,34.176716,-1858.595459,21.0,2.0
11321.669922,4270.520996,4410.303223,4000.345215,-69.558342,-755.593384,-872.889893,33.088657,-1862.285767,21.0,2.0
11325.070312,4270.337402,4410.161621,4000.531738,-69.93869,-755.997437,-873.674683,32.822979,-1864.038452,21.0,2.0
11328.530273,4264.563965,4409.765137,4000.271484,-68.477524,-756.724304,-874.215698,32.602596,-1863.509644,21.0,2.0
11331.919922,4264.146484,4409.483887,4000.524414,-70.516129,-756.845886,-874.924011,31.144749,-1866.915405,21.0,2.0
11335.379883,4264.625488,4409.143066,4000.064209,-72.208374,-757.396301,-876.063782,30.861479,-1866.422852,21.0,2.0
11338.820312,4264.081055,4408.89209,4000.35791,-70.968681,-758.250732,-876.574341,29.904821,-1865.032471,21.0,2.0
11342.219727,4263.347168,4408.539551,3999.804687,-73.107803,-757.368347,-877.286743,30.290531,-1870.295776,21.0,2.0
11345.669922,4270.128906,4408.280273,3999.728516,-73.014015,-758.818054,-878.211792,29.676142,-1871.972168,21.0,2.0
11349.070312,4263.745605,4407.740234,3999.686035,-73.422348,-759.652649,-878.904541,27.660471,-1869.768188,21.0,2.0
11352.530273,4263.751953,4406.744629,3999.350586,-71.046616,-759.711914,-879.834351,27.634233,-1871.379761,21.0,2.0
11355.919922,4263.100586,4407.300781,3999.361572,-72.975899,-760.496826,-880.77771,26.383516,-1873.474243,21.0,2.0
11359.379883,4262.882324,4406.953613,3999.12085,-73.627266,-760.893433,-881.671387,26.223719,-1871.71521,21.0,2.0
11362.780273,4262.978516,4406.591797,3999.098877,-72.592354,-761.026062,-881.76239,25.517391,-1875.040283,21.0,2.0
11366.219727,4262.738281,4406.027344,3998.522705,-77.433968,-762.782776,-883.070984,24.231283,-1872.05249,21.0,2.0
11369.629883,4262.558594,4406.167969,3998.637695,-75.251625,-762.674744,-883.764282,23.729488,-1875.354004,21.0,2.0
11373.070312,4263.17627,4406.654297,3998.778809,-77.085449,-763.477234,-884.944092,22.369862,-1877.659302,21.0,2.0
11376.530273,4262.777344,4405.609375,3998.541992,-76.418381,-764.416077,-885.624146,21.299158,-1879.793823,21.0,2.0
11379.919922,4262.041504,4404.578613,3998.134521,-78.151917,-765.671692,-887.249207,20.534353,-1874.26062,21.0,2.0
11383.379883,4262.711914,4404.102539,3997.950928,-78.913185,-766.033386,-887.924561,18.840034,-1879.870605,21.0,2.0
11386.780273,4261.981934,4404.294434,3997.783203,-79.233429,-767.05896,-888.999939,18.674929,-1880.175171,21.0,2.0
11390.219727,4261.782227,4403.702637,3997.619629,-81.360931,-768.126282,-889.825989,17.369265,-1886.731323,21.0,2.0
11393.629883,4264.278809,4403.17627,3996.55835,-80.506996,-768.840149,-895.822632,16.304348,-1885.077637,21.0,2.0
11397.070312,4261.710937,4402.76416,3997.113037,-81.689758,-768.901733,-892.358337,14.03348,-1889.156372,21.0,2.0
11400.469727,4266.410645,4402.125488,4000.924316,-82.594818,-770.211853,-893.317871,14.036732,-1888.94397,21.0,2.0
11403.919922,4267.004395,4402.137695,3996.463379,-80.779579,-771.922485,-894.031311,12.967992,-1888.87793,21.0,2.0
11407.280273,4265.825684,4401.6875,3996.824707,-81.61055,-772.076965,-894.769958,12.148422,-1885.727661,21.0,2.0
11410.719727,4261.382812,4396.641113,3996.233154,-82.787186,-772.724731,-895.889709,12.181334,-1890.047119,21.0,2.0
11414.129883,4260.358398,4397.147949,3995.808594,-84.696663,-773.651672,-897.200134,10.557219,-1895.855103,21.0,2.0
11417.570312,4259.430176,4400.482422,3995.784424,-84.308372,-773.968872,-897.339355,9.207609,-1894.26355,21.0,2.0
11421.030273,4266.0,4399.797363,3995.821533,-85.718704,-775.027954,-897.955078,9.615175,-1891.295166,21.0,2.0
11424.419922,4259.428223,4399.08252,3995.786621,-86.596802,-775.390503,-899.274719,8.289054,-1895.484009,21.0,2.0
11427.879883,4258.875977,4398.724609,3995.271484,-85.90789,-775.805786,-899.48291,7.857708,-1896.761841,21.0,2.0
11431.280273,4259.681152,4398.579102,3995.49707,-87.01355,-776.557617,-900.273132,7.645587,-1901.562988,21.0,2.0
11434.719727,4258.290039,4398.646973,3994.324707,-87.496796,-776.773499,-900.59906,7.188244,-1900.274902,21.0,2.0
11438.129883,4264.464355,4397.891602,3995.246826,-89.239883,-777.33429,-901.005493,6.238595,-1896.273804,21.0,2.0
11441.570312,4265.104492,4399.786621,3995.407959,-87.988014,-777.636658,-901.81366,5.88121,-1903.034302,21.0,2.0
11444.969727,4264.616211,4396.607422,3994.955811,-89.616165,-778.694153,-902.7901,4.7288,-1899.828125,21.0,2.0
11448.379883,4258.773437,4396.784668,3994.991943,-87.920403,-778.59436,-903.519043,3.694025,-1906.363403,21.0,2.0
11451.780273,4258.279297,4396.249023,3994.513916,-88.026428,-779.548279,-904.256287,3.662832,-1900.442017,21.0,2.0
11455.219727,4258.962402,4396.352539,3995.176514,-89.723366,-779.871033,-904.422424,3.237457,-1902.050659,21.0,2.0
11458.669922,4258.430664,4395.796387,3994.612793,-91.50341,-780.732178,-905.793518,2.263839,-1906.219849,21.0,2.0
11462.070312,4257.745117,4395.614258,3994.536865,-90.985855,-781.058411,-905.935303,2.13606,-1909.759399,21.0,2.0
11465.530273,4258.276855,4395.554199,3994.516357,-91.407913,-781.53894,-906.881897,1.568772,-1915.98938,21.0,2.0
11468.919922,4257.240723,4394.282227,3994.626465,-93.161766,-783.040222,-907.069702,0.627799,-1922.346558,21.0,2.0
11472.379883,4259.178711,4394.10498,3993.905029,-92.175995,-782.395508,-907.648193,-0.203121,-1913.488037,21.0,2.0
11475.780273,4257.081055,4392.887207,3993.783203,-93.185966,-783.502441,-908.973511,-0.74329,-1913.644653,21.0,2.0
11479.219727,4257.104004,4393.348145,3994.289795,-94.823318,-780.771179,-910.01178,-1.777506,-1910.560425,21.0,2.0
11482.629883,4256.694824,4392.574219,3993.362549,-93.906906,-784.732971,-911.190918,-2.94537,-1911.638306,21.0,2.0
11486.070312,4257.191406,4392.625977,3992.854736,-94.457054,-784.914429,-910.980957,-3.621557,-1918.7771,21.0,2.0
11489.419922,4261.913086,4391.46875,3993.267578,-96.054817,-786.507812,-912.456787,-5.062586,-1918.044067,21.0,2.0
11492.879883,4262.182617,4391.073242,3993.343018,-97.567589,-809.985046,-913.282166,-5.69043,-1921.173584,21.0,2.0
11496.280273,4262.025879,4391.063965,3993.315674,-97.953606,-787.913513,-914.209045,-6.462922,-1920.152344,21.0,2.0
11499.719727,4256.635742,4390.986816,3993.130371,-98.074318,-788.172852,-915.644714,-7.184354,-1930.899292,21.0,2.0
11503.219727,4256.338867,4390.186523,3993.074707,-100.69342,-789.509521,-916.422363,-8.866839,-1923.81543,21.0,2.0
11506.629883,4261.211914,4389.470215,3992.909912,-100.183548,-790.328308,-917.585022,-9.889527,-1916.932617,21.0,2.0
11510.070312,4261.760742,4390.152832,3988.09668,-100.30835,-790.865723,-918.354126,-10.516927,-1923.865356,21.0,2.0
11513.469727,4260.816406,4389.066406,3992.715088,-102.059372,-791.984131,-919.56073,-11.09075,-1921.890381,21.0,2.0
11516.919922,4260.858398,4388.537109,3992.575928,-101.949852,-792.986572,-920.553345,-9.63702,-1927.034302,21.0,2.0
11520.280273,4254.739746,4388.739746,3993.031738,-101.617737,-792.877747,-920.602051,-12.570102,-1928.045898,21.0,2.0
11523.719727,4254.223145,4388.120117,3992.878662,-101.739899,-793.183105,-921.106873,-10.986658,-1929.4823,21.0,2.0
11527.129883,4254.834473,4388.563477,3993.052734,-102.869568,-794.205505,-922.136597,-14.143978,-1927.127197,21.0,2.0
11530.570312,4255.438965,4387.603027,3992.704346,-104.749664,-795.118042,-922.806519,-14.900403,-1929.738892,21.0,2.0
11533.969727,4254.138184,4387.504883,3992.530518,-104.866905,-795.262878,-922.511658,-13.878726,-1929.621704,21.0,2.0
11537.379883,4254.338867,4386.807129,3992.172119,-103.584084,-796.017761,-923.953613,-15.355144,-1938.080566,21.0,2.0
11540.719727,4253.633789,4386.452148,3992.038086,-104.09861,-796.123047,-924.211121,-16.179054,-1932.200317,21.0,2.0
11544.169922,4253.980957,4386.370605,3992.173584,-105.212669,-796.491638,-925.269348,-17.1675,-1930.696289,21.0,2.0
11547.629883,4253.479004,4385.799316,3991.476562,-104.849297,-797.786804,-926.351135,-18.263203,-1928.353149,21.0,2.0
11551.030273,4253.117676,4385.607422,3991.147461,-106.159264,-798.3349,-926.995361,-18.980089,-1934.652954,21.0,2.0
11554.469727,4258.875,4385.46875,3991.653076,-107.648392,-798.560364,-926.985168,-19.101448,-1932.828369,21.0,2.0
11557.879883,4257.787598,4385.026855,3990.956299,-108.135765,-799.993469,-928.837097,-20.775503,-1938.684204,21.0,2.0
11561.320312,4253.151367,4384.70166,3990.891113,-109.830101,-800.508911,-929.455322,-21.227938,-1939.478516,21.0,2.0
11564.719727,4252.448242,4384.356934,3991.051514,-109.31179,-800.871277,-930.073792,-21.590158,-1935.519165,21.0,2.0
11568.169922,4252.913086,4383.453613,3991.001953,-108.854904,-800.604858,-930.953674,-22.659773,-1932.439575,21.0,2.0
11571.570312,4252.511719,4374.028809,3990.327393,-109.49411,-801.858276,-931.120605,-23.06539,-1929.786255,21.0,2.0
11574.969727,4252.404785,4383.746094,3990.793701,-110.310135,-802.218445,-931.745911,-24.454472,-1935.613037,21.0,2.0
11578.379883,4252.161133,4383.493164,3989.781982,-112.639359,-803.715393,-935.014587,-23.514639,-1991.4646,21.0,2.0
11581.820312,4252.367187,4367.880371,3988.605957,-113.575523,-804.129333,-939.77063,-29.799303,-1974.508179,21.0,2.0
11585.280273,4251.303711,4378.587402,3985.070801,-127.730545,-810.588867,-937.640259,-27.405697,-1961.577271,21.0,2.0
11588.669922,4240.630371,4372.901367,3985.76709,-121.205612,-809.131042,-935.836914,-30.556971,-1957.379761,21.0,2.0
11592.129883,4246.704102,4380.267578,3989.662354,-115.880951,-809.315063,-935.778137,-26.117546,-1937.637817,21.0,2.0
11595.530273,4247.973145,4381.802246,3990.499268,-112.721031,-805.482544,-934.537231,-26.940218,-1970.471436,21.0,2.0
11598.969727,4246.731934,4380.787598,3990.959473,-110.930618,-804.416138,-935.573547,-26.16433,-1945.184692,21.0,2.0
11602.379883,4252.259766,4377.637695,3987.925781,-113.937828,-805.237549,-935.490784,-26.490803,-1943.387573,21.0,2.0
11605.820312,4250.805176,4380.404297,3989.625244,-116.609657,-805.674744,-935.983704,-29.949692,-1947.605713,21.0,2.0
11609.219727,4250.64502,4380.319336,3990.14209,-114.662796,-806.019287,-938.277344,-30.495985,-1946.831787,21.0,2.0
11612.669922,4250.566406,4379.930664,3989.823242,-114.427269,-807.269104,-938.695984,-31.139982,-1949.491089,21.0,2.0
11616.030273,4249.321289,4379.183105,3989.988525,-114.9804,-808.358276,-939.328308,-31.890974,-1949.317627,21.0,2.0
11619.469727,4255.57666,4379.69873,3989.559082,-115.34774,-808.880615,-940.583801,-32.467373,-1946.868896,21.0,2.0
11622.879883,4255.859375,4378.833496,3989.301758,-116.381721,-809.757629,-941.482666,-33.044521,-1945.531006,21.0,2.0
11626.320312,4256.467285,4378.765137,3989.543701,-116.312592,-809.932739,-941.477966,-34.041683,-1945.58252,21.0,2.0
11629.719727,4255.373535,4377.76123,3989.068359,-116.850609,-810.876953,-942.480896,-35.099712,-1950.12854,21.0,2.0
11633.070312,4254.253906,4377.541504,3989.445312,-118.513832,-811.506348,-943.294617,-36.254421,-1954.138184,21.0,2.0
11636.530273,4249.252441,4377.624512,3989.500977,-118.226303,-812.036743,-944.320251,-37.080307,-1949.085083,21.0,2.0
11639.919922,4249.008301,4377.656738,3990.641846,-119.341652,-812.286987,-944.55426,-36.918617,-1948.796021,21.0,2.0
11643.379883,4255.086426,4377.098633,3989.851074,-120.738846,-812.789185,-945.596558,-38.22583,-1949.085449,21.0,2.0
11646.780273,4254.712402,4376.630859,3989.795898,-119.652023,-814.083923,-946.492859,-39.285793,-1953.530396,21.0,2.0
11650.219727,4254.786133,4376.094238,3989.765137,-120.927605,-814.896545,-947.201233,-40.442886,-1954.178467,21.0,2.0
11653.629883,4253.595215,4375.151855,3989.533936,-122.132561,-815.484497,-948.98999,-41.530144,-1950.800537,21.0,2.0
11657.129883,4247.978516,4374.965332,3989.39209,-123.645256,-816.852844,-949.523254,-42.482872,-1952.815552,21.0,2.0
11660.530273,4247.445312,4374.229004,3989.574463,-121.52877,-817.159668,-950.380127,-43.550011,-1948.273315,21.0,2.0
11663.969727,4247.873047,4374.117187,3989.685791,-123.160553,-817.457397,-950.861023,-44.279984,-1957.441528,21.0,2.0
11667.419922,4254.007812,4373.795898,3989.499268,-124.422043,-818.430481,-951.399597,-44.788689,-1955.893799,21.0,2.0
11670.820312,4253.239258,4373.194824,3989.900879,-126.193436,-819.732971,-952.630676,-45.807243,-1954.300293,21.0,2.0
11674.280273,4253.418945,4372.384766,3989.203369,-126.165543,-820.950073,-954.143738,-47.280087,-1956.170776,21.0,2.0
11677.669922,4252.004883,4372.156738,3988.955322,-127.49778,-821.033325,-953.975891,-47.313324,-1955.567871,21.0,2.0
11681.129883,4246.473145,4371.996582,3989.521973,-125.614395,-821.153137,-954.789246,-48.116089,-1954.574219,21.0,2.0
11684.530273,4246.481445,4371.72168,3989.572021,-125.803406,-821.946228,-955.692383,-48.853912,-1958.703125,21.0,2.0
11687.969727,4246.187988,4371.470703,3989.337402,-125.886414,-822.573486,-956.586121,-50.953178,-1954.79126,21.0,2.0
11691.379883,4245.513184,4370.932129,3988.911865,-128.356522,-822.998779,-957.009766,-49.968575,-1955.765381,21.0,2.0
11694.820312,4245.788086,4370.820801,3988.727051,-128.310181,-823.520752,-957.778076,-51.384705,-1960.017212,21.0,2.0
11698.219727,4245.651855,4370.335449,3989.018066,-129.521652,-823.959839,-958.606079,-51.771545,-1964.064453,21.0,2.0
11701.669922,4245.645996,4369.776367,3988.459229,-129.625793,-824.920593,-959.181519,-52.440228,-1962.237915,21.0,2.0
11705.070312,4244.936035,4369.695801,3989.053467,-129.510574,-825.493347,-960.200073,-53.246872,-1961.182373,21.0,2.0
11708.530273,4245.398437,4369.093262,3988.325684,-128.632095,-825.370972,-960.468018,-53.249245,-1966.447632,21.0,2.0
11711.969727,4245.148926,4369.022461,3988.724854,-130.299942,-825.906982,-960.61377,-53.814293,-1966.051514,21.0,2.0
11715.379883,4244.213379,4368.584473,3988.556396,-130.911743,-826.235657,-961.827087,-54.503792,-1960.26416,21.0,2.0
11718.820312,4244.741699,4368.13623,3988.427979,-130.587433,-827.151184,-961.958496,-55.051357,-1964.652344,21.0,2.0
11722.219727,4244.364746,4368.246582,3988.242432,-132.539474,-826.986816,-962.768616,-55.505981,-1973.57959,21.0,2.0
11725.669922,4244.849609,4367.95166,3988.209229,-132.007065,-827.526611,-963.114197,-56.171444,-1966.537354,21.0,2.0
11729.030273,4243.983398,4368.007324,3988.184082,-129.942093,-828.121216,-963.340881,-56.393528,-1963.710205,21.0,2.0
11732.469727,4244.723633,4367.476074,3988.486572,-131.99588,-827.869324,-964.060364,-57.303944,-1964.442871,21.0,2.0
11735.820312,4243.794434,4367.262207,3988.023193,-131.286774,-828.177795,-964.527954,-57.58672,-1968.347778,21.0,2.0
11739.280273,4244.410156,4366.899414,3988.207764,-132.987488,-829.039673,-965.283325,-58.26363,-1964.785645,21.0,2.0
11742.669922,4249.271484,4366.063477,3987.698975,-132.714661,-829.056519,-965.472351,-58.684765,-1963.549927,21.0,2.0
11746.129883,4243.737793,4366.103516,3987.678223,-134.42247,-829.604431,-966.313599,-59.264034,-1966.62439,21.0,2.0
11749.629883,4243.563477,4365.707031,3987.672607,-133.773132,-830.574402,-967.285583,-60.274544,-1970.781372,21.0,2.0
11753.030273,4243.112793,4365.64209,3987.619141,-133.431885,-831.05011,-967.009705,-60.51112,-1969.141113,21.0,2.0
11756.469727,4243.105957,4365.375488,3987.256836,-134.53952,-831.601013,-968.348328,-61.88232,-1967.065308,21.0,2.0
11759.879883,4242.739746,4365.382324,3987.514648,-134.216553,-831.091064,-967.159058,-60.109627,-1971.109253,21.0,2.0
11763.379883,4243.328125,4364.888672,3987.41333,-135.348343,-831.810486,-968.671265,-62.290493,-1972.732788,21.0,2.0
11766.780273,4242.616699,4364.473145,3987.486328,-133.751373,-833.163696,-970.167297,-63.529125,-1973.505615,21.0,2.0
11770.219727,4242.273926,4364.132812,3986.737549,-134.898209,-833.724182,-971.089722,-64.644814,-1975.351318,21.0,2.0
11773.629883,4247.722168,4363.839844,3987.108154,-136.49408,-834.257141,-971.569153,-65.381401,-1976.50415,21.0,2.0
11777.070312,4242.183105,4363.272949,3986.35498,-135.718018,-834.998169,-972.620728,-66.751617,-1977.79187,21.0,2.0
11780.469727,4241.001465,4362.875,3986.323486,-138.440475,-835.893555,-973.069153,-66.840317,-1975.355225,21.0,2.0
11783.919922,4241.065918,4362.766113,3986.0979,-138.716965,-836.359802,-973.671997,-67.876396,-1978.733765,21.0,2.0
11787.320312,4240.436035,4362.104004,3985.83252,-137.687454,-837.126038,-974.567871,-69.044716,-1975.420898,21.0,2.0
11790.780273,4241.459473,4362.481445,3986.535889,-138.661423,-837.219604,-975.201477,-69.284477,-1977.544067,21.0,2.0
11794.219727,4241.65918,4362.141113,3986.516846,-138.946198,-837.34198,-975.467712,-69.998039,-1980.657593,21.0,2.0
11797.629883,4240.21875,4361.031738,3986.485352,-141.123596,-838.205383,-976.710022,-70.647202,-1989.51062,21.0,2.0
11801.129883,4241.307617,4361.241211,3986.480225,-141.835312,-838.788269,-977.26416,-71.343773,-1986.051025,21.0,2.0
11804.530273,4239.92334,4360.189941,3985.681641,-141.457153,-840.243103,-978.444458,-72.783806,-1979.334229,21.0,2.0
11807.969727,4240.048828,4360.149414,3985.661133,-144.432953,-840.901367,-979.575195,-73.96376,-1985.3479,21.0,2.0
11811.379883,4239.771973,4359.418945,3985.78125,-142.399277,-841.298889,-980.305725,-74.96814,-1990.434082,21.0,2.0
11814.820312,4239.818359,4358.956055,3985.552979,-144.770721,-842.855225,-981.480774,-76.039635,-1985.895874,21.0,2.0
11818.320312,4237.255371,4359.312988,3985.879395,-149.020889,-845.611145,-985.174805,-80.452126,-1992.055664,22.0,1.0
11821.719727,4239.574219,4357.953125,3985.468018,-149.002487,-846.149292,-986.08075,-81.140953,-1994.036743,22.0,1.0
11825.129883,4238.683105,4357.113281,3985.400391,-151.692642,-847.20929,-986.660767,-81.500595,-1995.540405,22.0,1.0
11828.570312,4238.956543,4356.759277,3985.196045,-152.743057,-848.13623,-987.747375,-82.986031,-1997.139404,22.0,1.0
11832.030273,4238.990723,4356.695312,3985.643555,-151.846741,-848.767883,-988.137939,-83.144386,-1997.102417,22.0,1.0
11835.419922,4237.734375,4356.085449,3985.567627,-153.353775,-849.34259,-989.205383,-84.198357,-1989.946411,22.0,1.0
11838.879883,4238.331055,4356.19873,3985.668701,-153.236862,-849.646057,-989.348083,-84.685394,-1989.770386,22.0,1.0
11842.280273,4244.895508,4356.001953,3985.800049,-153.699753,-850.171021,-989.762512,-85.349159,-1997.178955,22.0,1.0
11845.719727,4244.918945,4355.607422,3985.83667,-154.996384,-850.919006,-990.239319,-85.430489,-1998.513184,22.0,1.0
11849.129883,4244.333984,4355.429199,3986.018066,-155.51503,-850.949463,-990.909302,-86.330223,-1992.586548,22.0,1.0
11852.570312,4244.810547,4355.197266,3986.06543,-156.123108,-852.195801,-991.684998,-87.078789,-1993.818115,22.0,1.0
11855.969727,4243.874512,4354.395996,3985.57251,-158.180405,-852.801575,-992.207336,-87.956398,-1993.318848,22.0,1.0
11859.419922,4237.523926,4354.749023,3985.765625,-157.407455,-852.51416,-992.667603,-88.513275,-1998.170776,22.0,1.0
11862.820312,4236.544922,4353.967285,3985.15918,-158.651505,-853.881287,-993.687195,-89.716354,-1990.364136,22.0,1.0
11866.280273,4237.047363,4353.705566,3984.793945,-157.784103,-853.97876,-994.113831,-89.708107,-1999.481689,22.0,1.0
11869.669922,4235.869141,4352.897461,3985.550049,-157.835571,-854.460754,-994.367371,-90.293365,-2013.669434,22.0,1.0
11873.129883,4243.558594,4352.729004,3985.145996,-159.009338,-854.471252,-994.789429,-90.60965,-2001.657227,22.0,1.0
11876.570312,4243.812012,4352.942383,3985.116455,-160.420074,-855.163269,-994.878113,-91.102859,-1996.282227,22.0,1.0
11879.969727,4243.115234,4352.738281,3985.434082,-159.812454,-855.379761,-995.008301,-91.737808,-1999.936157,22.0,1.0
11883.419922,4236.748047,4352.259277,3985.168213,-160.393906,-856.043213,-995.606445,-91.779778,-1995.939575,22.0,1.0
11886.820312,4235.855957,4351.593262,3985.163818,-160.014908,-855.633423,-994.494385,-90.45784,-1998.352295,22.0,1.0
11890.280273,4235.697266,4350.721191,3985.076172,-159.766998,-855.178162,-993.600098,-88.990875,-1995.766235,22.0,1.0
11893.669922,4234.569824,4350.186523,3985.184326,-159.812469,-854.686462,-993.611023,-89.193916,-1992.846313,22.0,1.0
11897.129883,4234.681152,4349.538574,3984.682373,-159.86763,-854.582642,-993.257202,-88.968887,-1994.025635,22.0,1.0
11900.530273,4233.764648,4349.352051,3984.4375,-159.35495,-855.038147,-993.651001,-89.129837,-1994.460693,22.0,1.0
11903.969727,4233.561523,4348.479004,3984.264648,-160.485367,-855.650085,-994.530884,-90.046288,-2003.192261,22.0,1.0
11907.379883,4232.751953,4348.251465,3983.858398,-161.972946,-856.055115,-994.578308,-90.556572,-2000.241577,22.0,1.0
11910.820312,4232.608398,4347.61377,3984.002197,-162.472839,-856.518555,-994.992126,-91.22641,-1999.158203,22.0,1.0
11914.280273,4232.507324,4347.091309,3983.709717,-161.248581,-856.386047,-995.482239,-91.505768,-1999.130859,22.0,1.0
11917.669922,4231.745605,4347.119141,3984.13623,-161.972198,-856.441711,-994.987183,-91.32061,-1997.715088,22.0,1.0
11921.070312,4231.571777,4346.604004,3984.134766,-161.150787,-857.120239,-995.763123,-92.045265,-1999.713379,22.0,1.0
11924.469727,4231.180664,4346.341309,3983.782471,-162.652466,-857.70575,-996.060791,-92.199738,-1995.096191,22.0,1.0
11927.919922,4231.555176,4346.100098,3983.780518,-162.113907,-857.90863,-996.547791,-92.622101,-1995.018066,22.0,1.0
11931.320312,4230.190918,4345.772461,3983.471436,-160.845108,-858.256531,-996.94342,-93.479881,-1995.448853,22.0,1.0
11934.780273,4230.819824,4345.361816,3983.68335,-162.240891,-857.956238,-996.910461,-93.295341,-2000.532227,22.0,1.0
11938.169922,4230.121094,4345.415527,3983.101074,-161.928574,-858.457947,-997.001526,-93.355339,-1996.754028,22.0,1.0
